AUDIT txn=1 account=11 amount=447.77 APPROVED
AUDIT txn=2 account=19 amount=487.69 APPROVED
AUDIT txn=3 account=16 amount=238.46 APPROVED
AUDIT txn=4 account=1 amount=247.93 DECLINED reason=SCORE_DECLINE
AUDIT txn=5 account=12 amount=484.46 DECLINED reason=SCORE_DECLINE
AUDIT txn=6 account=9 amount=126.59 APPROVED
AUDIT txn=7 account=15 amount=203.93 DECLINED reason=CHECK_ERROR
AUDIT txn=8 account=2 amount=425.49 APPROVED
AUDIT txn=9 account=5 amount=200.62 APPROVED
AUDIT txn=10 account=12 amount=19665.09 APPROVED
AUDIT txn=11 account=3 amount=11696.78 APPROVED
AUDIT txn=12 account=6 amount=477.94 APPROVED
AUDIT txn=13 account=4 amount=376.50 APPROVED
AUDIT txn=14 account=17 amount=127.59 APPROVED
AUDIT txn=15 account=16 amount=358.20 APPROVED
AUDIT txn=16 account=11 amount=219.05 APPROVED
AUDIT txn=17 account=19 amount=353.55 APPROVED
AUDIT txn=18 account=7 amount=153.04 DECLINED reason=CHECK_ERROR
AUDIT txn=19 account=3 amount=449.47 APPROVED
AUDIT txn=20 account=13 amount=155.43 APPROVED
AUDIT txn=21 account=4 amount=16625.74 DECLINED reason=FRAUD_TIMEOUT
AUDIT txn=22 account=4 amount=25.10 APPROVED
AUDIT txn=23 account=19 amount=123.47 APPROVED
AUDIT txn=24 account=18 amount=460.98 DECLINED reason=SCORE_DECLINE
AUDIT txn=25 account=15 amount=69.74 DECLINED reason=CHECK_ERROR
AUDIT txn=26 account=3 amount=498.15 APPROVED
AUDIT txn=27 account=19 amount=192.76 DECLINED reason=SCORE_DECLINE
AUDIT txn=28 account=18 amount=212.46 APPROVED
AUDIT txn=29 account=5 amount=73.86 APPROVED
AUDIT txn=30 account=4 amount=363.77 APPROVED
AUDIT txn=31 account=3 amount=131.15 APPROVED
AUDIT txn=32 account=18 amount=10995.66 APPROVED
AUDIT txn=33 account=15 amount=237.03 APPROVED
AUDIT txn=34 account=11 amount=32.60 APPROVED
AUDIT txn=35 account=3 amount=364.29 DECLINED reason=SCORE_DECLINE
AUDIT txn=36 account=7 amount=362.68 DECLINED reason=CHECK_ERROR
AUDIT txn=37 account=10 amount=13157.14 APPROVED
AUDIT txn=38 account=10 amount=201.05 APPROVED
AUDIT txn=39 account=20 amount=413.01 APPROVED
AUDIT txn=40 account=13 amount=396.01 DECLINED reason=CHECK_ERROR
AUDIT txn=41 account=12 amount=288.97 DECLINED reason=SCORE_DECLINE
AUDIT txn=1 account=8 amount=271.40 APPROVED
AUDIT txn=2 account=19 amount=76.79 APPROVED
AUDIT txn=3 account=4 amount=355.57 APPROVED
AUDIT txn=4 account=18 amount=11.22 APPROVED
AUDIT txn=5 account=2 amount=86.89 APPROVED
AUDIT txn=6 account=20 amount=22.24 APPROVED
AUDIT txn=7 account=11 amount=349.69 APPROVED
AUDIT txn=8 account=4 amount=279.94 APPROVED
AUDIT txn=9 account=1 amount=8.50 APPROVED
AUDIT txn=10 account=17 amount=90.32 APPROVED
AUDIT txn=11 account=20 amount=356.19 APPROVED
AUDIT txn=12 account=17 amount=353.07 APPROVED
AUDIT txn=13 account=19 amount=420.00 APPROVED
AUDIT txn=14 account=9 amount=365.58 APPROVED
AUDIT txn=15 account=19 amount=186.90 APPROVED
AUDIT txn=16 account=15 amount=280.46 APPROVED
AUDIT txn=17 account=19 amount=348.64 APPROVED
AUDIT txn=18 account=6 amount=395.01 APPROVED
AUDIT txn=19 account=10 amount=136.52 APPROVED
AUDIT txn=20 account=12 amount=32.52 APPROVED
AUDIT txn=21 account=6 amount=325.63 APPROVED
AUDIT txn=22 account=10 amount=145.92 APPROVED
AUDIT txn=23 account=16 amount=102.60 DECLINED reason=CHECK_ERROR
AUDIT txn=24 account=3 amount=216.73 APPROVED
AUDIT txn=25 account=20 amount=310.64 DECLINED reason=CHECK_ERROR
AUDIT txn=26 account=10 amount=149.06 APPROVED
AUDIT txn=27 account=3 amount=343.77 APPROVED
AUDIT txn=28 account=10 amount=402.40 APPROVED
AUDIT txn=29 account=10 amount=363.46 APPROVED
AUDIT txn=30 account=17 amount=314.13 APPROVED
AUDIT txn=31 account=16 amount=218.71 APPROVED
AUDIT txn=32 account=6 amount=154.06 APPROVED
AUDIT txn=33 account=8 amount=366.67 APPROVED
AUDIT txn=34 account=4 amount=37.47 APPROVED
AUDIT txn=35 account=10 amount=229.68 APPROVED
AUDIT txn=1 account=12 amount=272.88 APPROVED
AUDIT txn=2 account=11 amount=69.10 APPROVED
AUDIT txn=3 account=2 amount=472.12 APPROVED
AUDIT txn=4 account=6 amount=491.49 APPROVED
AUDIT txn=5 account=3 amount=481.33 APPROVED
AUDIT txn=6 account=11 amount=294.56 APPROVED
AUDIT txn=7 account=17 amount=29.65 APPROVED
AUDIT txn=8 account=20 amount=240.67 APPROVED
AUDIT txn=9 account=20 amount=319.06 DECLINED reason=SCORE_DECLINE
AUDIT txn=10 account=16 amount=453.09 APPROVED
AUDIT txn=11 account=1 amount=336.35 APPROVED
AUDIT txn=12 account=20 amount=52.97 APPROVED
AUDIT txn=13 account=13 amount=52.39 APPROVED
AUDIT txn=14 account=18 amount=70.55 APPROVED
AUDIT txn=15 account=12 amount=48.13 APPROVED
AUDIT txn=16 account=11 amount=327.92 APPROVED
AUDIT txn=17 account=16 amount=452.00 APPROVED
AUDIT txn=18 account=11 amount=13.74 APPROVED
AUDIT txn=19 account=8 amount=258.42 APPROVED
AUDIT txn=20 account=19 amount=154.12 DECLINED reason=CHECK_ERROR
AUDIT txn=21 account=6 amount=47.17 APPROVED
AUDIT txn=22 account=16 amount=134.63 APPROVED
AUDIT txn=23 account=17 amount=316.99 APPROVED
AUDIT txn=24 account=12 amount=117.69 DECLINED reason=FRAUD_TIMEOUT
AUDIT txn=25 account=4 amount=57.70 APPROVED
AUDIT txn=26 account=16 amount=338.48 APPROVED
AUDIT txn=27 account=6 amount=340.35 APPROVED
AUDIT txn=28 account=1 amount=496.86 APPROVED
AUDIT txn=29 account=11 amount=253.89 APPROVED
AUDIT txn=30 account=15 amount=497.55 APPROVED
AUDIT txn=31 account=2 amount=208.05 APPROVED
AUDIT txn=32 account=14 amount=40.51 APPROVED
AUDIT txn=33 account=16 amount=281.10 DECLINED reason=SCORE_DECLINE
AUDIT txn=34 account=11 amount=269.12 APPROVED
AUDIT txn=35 account=19 amount=470.45 APPROVED
AUDIT txn=36 account=2 amount=293.24 APPROVED
AUDIT txn=37 account=2 amount=213.38 APPROVED
AUDIT txn=38 account=6 amount=302.86 APPROVED
AUDIT txn=39 account=19 amount=43.70 APPROVED
AUDIT txn=40 account=12 amount=497.59 APPROVED
AUDIT txn=41 account=20 amount=275.58 APPROVED
AUDIT txn=42 account=6 amount=320.62 APPROVED
AUDIT txn=43 account=12 amount=250.74 APPROVED
AUDIT txn=44 account=1 amount=30.35 DECLINED reason=SCORE_DECLINE
AUDIT txn=45 account=4 amount=209.93 APPROVED
AUDIT txn=46 account=15 amount=30.13 APPROVED
AUDIT txn=47 account=18 amount=85.81 APPROVED
AUDIT txn=48 account=6 amount=5.31 DECLINED reason=CHECK_ERROR
AUDIT txn=49 account=8 amount=87.61 DECLINED reason=SCORE_DECLINE
AUDIT txn=50 account=12 amount=239.07 APPROVED
AUDIT txn=51 account=1 amount=7.14 APPROVED
AUDIT txn=52 account=17 amount=169.71 APPROVED
AUDIT txn=53 account=14 amount=11.99 APPROVED
AUDIT txn=54 account=17 amount=131.92 DECLINED reason=CHECK_ERROR
AUDIT txn=55 account=19 amount=492.17 APPROVED
AUDIT txn=56 account=19 amount=175.97 APPROVED
AUDIT txn=57 account=14 amount=462.49 APPROVED
AUDIT txn=58 account=17 amount=67.55 APPROVED
AUDIT txn=59 account=2 amount=148.33 APPROVED
AUDIT txn=60 account=11 amount=387.46 APPROVED
AUDIT txn=61 account=15 amount=210.72 APPROVED
AUDIT txn=62 account=4 amount=156.43 APPROVED
AUDIT txn=63 account=7 amount=424.71 APPROVED
AUDIT txn=64 account=7 amount=258.90 APPROVED
AUDIT txn=65 account=6 amount=62.52 DECLINED reason=SCORE_DECLINE
AUDIT txn=66 account=17 amount=299.10 APPROVED
AUDIT txn=67 account=16 amount=68.62 APPROVED
AUDIT txn=68 account=14 amount=106.21 DECLINED reason=SCORE_DECLINE
AUDIT txn=69 account=4 amount=436.62 APPROVED
AUDIT txn=70 account=8 amount=109.91 APPROVED
AUDIT txn=71 account=14 amount=66.64 APPROVED
AUDIT txn=72 account=7 amount=273.01 DECLINED reason=SCORE_DECLINE
AUDIT txn=73 account=11 amount=260.85 APPROVED
AUDIT txn=74 account=9 amount=104.03 APPROVED
AUDIT txn=1 account=9 amount=274.93 APPROVED
AUDIT txn=2 account=1 amount=47.75 APPROVED
AUDIT txn=5 account=20 amount=120.34 APPROVED
AUDIT txn=3 account=3 amount=223.42 APPROVED
AUDIT txn=4 account=14 amount=14.44 APPROVED
AUDIT txn=6 account=3 amount=406.76 DECLINED reason=SCORE_DECLINE
AUDIT txn=7 account=3 amount=339.14 DECLINED reason=SCORE_DECLINE
AUDIT txn=8 account=9 amount=22.89 APPROVED
AUDIT txn=9 account=15 amount=417.71 APPROVED
AUDIT txn=11 account=4 amount=474.02 APPROVED
AUDIT txn=12 account=19 amount=297.72 APPROVED
AUDIT txn=13 account=19 amount=224.37 APPROVED
AUDIT txn=10 account=19 amount=407.50 APPROVED
AUDIT txn=25 account=15 amount=359.63 APPROVED
AUDIT txn=14 account=6 amount=140.61 APPROVED
AUDIT txn=16 account=8 amount=446.66 APPROVED
AUDIT txn=18 account=9 amount=131.43 DECLINED reason=SCORE_DECLINE
AUDIT txn=17 account=11 amount=177.32 APPROVED
AUDIT txn=15 account=2 amount=286.82 DECLINED reason=SCORE_DECLINE
AUDIT txn=21 account=8 amount=48.04 APPROVED
AUDIT txn=19 account=7 amount=288.11 APPROVED
AUDIT txn=24 account=11 amount=300.51 DECLINED reason=FRAUD_TIMEOUT
AUDIT txn=23 account=8 amount=125.09 APPROVED
AUDIT txn=22 account=7 amount=140.09 APPROVED
AUDIT txn=31 account=3 amount=244.27 DECLINED reason=SCORE_DECLINE
AUDIT txn=20 account=18 amount=72.50 APPROVED
AUDIT txn=38 account=19 amount=260.31 APPROVED
AUDIT txn=26 account=16 amount=384.03 APPROVED
AUDIT txn=32 account=4 amount=197.21 APPROVED
AUDIT txn=29 account=12 amount=402.21 APPROVED
AUDIT txn=28 account=8 amount=201.53 DECLINED reason=CHECK_ERROR
AUDIT txn=27 account=8 amount=462.31 APPROVED
AUDIT txn=30 account=10 amount=89.50 APPROVED
AUDIT txn=45 account=19 amount=462.94 DECLINED reason=SCORE_DECLINE
AUDIT txn=33 account=9 amount=369.47 APPROVED
AUDIT txn=37 account=10 amount=436.39 APPROVED
AUDIT txn=34 account=19 amount=188.89 APPROVED
AUDIT txn=35 account=2 amount=476.99 APPROVED
AUDIT txn=40 account=14 amount=348.14 APPROVED
AUDIT txn=36 account=10 amount=147.51 APPROVED
AUDIT txn=39 account=6 amount=187.35 APPROVED
AUDIT txn=41 account=8 amount=410.27 APPROVED
AUDIT txn=52 account=14 amount=18.31 APPROVED
AUDIT txn=42 account=8 amount=268.10 APPROVED
AUDIT txn=43 account=16 amount=247.26 DECLINED reason=SCORE_DECLINE
AUDIT txn=44 account=6 amount=37.69 DECLINED reason=CHECK_ERROR
AUDIT txn=47 account=6 amount=75.87 DECLINED reason=SCORE_DECLINE
AUDIT txn=50 account=7 amount=126.32 APPROVED
AUDIT txn=49 account=16 amount=432.03 APPROVED
AUDIT txn=46 account=14 amount=7.66 APPROVED
AUDIT txn=48 account=5 amount=302.81 APPROVED
AUDIT txn=51 account=14 amount=127.27 APPROVED
AUDIT txn=54 account=17 amount=431.00 APPROVED
AUDIT txn=55 account=17 amount=7.20 APPROVED
AUDIT txn=53 account=11 amount=384.06 APPROVED
AUDIT txn=58 account=2 amount=17648.66 DECLINED reason=SCORE_DECLINE
AUDIT txn=56 account=9 amount=71.65 APPROVED
AUDIT txn=67 account=17 amount=169.37 APPROVED
AUDIT txn=57 account=19 amount=150.43 APPROVED
AUDIT txn=63 account=19 amount=281.21 APPROVED
AUDIT txn=61 account=11 amount=329.08 APPROVED
AUDIT txn=59 account=17 amount=242.70 DECLINED reason=SCORE_DECLINE
AUDIT txn=60 account=15 amount=486.66 APPROVED
AUDIT txn=62 account=14 amount=315.40 APPROVED
AUDIT txn=66 account=14 amount=321.09 APPROVED
AUDIT txn=64 account=13 amount=471.11 APPROVED
AUDIT txn=65 account=10 amount=351.43 DECLINED reason=SCORE_DECLINE
AUDIT txn=68 account=14 amount=148.48 DECLINED reason=SCORE_DECLINE
AUDIT txn=70 account=13 amount=240.80 APPROVED
AUDIT txn=72 account=6 amount=19494.27 APPROVED
AUDIT txn=79 account=8 amount=193.26 APPROVED
AUDIT txn=73 account=11 amount=17.33 DECLINED reason=SCORE_DECLINE
AUDIT txn=71 account=19 amount=275.95 APPROVED
AUDIT txn=74 account=3 amount=23.54 APPROVED
AUDIT txn=69 account=1 amount=45.98 APPROVED
AUDIT txn=76 account=16 amount=26.21 APPROVED
AUDIT txn=77 account=8 amount=419.29 APPROVED
AUDIT txn=78 account=15 amount=149.09 APPROVED
AUDIT txn=75 account=10 amount=425.83 APPROVED
AUDIT txn=80 account=1 amount=389.15 APPROVED
AUDIT txn=85 account=1 amount=371.99 APPROVED
AUDIT txn=81 account=6 amount=300.65 APPROVED
AUDIT txn=82 account=7 amount=294.60 APPROVED
AUDIT txn=84 account=3 amount=53.69 APPROVED
AUDIT txn=83 account=20 amount=93.12 APPROVED
AUDIT txn=86 account=14 amount=498.99 APPROVED
AUDIT txn=88 account=13 amount=19733.52 APPROVED
AUDIT txn=90 account=12 amount=49.92 APPROVED
AUDIT txn=87 account=17 amount=41.11 APPROVED
AUDIT txn=93 account=10 amount=50.63 APPROVED
AUDIT txn=89 account=2 amount=399.98 APPROVED
AUDIT txn=91 account=6 amount=262.89 APPROVED
AUDIT txn=102 account=18 amount=429.35 APPROVED
AUDIT txn=96 account=9 amount=194.25 DECLINED reason=SCORE_DECLINE
AUDIT txn=94 account=2 amount=6.37 APPROVED
AUDIT txn=92 account=3 amount=145.75 APPROVED
AUDIT txn=95 account=16 amount=309.45 APPROVED
AUDIT txn=97 account=2 amount=19545.79 APPROVED
AUDIT txn=101 account=19 amount=146.57 DECLINED reason=CHECK_ERROR
AUDIT txn=99 account=7 amount=462.17 APPROVED
AUDIT txn=98 account=13 amount=110.75 APPROVED
AUDIT txn=100 account=19 amount=393.83 APPROVED
AUDIT txn=103 account=5 amount=249.04 APPROVED
AUDIT txn=104 account=14 amount=491.66 APPROVED
AUDIT txn=106 account=8 amount=261.67 APPROVED
AUDIT txn=105 account=3 amount=384.63 APPROVED
AUDIT txn=107 account=14 amount=63.02 APPROVED
AUDIT txn=110 account=15 amount=397.06 APPROVED
AUDIT txn=112 account=15 amount=165.35 APPROVED
AUDIT txn=113 account=1 amount=49.34 APPROVED
AUDIT txn=111 account=15 amount=437.16 APPROVED
AUDIT txn=108 account=16 amount=113.25 APPROVED
AUDIT txn=117 account=8 amount=322.74 DECLINED reason=SCORE_DECLINE
AUDIT txn=109 account=2 amount=367.55 APPROVED
AUDIT txn=116 account=17 amount=337.43 DECLINED reason=SCORE_DECLINE
AUDIT txn=115 account=12 amount=434.75 DECLINED reason=CHECK_ERROR
AUDIT txn=114 account=9 amount=259.43 APPROVED
AUDIT txn=120 account=16 amount=274.19 APPROVED
AUDIT txn=119 account=1 amount=278.86 APPROVED
AUDIT txn=118 account=17 amount=88.35 DECLINED reason=CHECK_ERROR
AUDIT txn=122 account=10 amount=309.65 DECLINED reason=CHECK_ERROR
AUDIT txn=123 account=2 amount=228.45 APPROVED
AUDIT txn=134 account=20 amount=19811.17 DECLINED reason=SCORE_DECLINE
AUDIT txn=121 account=14 amount=473.04 DECLINED reason=CHECK_ERROR
AUDIT txn=125 account=16 amount=489.89 APPROVED
AUDIT txn=127 account=3 amount=455.16 APPROVED
AUDIT txn=126 account=6 amount=323.05 APPROVED
AUDIT txn=124 account=6 amount=483.93 APPROVED
AUDIT txn=130 account=3 amount=182.14 APPROVED
AUDIT txn=129 account=12 amount=7.01 APPROVED
AUDIT txn=128 account=15 amount=479.96 APPROVED
AUDIT txn=133 account=20 amount=85.47 APPROVED
AUDIT txn=131 account=9 amount=118.02 DECLINED reason=SCORE_DECLINE
AUDIT txn=132 account=4 amount=86.15 APPROVED
AUDIT txn=137 account=10 amount=445.32 APPROVED
AUDIT txn=136 account=11 amount=332.22 DECLINED reason=SCORE_DECLINE
AUDIT txn=135 account=16 amount=266.25 APPROVED
AUDIT txn=139 account=11 amount=284.21 APPROVED
AUDIT txn=138 account=10 amount=149.22 DECLINED reason=SCORE_DECLINE
AUDIT txn=141 account=12 amount=131.85 DECLINED reason=SCORE_DECLINE
AUDIT txn=140 account=20 amount=482.20 APPROVED
AUDIT txn=154 account=1 amount=442.14 APPROVED
AUDIT txn=143 account=20 amount=277.48 APPROVED
AUDIT txn=147 account=9 amount=144.14 APPROVED
AUDIT txn=142 account=12 amount=354.29 APPROVED
AUDIT txn=144 account=4 amount=304.13 APPROVED
AUDIT txn=159 account=11 amount=126.32 APPROVED
AUDIT txn=145 account=9 amount=304.37 DECLINED reason=SCORE_DECLINE
AUDIT txn=146 account=10 amount=49.57 APPROVED
AUDIT txn=148 account=3 amount=143.30 APPROVED
AUDIT txn=150 account=3 amount=17437.35 APPROVED
AUDIT txn=149 account=12 amount=310.59 APPROVED
AUDIT txn=152 account=19 amount=359.47 APPROVED
AUDIT txn=155 account=14 amount=492.89 APPROVED
AUDIT txn=153 account=1 amount=439.64 APPROVED
AUDIT txn=151 account=4 amount=310.28 APPROVED
AUDIT txn=158 account=13 amount=243.57 APPROVED
AUDIT txn=156 account=5 amount=51.66 APPROVED
AUDIT txn=163 account=4 amount=59.76 APPROVED
AUDIT txn=157 account=18 amount=127.03 APPROVED
AUDIT txn=160 account=16 amount=11426.99 APPROVED
AUDIT txn=161 account=12 amount=37.06 APPROVED
AUDIT txn=162 account=7 amount=271.61 APPROVED
AUDIT txn=166 account=1 amount=117.03 APPROVED
AUDIT txn=176 account=17 amount=123.56 APPROVED
AUDIT txn=165 account=7 amount=312.19 APPROVED
AUDIT txn=164 account=16 amount=361.62 DECLINED reason=SCORE_DECLINE
AUDIT txn=167 account=6 amount=498.16 APPROVED
AUDIT txn=168 account=16 amount=243.18 DECLINED reason=SCORE_DECLINE
AUDIT txn=170 account=20 amount=11851.66 APPROVED
AUDIT txn=169 account=3 amount=44.95 DECLINED reason=SCORE_DECLINE
AUDIT txn=175 account=10 amount=46.29 APPROVED
AUDIT txn=172 account=19 amount=148.07 APPROVED
AUDIT txn=173 account=20 amount=435.44 APPROVED
AUDIT txn=171 account=6 amount=323.05 APPROVED
AUDIT txn=182 account=15 amount=121.99 APPROVED
AUDIT txn=174 account=17 amount=387.63 APPROVED
AUDIT txn=177 account=8 amount=211.49 APPROVED
AUDIT txn=193 account=9 amount=157.83 APPROVED
AUDIT txn=180 account=19 amount=141.62 APPROVED
AUDIT txn=178 account=7 amount=46.81 APPROVED
AUDIT txn=179 account=7 amount=359.00 APPROVED
AUDIT txn=185 account=8 amount=227.48 DECLINED reason=CHECK_ERROR
AUDIT txn=183 account=19 amount=421.31 APPROVED
AUDIT txn=186 account=7 amount=343.47 APPROVED
AUDIT txn=187 account=9 amount=217.38 APPROVED
AUDIT txn=184 account=10 amount=285.72 APPROVED
AUDIT txn=181 account=12 amount=433.53 DECLINED reason=FRAUD_TIMEOUT
AUDIT txn=196 account=5 amount=346.81 APPROVED
AUDIT txn=190 account=14 amount=220.39 APPROVED
AUDIT txn=188 account=9 amount=53.32 DECLINED reason=SCORE_DECLINE
AUDIT txn=191 account=20 amount=1.07 DECLINED reason=CHECK_ERROR
AUDIT txn=189 account=15 amount=257.94 APPROVED
AUDIT txn=194 account=8 amount=427.93 DECLINED reason=SCORE_DECLINE
AUDIT txn=195 account=8 amount=60.11 APPROVED
AUDIT txn=206 account=1 amount=54.23 DECLINED reason=SCORE_DECLINE
AUDIT txn=192 account=8 amount=216.26 APPROVED
AUDIT txn=197 account=15 amount=60.57 APPROVED
AUDIT txn=198 account=5 amount=36.16 APPROVED
AUDIT txn=204 account=8 amount=385.96 DECLINED reason=CHECK_ERROR
AUDIT txn=201 account=10 amount=367.46 APPROVED
AUDIT txn=200 account=11 amount=428.92 APPROVED
AUDIT txn=202 account=11 amount=33.53 APPROVED
AUDIT txn=214 account=6 amount=15169.33 DECLINED reason=LIMIT_DECLINE
AUDIT txn=203 account=1 amount=495.05 APPROVED
AUDIT txn=208 account=2 amount=476.21 DECLINED reason=SCORE_DECLINE
AUDIT txn=207 account=19 amount=265.58 APPROVED
AUDIT txn=199 account=19 amount=485.95 DECLINED reason=FRAUD_TIMEOUT
AUDIT txn=221 account=11 amount=367.52 DECLINED reason=SCORE_DECLINE
AUDIT txn=205 account=1 amount=444.51 APPROVED
AUDIT txn=211 account=7 amount=330.21 APPROVED
AUDIT txn=210 account=16 amount=219.12 APPROVED
AUDIT txn=209 account=15 amount=136.33 APPROVED
AUDIT txn=218 account=7 amount=308.31 APPROVED
AUDIT txn=213 account=9 amount=192.16 APPROVED
AUDIT txn=217 account=5 amount=295.50 DECLINED reason=CHECK_ERROR
AUDIT txn=212 account=9 amount=17091.12 DECLINED reason=SCORE_DECLINE
AUDIT txn=226 account=7 amount=58.22 DECLINED reason=CHECK_ERROR
AUDIT txn=216 account=8 amount=19.09 APPROVED
AUDIT txn=215 account=6 amount=431.92 APPROVED
AUDIT txn=236 account=15 amount=25.85 APPROVED
AUDIT txn=219 account=12 amount=104.44 APPROVED
AUDIT txn=224 account=12 amount=154.83 APPROVED
AUDIT txn=222 account=20 amount=194.98 APPROVED
AUDIT txn=225 account=17 amount=19468.31 APPROVED
AUDIT txn=220 account=9 amount=154.53 APPROVED
AUDIT txn=238 account=19 amount=355.98 APPROVED
AUDIT txn=229 account=14 amount=181.94 APPROVED
AUDIT txn=223 account=15 amount=48.05 APPROVED
AUDIT txn=230 account=10 amount=362.89 APPROVED
AUDIT txn=227 account=4 amount=346.06 APPROVED
AUDIT txn=233 account=2 amount=413.26 APPROVED
AUDIT txn=234 account=6 amount=132.97 APPROVED
AUDIT txn=232 account=1 amount=396.11 APPROVED
AUDIT txn=228 account=14 amount=295.23 APPROVED
AUDIT txn=231 account=16 amount=241.18 APPROVED
AUDIT txn=240 account=13 amount=57.97 APPROVED
AUDIT txn=242 account=20 amount=155.80 APPROVED
AUDIT txn=239 account=4 amount=429.13 APPROVED
AUDIT txn=235 account=2 amount=180.10 DECLINED reason=CHECK_ERROR
AUDIT txn=237 account=20 amount=100.17 APPROVED
AUDIT txn=243 account=8 amount=483.92 APPROVED
AUDIT txn=241 account=12 amount=121.87 APPROVED
AUDIT txn=245 account=19 amount=364.76 APPROVED
AUDIT txn=244 account=5 amount=140.49 APPROVED
AUDIT txn=248 account=5 amount=166.67 DECLINED reason=CHECK_ERROR
AUDIT txn=250 account=11 amount=15.98 APPROVED
AUDIT txn=247 account=1 amount=268.99 APPROVED
AUDIT txn=249 account=1 amount=362.61 APPROVED
AUDIT txn=246 account=19 amount=302.59 APPROVED
AUDIT txn=251 account=18 amount=93.04 APPROVED
AUDIT txn=253 account=3 amount=336.27 APPROVED
AUDIT txn=255 account=7 amount=61.57 DECLINED reason=SCORE_DECLINE
AUDIT txn=254 account=6 amount=211.82 APPROVED
AUDIT txn=256 account=1 amount=114.02 APPROVED
AUDIT txn=258 account=7 amount=487.57 APPROVED
AUDIT txn=252 account=9 amount=477.40 APPROVED
AUDIT txn=257 account=6 amount=63.41 APPROVED
AUDIT txn=259 account=5 amount=92.08 APPROVED
AUDIT txn=260 account=10 amount=249.08 APPROVED
AUDIT txn=261 account=12 amount=64.92 APPROVED
AUDIT txn=264 account=19 amount=395.40 APPROVED
AUDIT txn=262 account=6 amount=304.40 APPROVED
AUDIT txn=263 account=8 amount=19797.81 DECLINED reason=SCORE_DECLINE
AUDIT txn=266 account=7 amount=499.51 APPROVED
AUDIT txn=267 account=13 amount=236.01 APPROVED
AUDIT txn=265 account=4 amount=88.76 APPROVED
AUDIT txn=269 account=7 amount=11155.32 APPROVED
AUDIT txn=270 account=7 amount=339.34 APPROVED
AUDIT txn=274 account=5 amount=265.95 APPROVED
AUDIT txn=272 account=13 amount=379.87 APPROVED
AUDIT txn=273 account=8 amount=51.91 DECLINED reason=CHECK_ERROR
AUDIT txn=271 account=4 amount=250.20 APPROVED
AUDIT txn=276 account=2 amount=238.92 APPROVED
AUDIT txn=275 account=6 amount=286.22 DECLINED reason=SCORE_DECLINE
AUDIT txn=268 account=17 amount=155.30 DECLINED reason=FRAUD_TIMEOUT
AUDIT txn=277 account=13 amount=376.10 APPROVED
AUDIT txn=279 account=16 amount=233.07 APPROVED
AUDIT txn=281 account=19 amount=74.29 DECLINED reason=SCORE_DECLINE
AUDIT txn=278 account=8 amount=229.60 APPROVED
AUDIT txn=280 account=5 amount=117.99 APPROVED
AUDIT txn=282 account=20 amount=204.55 APPROVED
AUDIT txn=283 account=2 amount=317.02 APPROVED
AUDIT txn=284 account=10 amount=322.52 APPROVED
AUDIT txn=285 account=13 amount=248.56 APPROVED
AUDIT txn=288 account=17 amount=18.05 APPROVED
AUDIT txn=286 account=17 amount=213.03 APPROVED
AUDIT txn=290 account=3 amount=86.64 APPROVED
AUDIT txn=291 account=5 amount=492.32 APPROVED
AUDIT txn=287 account=12 amount=489.93 APPROVED
AUDIT txn=292 account=2 amount=359.78 APPROVED
AUDIT txn=289 account=7 amount=16958.77 DECLINED reason=LIMIT_DECLINE
AUDIT txn=295 account=11 amount=472.70 APPROVED
AUDIT txn=298 account=3 amount=179.23 APPROVED
AUDIT txn=293 account=13 amount=104.21 APPROVED
AUDIT txn=294 account=8 amount=50.95 APPROVED
AUDIT txn=296 account=10 amount=415.87 APPROVED
AUDIT txn=297 account=20 amount=223.24 DECLINED reason=SCORE_DECLINE
AUDIT txn=300 account=17 amount=262.01 APPROVED
AUDIT txn=304 account=9 amount=341.29 DECLINED reason=CHECK_ERROR
AUDIT txn=301 account=10 amount=49.30 APPROVED
AUDIT txn=303 account=2 amount=75.61 APPROVED
AUDIT txn=305 account=20 amount=67.79 DECLINED reason=CHECK_ERROR
AUDIT txn=302 account=6 amount=172.36 APPROVED
AUDIT txn=308 account=8 amount=467.37 APPROVED
AUDIT txn=307 account=16 amount=424.86 APPROVED
AUDIT txn=299 account=5 amount=385.84 DECLINED reason=FRAUD_TIMEOUT
AUDIT txn=315 account=12 amount=276.93 APPROVED
AUDIT txn=309 account=5 amount=381.52 APPROVED
AUDIT txn=312 account=6 amount=61.52 APPROVED
AUDIT txn=310 account=20 amount=221.69 APPROVED
AUDIT txn=306 account=17 amount=120.47 APPROVED
AUDIT txn=316 account=9 amount=151.98 APPROVED
AUDIT txn=311 account=16 amount=7.29 APPROVED
AUDIT txn=318 account=7 amount=421.04 APPROVED
AUDIT txn=313 account=6 amount=131.86 APPROVED
AUDIT txn=317 account=8 amount=132.71 APPROVED
AUDIT txn=314 account=10 amount=316.04 APPROVED
AUDIT txn=321 account=12 amount=478.10 APPROVED
AUDIT txn=320 account=3 amount=176.11 DECLINED reason=SCORE_DECLINE
AUDIT txn=323 account=7 amount=497.69 APPROVED
AUDIT txn=319 account=13 amount=491.06 APPROVED
AUDIT txn=326 account=19 amount=333.72 APPROVED
AUDIT txn=322 account=19 amount=459.24 APPROVED
AUDIT txn=324 account=5 amount=396.51 APPROVED
AUDIT txn=325 account=5 amount=230.97 APPROVED
AUDIT txn=327 account=10 amount=297.45 APPROVED
AUDIT txn=329 account=5 amount=18380.56 APPROVED
AUDIT txn=332 account=12 amount=291.77 APPROVED
AUDIT txn=328 account=18 amount=195.74 APPROVED
AUDIT txn=334 account=13 amount=324.88 APPROVED
AUDIT txn=335 account=18 amount=274.52 DECLINED reason=SCORE_DECLINE
AUDIT txn=330 account=3 amount=345.85 APPROVED
AUDIT txn=331 account=14 amount=331.05 APPROVED
AUDIT txn=333 account=8 amount=486.87 APPROVED
AUDIT txn=336 account=11 amount=16590.76 APPROVED
AUDIT txn=337 account=10 amount=415.27 DECLINED reason=SCORE_DECLINE
AUDIT txn=338 account=12 amount=22.10 APPROVED
AUDIT txn=339 account=7 amount=67.66 APPROVED
AUDIT txn=340 account=3 amount=198.74 APPROVED
AUDIT txn=343 account=9 amount=333.13 DECLINED reason=SCORE_DECLINE
AUDIT txn=342 account=8 amount=176.88 APPROVED
AUDIT txn=347 account=20 amount=386.37 APPROVED
AUDIT txn=341 account=17 amount=365.07 DECLINED reason=FRAUD_TIMEOUT
AUDIT txn=345 account=11 amount=148.06 DECLINED reason=SCORE_DECLINE
AUDIT txn=348 account=20 amount=442.27 APPROVED
AUDIT txn=346 account=13 amount=19451.24 DECLINED reason=LIMIT_DECLINE
AUDIT txn=350 account=1 amount=332.82 APPROVED
AUDIT txn=344 account=2 amount=25.62 DECLINED reason=FRAUD_TIMEOUT
AUDIT txn=360 account=1 amount=269.70 APPROVED
AUDIT txn=353 account=5 amount=174.90 APPROVED
AUDIT txn=352 account=3 amount=69.12 APPROVED
AUDIT txn=349 account=1 amount=395.69 APPROVED
AUDIT txn=354 account=5 amount=116.66 APPROVED
AUDIT txn=351 account=2 amount=336.62 APPROVED
AUDIT txn=356 account=9 amount=417.99 APPROVED
AUDIT txn=357 account=19 amount=84.83 DECLINED reason=CHECK_ERROR
AUDIT txn=355 account=11 amount=315.02 APPROVED
AUDIT txn=358 account=6 amount=322.06 APPROVED
AUDIT txn=361 account=8 amount=49.93 APPROVED
AUDIT txn=362 account=5 amount=320.19 APPROVED
AUDIT txn=359 account=17 amount=214.00 APPROVED
AUDIT txn=363 account=6 amount=23.17 APPROVED
AUDIT txn=364 account=2 amount=463.89 APPROVED
AUDIT txn=365 account=3 amount=381.48 APPROVED
AUDIT txn=367 account=3 amount=483.42 APPROVED
AUDIT txn=380 account=15 amount=87.25 APPROVED
AUDIT txn=368 account=10 amount=255.31 APPROVED
AUDIT txn=371 account=19 amount=352.47 APPROVED
AUDIT txn=366 account=1 amount=229.14 DECLINED reason=SCORE_DECLINE
AUDIT txn=369 account=20 amount=239.33 DECLINED reason=SCORE_DECLINE
AUDIT txn=370 account=16 amount=448.14 APPROVED
AUDIT txn=375 account=2 amount=202.66 APPROVED
AUDIT txn=376 account=17 amount=467.47 APPROVED
AUDIT txn=377 account=13 amount=265.24 APPROVED
AUDIT txn=373 account=10 amount=49.68 APPROVED
AUDIT txn=372 account=2 amount=76.42 APPROVED
AUDIT txn=374 account=1 amount=295.48 APPROVED
AUDIT txn=384 account=20 amount=229.12 DECLINED reason=SCORE_DECLINE
AUDIT txn=378 account=3 amount=168.43 APPROVED
AUDIT txn=382 account=14 amount=335.72 APPROVED
AUDIT txn=379 account=20 amount=368.10 DECLINED reason=SCORE_DECLINE
AUDIT txn=381 account=12 amount=17157.18 APPROVED
AUDIT txn=385 account=17 amount=291.00 APPROVED
AUDIT txn=390 account=7 amount=490.27 APPROVED
AUDIT txn=386 account=4 amount=219.89 APPROVED
AUDIT txn=383 account=8 amount=116.53 APPROVED
AUDIT txn=391 account=13 amount=127.53 APPROVED
AUDIT txn=389 account=12 amount=92.62 APPROVED
AUDIT txn=388 account=15 amount=392.80 DECLINED reason=SCORE_DECLINE
AUDIT txn=387 account=7 amount=62.83 APPROVED
AUDIT txn=393 account=10 amount=68.24 DECLINED reason=SCORE_DECLINE
AUDIT txn=395 account=18 amount=184.37 APPROVED
AUDIT txn=392 account=16 amount=454.92 APPROVED
AUDIT txn=405 account=8 amount=326.51 APPROVED
AUDIT txn=394 account=8 amount=112.03 APPROVED
AUDIT txn=399 account=1 amount=392.03 APPROVED
AUDIT txn=396 account=16 amount=267.66 APPROVED
AUDIT txn=397 account=1 amount=90.80 APPROVED
AUDIT txn=398 account=14 amount=371.59 APPROVED
AUDIT txn=403 account=7 amount=239.15 APPROVED
AUDIT txn=400 account=11 amount=101.85 APPROVED
AUDIT txn=402 account=9 amount=166.87 APPROVED
AUDIT txn=404 account=9 amount=370.30 APPROVED
AUDIT txn=406 account=14 amount=76.07 DECLINED reason=SCORE_DECLINE
AUDIT txn=401 account=17 amount=81.58 DECLINED reason=CHECK_ERROR
AUDIT txn=408 account=16 amount=400.92 APPROVED
AUDIT txn=419 account=2 amount=260.60 APPROVED
AUDIT txn=409 account=8 amount=314.36 DECLINED reason=SCORE_DECLINE
AUDIT txn=411 account=11 amount=422.22 APPROVED
AUDIT txn=407 account=6 amount=5.52 APPROVED
AUDIT txn=410 account=17 amount=308.10 APPROVED
AUDIT txn=412 account=17 amount=26.36 APPROVED
AUDIT txn=413 account=9 amount=313.23 APPROVED
AUDIT txn=415 account=8 amount=429.01 APPROVED
AUDIT txn=417 account=7 amount=195.77 APPROVED
AUDIT txn=414 account=7 amount=10465.12 DECLINED reason=LIMIT_DECLINE
AUDIT txn=425 account=18 amount=379.76 APPROVED
AUDIT txn=421 account=13 amount=496.82 DECLINED reason=CHECK_ERROR
AUDIT txn=416 account=14 amount=14946.32 DECLINED reason=SCORE_DECLINE
AUDIT txn=418 account=16 amount=13503.44 DECLINED reason=LIMIT_DECLINE
AUDIT txn=422 account=14 amount=375.55 APPROVED
AUDIT txn=427 account=11 amount=315.53 APPROVED
AUDIT txn=420 account=19 amount=160.64 APPROVED
AUDIT txn=423 account=18 amount=342.59 APPROVED
AUDIT txn=426 account=15 amount=417.32 APPROVED
AUDIT txn=428 account=18 amount=327.19 APPROVED
AUDIT txn=431 account=7 amount=456.81 DECLINED reason=SCORE_DECLINE
AUDIT txn=424 account=8 amount=171.90 APPROVED
AUDIT txn=434 account=15 amount=494.08 APPROVED
AUDIT txn=433 account=6 amount=174.99 APPROVED
AUDIT txn=429 account=7 amount=338.68 APPROVED
AUDIT txn=430 account=17 amount=55.92 DECLINED reason=SCORE_DECLINE
AUDIT txn=432 account=17 amount=334.24 APPROVED
AUDIT txn=435 account=14 amount=210.95 APPROVED
AUDIT txn=440 account=14 amount=30.42 APPROVED
AUDIT txn=436 account=20 amount=45.57 APPROVED
AUDIT txn=438 account=2 amount=132.70 DECLINED reason=CHECK_ERROR
AUDIT txn=439 account=3 amount=117.24 APPROVED
AUDIT txn=446 account=5 amount=30.43 APPROVED
AUDIT txn=437 account=19 amount=15736.98 DECLINED reason=SCORE_DECLINE
AUDIT txn=441 account=15 amount=15177.58 APPROVED
AUDIT txn=443 account=1 amount=24.81 DECLINED reason=SCORE_DECLINE
AUDIT txn=444 account=17 amount=451.10 APPROVED
AUDIT txn=445 account=11 amount=435.56 APPROVED
AUDIT txn=449 account=13 amount=384.18 APPROVED
AUDIT txn=447 account=8 amount=36.83 APPROVED
AUDIT txn=448 account=9 amount=98.07 APPROVED
AUDIT txn=460 account=14 amount=387.56 DECLINED reason=CHECK_ERROR
AUDIT txn=451 account=6 amount=471.57 APPROVED
AUDIT txn=442 account=1 amount=118.85 DECLINED reason=FRAUD_TIMEOUT
AUDIT txn=450 account=7 amount=12759.42 DECLINED reason=SCORE_DECLINE
AUDIT txn=453 account=13 amount=99.72 APPROVED
AUDIT txn=467 account=9 amount=316.30 APPROVED
AUDIT txn=452 account=17 amount=15011.80 DECLINED reason=LIMIT_DECLINE
AUDIT txn=458 account=12 amount=58.82 APPROVED
AUDIT txn=456 account=3 amount=342.29 APPROVED
AUDIT txn=455 account=1 amount=470.90 APPROVED
AUDIT txn=454 account=9 amount=138.25 APPROVED
AUDIT txn=457 account=7 amount=443.86 APPROVED
AUDIT txn=463 account=18 amount=343.60 APPROVED
AUDIT txn=465 account=3 amount=478.98 APPROVED
AUDIT txn=459 account=8 amount=121.35 APPROVED
AUDIT txn=461 account=14 amount=383.11 APPROVED
AUDIT txn=466 account=18 amount=242.46 APPROVED
AUDIT txn=462 account=15 amount=377.37 DECLINED reason=SCORE_DECLINE
AUDIT txn=464 account=13 amount=178.80 APPROVED
AUDIT txn=468 account=16 amount=109.04 APPROVED
AUDIT txn=469 account=16 amount=79.67 APPROVED
AUDIT txn=472 account=4 amount=339.73 APPROVED
AUDIT txn=470 account=11 amount=17.01 DECLINED reason=SCORE_DECLINE
AUDIT txn=485 account=4 amount=311.29 APPROVED
AUDIT txn=471 account=20 amount=177.12 APPROVED
AUDIT txn=473 account=19 amount=472.62 APPROVED
AUDIT txn=474 account=10 amount=108.11 DECLINED reason=SCORE_DECLINE
AUDIT txn=476 account=6 amount=349.14 APPROVED
AUDIT txn=477 account=6 amount=129.01 APPROVED
AUDIT txn=479 account=12 amount=191.96 APPROVED
AUDIT txn=480 account=11 amount=473.49 APPROVED
AUDIT txn=483 account=11 amount=82.13 APPROVED
AUDIT txn=475 account=14 amount=88.20 APPROVED
AUDIT txn=484 account=19 amount=223.52 APPROVED
AUDIT txn=482 account=4 amount=140.77 APPROVED
AUDIT txn=478 account=5 amount=139.62 APPROVED
AUDIT txn=481 account=15 amount=225.19 APPROVED
AUDIT txn=486 account=3 amount=329.30 APPROVED
AUDIT txn=487 account=3 amount=56.73 APPROVED
AUDIT txn=489 account=14 amount=474.61 APPROVED
AUDIT txn=491 account=4 amount=393.70 APPROVED
AUDIT txn=490 account=2 amount=264.14 APPROVED
AUDIT txn=494 account=11 amount=14.65 APPROVED
AUDIT txn=492 account=20 amount=318.87 APPROVED
AUDIT txn=493 account=19 amount=441.68 APPROVED
AUDIT txn=488 account=15 amount=133.36 DECLINED reason=FRAUD_TIMEOUT
AUDIT txn=495 account=7 amount=169.47 APPROVED
AUDIT txn=497 account=6 amount=358.94 DECLINED reason=SCORE_DECLINE
AUDIT txn=496 account=10 amount=422.59 APPROVED
AUDIT txn=500 account=18 amount=211.66 APPROVED
AUDIT txn=507 account=7 amount=91.78 APPROVED
AUDIT txn=498 account=3 amount=110.30 APPROVED
AUDIT txn=499 account=13 amount=17883.83 DECLINED reason=SCORE_DECLINE
AUDIT txn=516 account=3 amount=277.05 APPROVED
AUDIT txn=502 account=1 amount=397.10 APPROVED
AUDIT txn=504 account=15 amount=328.72 APPROVED
AUDIT txn=501 account=12 amount=90.31 DECLINED reason=SCORE_DECLINE
AUDIT txn=503 account=4 amount=257.38 APPROVED
AUDIT txn=506 account=9 amount=81.52 APPROVED
AUDIT txn=509 account=5 amount=428.23 APPROVED
AUDIT txn=505 account=13 amount=13.81 DECLINED reason=SCORE_DECLINE
AUDIT txn=508 account=17 amount=206.89 APPROVED
AUDIT txn=513 account=11 amount=215.38 DECLINED reason=SCORE_DECLINE
AUDIT txn=510 account=14 amount=433.81 APPROVED
AUDIT txn=511 account=11 amount=199.63 APPROVED
AUDIT txn=523 account=19 amount=436.13 APPROVED
AUDIT txn=515 account=2 amount=391.75 APPROVED
AUDIT txn=512 account=17 amount=438.41 APPROVED
AUDIT txn=514 account=6 amount=449.18 DECLINED reason=LIMIT_DECLINE
AUDIT txn=518 account=1 amount=276.55 APPROVED
AUDIT txn=531 account=1 amount=168.09 APPROVED
AUDIT txn=517 account=6 amount=174.33 DECLINED reason=LIMIT_DECLINE
AUDIT txn=522 account=1 amount=177.46 APPROVED
AUDIT txn=521 account=14 amount=335.47 APPROVED
AUDIT txn=520 account=20 amount=246.39 APPROVED
AUDIT txn=524 account=5 amount=217.77 APPROVED
AUDIT txn=525 account=14 amount=417.47 APPROVED
AUDIT txn=536 account=14 amount=365.54 APPROVED
AUDIT txn=527 account=11 amount=15381.28 DECLINED reason=LIMIT_DECLINE
AUDIT txn=529 account=6 amount=208.84 DECLINED reason=LIMIT_DECLINE
AUDIT txn=526 account=5 amount=140.19 APPROVED
AUDIT txn=519 account=5 amount=162.57 DECLINED reason=CHECK_ERROR
AUDIT txn=528 account=12 amount=323.88 APPROVED
AUDIT txn=530 account=3 amount=490.31 APPROVED
AUDIT txn=533 account=11 amount=286.87 APPROVED
AUDIT txn=534 account=11 amount=116.26 DECLINED reason=CHECK_ERROR
AUDIT txn=532 account=16 amount=174.17 APPROVED
AUDIT txn=537 account=11 amount=313.36 APPROVED
AUDIT txn=543 account=8 amount=381.39 APPROVED
AUDIT txn=535 account=7 amount=256.24 APPROVED
AUDIT txn=540 account=14 amount=12379.98 APPROVED
AUDIT txn=538 account=3 amount=13624.26 DECLINED reason=SCORE_DECLINE
AUDIT txn=539 account=7 amount=64.03 APPROVED
AUDIT txn=542 account=4 amount=233.08 APPROVED
AUDIT txn=541 account=2 amount=114.17 APPROVED
AUDIT txn=546 account=2 amount=34.38 APPROVED
AUDIT txn=545 account=9 amount=144.60 APPROVED
AUDIT txn=544 account=9 amount=306.66 APPROVED
AUDIT txn=552 account=5 amount=292.00 APPROVED
AUDIT txn=548 account=17 amount=300.38 APPROVED
AUDIT txn=549 account=16 amount=351.17 DECLINED reason=SCORE_DECLINE
AUDIT txn=547 account=9 amount=102.45 APPROVED
AUDIT txn=550 account=6 amount=54.38 DECLINED reason=SCORE_DECLINE
AUDIT txn=555 account=6 amount=409.63 DECLINED reason=LIMIT_DECLINE
AUDIT txn=551 account=16 amount=470.66 APPROVED
AUDIT txn=563 account=17 amount=25.20 APPROVED
AUDIT txn=554 account=14 amount=443.95 DECLINED reason=SCORE_DECLINE
AUDIT txn=559 account=6 amount=260.04 DECLINED reason=LIMIT_DECLINE
AUDIT txn=558 account=18 amount=126.82 APPROVED
AUDIT txn=553 account=18 amount=162.02 APPROVED
AUDIT txn=557 account=19 amount=135.45 DECLINED reason=CHECK_ERROR
AUDIT txn=556 account=6 amount=482.02 DECLINED reason=LIMIT_DECLINE
AUDIT txn=560 account=11 amount=82.57 APPROVED
AUDIT txn=562 account=11 amount=497.65 APPROVED
AUDIT txn=566 account=12 amount=418.58 DECLINED reason=SCORE_DECLINE
AUDIT txn=567 account=7 amount=119.17 APPROVED
AUDIT txn=561 account=3 amount=431.57 APPROVED
AUDIT txn=564 account=12 amount=225.27 APPROVED
AUDIT txn=565 account=8 amount=349.70 APPROVED
AUDIT txn=569 account=10 amount=360.11 APPROVED
AUDIT txn=568 account=4 amount=457.35 APPROVED
AUDIT txn=570 account=1 amount=147.87 APPROVED
AUDIT txn=571 account=20 amount=289.25 APPROVED
AUDIT txn=573 account=19 amount=343.36 APPROVED
AUDIT txn=572 account=3 amount=416.70 DECLINED reason=CHECK_ERROR
AUDIT txn=581 account=2 amount=275.76 APPROVED
AUDIT txn=578 account=1 amount=490.41 APPROVED
AUDIT txn=576 account=13 amount=85.01 DECLINED reason=CHECK_ERROR
AUDIT txn=577 account=12 amount=13180.59 DECLINED reason=SCORE_DECLINE
AUDIT txn=579 account=20 amount=318.55 APPROVED
AUDIT txn=575 account=1 amount=190.33 APPROVED
AUDIT txn=591 account=13 amount=91.08 DECLINED reason=SCORE_DECLINE
AUDIT txn=583 account=8 amount=19.79 DECLINED reason=CHECK_ERROR
AUDIT txn=580 account=14 amount=365.64 APPROVED
AUDIT txn=585 account=11 amount=354.21 APPROVED
AUDIT txn=597 account=5 amount=386.23 APPROVED
AUDIT txn=574 account=4 amount=98.78 DECLINED reason=FRAUD_TIMEOUT
AUDIT txn=582 account=11 amount=472.48 APPROVED
AUDIT txn=589 account=20 amount=217.77 APPROVED
AUDIT txn=584 account=10 amount=398.59 APPROVED
AUDIT txn=590 account=5 amount=195.28 APPROVED
AUDIT txn=587 account=3 amount=36.35 APPROVED
AUDIT txn=603 account=16 amount=156.24 APPROVED
AUDIT txn=586 account=6 amount=391.82 DECLINED reason=LIMIT_DECLINE
AUDIT txn=588 account=7 amount=193.94 APPROVED
AUDIT txn=595 account=5 amount=302.74 APPROVED
AUDIT txn=593 account=1 amount=186.15 APPROVED
AUDIT txn=594 account=14 amount=439.09 APPROVED
AUDIT txn=598 account=2 amount=497.91 DECLINED reason=LIMIT_DECLINE
AUDIT txn=596 account=14 amount=180.17 APPROVED
AUDIT txn=609 account=9 amount=364.05 APPROVED
AUDIT txn=592 account=4 amount=213.16 APPROVED
AUDIT txn=599 account=9 amount=294.47 APPROVED
AUDIT txn=600 account=15 amount=18174.66 DECLINED reason=SCORE_DECLINE
AUDIT txn=602 account=2 amount=270.35 DECLINED reason=LIMIT_DECLINE
AUDIT txn=601 account=19 amount=285.86 APPROVED
AUDIT txn=605 account=1 amount=224.31 APPROVED
AUDIT txn=607 account=13 amount=263.63 APPROVED
AUDIT txn=610 account=2 amount=17781.42 DECLINED reason=LIMIT_DECLINE
AUDIT txn=606 account=2 amount=466.46 DECLINED reason=LIMIT_DECLINE
AUDIT txn=604 account=20 amount=73.10 APPROVED
AUDIT txn=608 account=9 amount=380.36 APPROVED
AUDIT txn=612 account=1 amount=484.95 APPROVED
AUDIT txn=613 account=5 amount=332.78 APPROVED
AUDIT txn=611 account=6 amount=338.57 DECLINED reason=LIMIT_DECLINE
AUDIT txn=614 account=9 amount=44.29 APPROVED
AUDIT txn=615 account=17 amount=92.74 APPROVED
AUDIT txn=617 account=14 amount=218.94 APPROVED
AUDIT txn=619 account=18 amount=256.55 APPROVED
AUDIT txn=620 account=14 amount=365.97 APPROVED
AUDIT txn=623 account=12 amount=324.38 APPROVED
AUDIT txn=616 account=9 amount=363.26 APPROVED
AUDIT txn=624 account=6 amount=27.00 DECLINED reason=LIMIT_DECLINE
AUDIT txn=618 account=11 amount=162.50 APPROVED
AUDIT txn=625 account=14 amount=220.60 DECLINED reason=CHECK_ERROR
AUDIT txn=622 account=13 amount=134.23 APPROVED
AUDIT txn=621 account=20 amount=223.83 APPROVED
AUDIT txn=627 account=12 amount=28.26 APPROVED
AUDIT txn=626 account=13 amount=253.07 APPROVED
AUDIT txn=630 account=8 amount=285.19 DECLINED reason=SCORE_DECLINE
AUDIT txn=628 account=2 amount=12.72 APPROVED
AUDIT txn=629 account=15 amount=215.62 APPROVED
AUDIT txn=631 account=3 amount=126.48 APPROVED
AUDIT txn=632 account=20 amount=65.72 APPROVED
AUDIT txn=634 account=2 amount=390.07 DECLINED reason=SCORE_DECLINE
AUDIT txn=633 account=18 amount=228.42 APPROVED
AUDIT txn=637 account=10 amount=394.46 APPROVED
AUDIT txn=636 account=8 amount=17542.31 DECLINED reason=SCORE_DECLINE
AUDIT txn=644 account=5 amount=495.99 DECLINED reason=LIMIT_DECLINE
AUDIT txn=635 account=16 amount=462.03 APPROVED
AUDIT txn=639 account=5 amount=177.17 APPROVED
AUDIT txn=638 account=17 amount=377.61 APPROVED
AUDIT txn=641 account=17 amount=130.47 APPROVED
AUDIT txn=645 account=18 amount=392.78 APPROVED
AUDIT txn=640 account=17 amount=456.69 APPROVED
AUDIT txn=646 account=10 amount=12634.34 APPROVED
AUDIT txn=643 account=17 amount=428.84 APPROVED
AUDIT txn=642 account=18 amount=51.67 APPROVED
AUDIT txn=647 account=17 amount=422.85 DECLINED reason=LIMIT_DECLINE
AUDIT txn=648 account=17 amount=409.08 DECLINED reason=LIMIT_DECLINE
AUDIT txn=650 account=18 amount=411.93 APPROVED
AUDIT txn=649 account=13 amount=453.12 DECLINED reason=LIMIT_DECLINE
AUDIT txn=651 account=9 amount=126.77 APPROVED
AUDIT txn=652 account=6 amount=117.26 DECLINED reason=LIMIT_DECLINE
AUDIT txn=658 account=6 amount=292.95 DECLINED reason=SCORE_DECLINE
AUDIT txn=656 account=19 amount=324.83 APPROVED
AUDIT txn=654 account=13 amount=183.45 APPROVED
AUDIT txn=655 account=9 amount=390.69 APPROVED
AUDIT txn=660 account=16 amount=176.06 APPROVED
AUDIT txn=653 account=2 amount=91.14 DECLINED reason=CHECK_ERROR
AUDIT txn=659 account=1 amount=7.85 APPROVED
AUDIT txn=657 account=16 amount=345.15 DECLINED reason=SCORE_DECLINE
AUDIT txn=661 account=2 amount=365.51 DECLINED reason=LIMIT_DECLINE
AUDIT txn=662 account=1 amount=459.85 APPROVED
AUDIT txn=663 account=4 amount=181.71 APPROVED
AUDIT txn=664 account=4 amount=16.97 APPROVED
AUDIT txn=665 account=5 amount=487.89 DECLINED reason=LIMIT_DECLINE
AUDIT txn=667 account=7 amount=98.34 APPROVED
AUDIT txn=666 account=10 amount=226.30 APPROVED
AUDIT txn=679 account=14 amount=431.94 APPROVED
AUDIT txn=669 account=10 amount=282.15 APPROVED
AUDIT txn=668 account=13 amount=229.80 DECLINED reason=LIMIT_DECLINE
AUDIT txn=672 account=18 amount=398.91 APPROVED
AUDIT txn=673 account=11 amount=297.06 APPROVED
AUDIT txn=670 account=6 amount=300.43 DECLINED reason=LIMIT_DECLINE
AUDIT txn=671 account=3 amount=356.28 APPROVED
AUDIT txn=675 account=19 amount=84.24 DECLINED reason=CHECK_ERROR
AUDIT txn=676 account=10 amount=289.96 APPROVED
AUDIT txn=685 account=7 amount=93.53 APPROVED
AUDIT txn=674 account=2 amount=11.13 APPROVED
AUDIT txn=677 account=13 amount=356.18 DECLINED reason=LIMIT_DECLINE
AUDIT txn=680 account=15 amount=100.93 APPROVED
AUDIT txn=681 account=3 amount=218.01 APPROVED
AUDIT txn=678 account=13 amount=137.68 DECLINED reason=LIMIT_DECLINE
AUDIT txn=688 account=3 amount=480.76 DECLINED reason=LIMIT_DECLINE
AUDIT txn=682 account=10 amount=116.63 APPROVED
AUDIT txn=683 account=13 amount=290.66 DECLINED reason=LIMIT_DECLINE
AUDIT txn=686 account=5 amount=224.63 APPROVED
AUDIT txn=687 account=18 amount=362.23 APPROVED
AUDIT txn=689 account=9 amount=423.01 APPROVED
AUDIT txn=692 account=19 amount=362.24 APPROVED
AUDIT txn=699 account=10 amount=309.69 DECLINED reason=SCORE_DECLINE
AUDIT txn=690 account=2 amount=294.11 DECLINED reason=CHECK_ERROR
AUDIT txn=693 account=5 amount=359.80 DECLINED reason=CHECK_ERROR
AUDIT txn=695 account=16 amount=5.92 DECLINED reason=CHECK_ERROR
AUDIT txn=684 account=15 amount=250.57 DECLINED reason=FRAUD_TIMEOUT
AUDIT txn=691 account=4 amount=428.07 APPROVED
AUDIT txn=694 account=14 amount=256.38 APPROVED
AUDIT txn=697 account=16 amount=259.42 APPROVED
AUDIT txn=701 account=2 amount=10926.56 DECLINED reason=LIMIT_DECLINE
AUDIT txn=696 account=12 amount=149.86 APPROVED
AUDIT txn=698 account=10 amount=192.58 APPROVED
AUDIT txn=704 account=17 amount=146.69 DECLINED reason=LIMIT_DECLINE
AUDIT txn=700 account=7 amount=13.36 APPROVED
AUDIT txn=702 account=11 amount=91.08 APPROVED
AUDIT txn=706 account=12 amount=444.95 DECLINED reason=SCORE_DECLINE
AUDIT txn=705 account=3 amount=151.01 APPROVED
AUDIT txn=707 account=3 amount=63.12 APPROVED
AUDIT txn=703 account=19 amount=296.08 APPROVED
AUDIT txn=710 account=2 amount=90.70 APPROVED
AUDIT txn=708 account=15 amount=327.49 APPROVED
AUDIT txn=711 account=9 amount=21.97 APPROVED
AUDIT txn=712 account=15 amount=360.58 DECLINED reason=CHECK_ERROR
AUDIT txn=709 account=3 amount=236.85 APPROVED
AUDIT txn=717 account=14 amount=62.74 APPROVED
AUDIT txn=715 account=7 amount=85.65 APPROVED
AUDIT txn=718 account=2 amount=11.42 APPROVED
AUDIT txn=713 account=3 amount=235.51 DECLINED reason=LIMIT_DECLINE
AUDIT txn=719 account=7 amount=19.94 APPROVED
AUDIT txn=714 account=20 amount=434.79 APPROVED
AUDIT txn=716 account=9 amount=314.26 APPROVED
AUDIT txn=720 account=4 amount=144.31 DECLINED reason=SCORE_DECLINE
AUDIT txn=723 account=16 amount=139.98 APPROVED
AUDIT txn=722 account=12 amount=196.45 APPROVED
AUDIT txn=721 account=8 amount=250.25 APPROVED
AUDIT txn=724 account=18 amount=287.74 APPROVED
AUDIT txn=726 account=10 amount=401.38 APPROVED
AUDIT txn=729 account=3 amount=459.92 DECLINED reason=LIMIT_DECLINE
AUDIT txn=728 account=7 amount=485.90 APPROVED
AUDIT txn=727 account=17 amount=440.40 DECLINED reason=LIMIT_DECLINE
AUDIT txn=725 account=12 amount=217.46 APPROVED
AUDIT txn=732 account=16 amount=102.34 APPROVED
AUDIT txn=734 account=13 amount=460.87 DECLINED reason=SCORE_DECLINE
AUDIT txn=730 account=3 amount=411.27 DECLINED reason=LIMIT_DECLINE
AUDIT txn=735 account=9 amount=393.19 APPROVED
AUDIT txn=731 account=13 amount=475.05 DECLINED reason=LIMIT_DECLINE
AUDIT txn=733 account=10 amount=64.00 APPROVED
AUDIT txn=737 account=13 amount=354.21 DECLINED reason=LIMIT_DECLINE
AUDIT txn=736 account=20 amount=440.14 APPROVED
AUDIT txn=739 account=12 amount=109.14 APPROVED
AUDIT txn=738 account=9 amount=470.71 DECLINED reason=CHECK_ERROR
AUDIT txn=741 account=20 amount=209.53 APPROVED
AUDIT txn=740 account=13 amount=389.93 DECLINED reason=LIMIT_DECLINE
AUDIT txn=744 account=9 amount=309.56 APPROVED
AUDIT txn=743 account=6 amount=26.72 DECLINED reason=LIMIT_DECLINE
AUDIT txn=742 account=17 amount=28.27 DECLINED reason=LIMIT_DECLINE
AUDIT txn=745 account=14 amount=455.66 DECLINED reason=SCORE_DECLINE
AUDIT txn=748 account=3 amount=407.56 DECLINED reason=LIMIT_DECLINE
AUDIT txn=751 account=8 amount=96.70 APPROVED
AUDIT txn=747 account=7 amount=61.74 APPROVED
AUDIT txn=750 account=13 amount=12.57 APPROVED
AUDIT txn=754 account=15 amount=103.39 APPROVED
AUDIT txn=749 account=12 amount=228.15 APPROVED
AUDIT txn=752 account=12 amount=399.40 APPROVED
AUDIT txn=755 account=16 amount=380.17 APPROVED
AUDIT txn=762 account=3 amount=446.13 DECLINED reason=LIMIT_DECLINE
AUDIT txn=746 account=4 amount=135.63 DECLINED reason=FRAUD_TIMEOUT
AUDIT txn=757 account=11 amount=353.46 APPROVED
AUDIT txn=753 account=5 amount=115.13 DECLINED reason=LIMIT_DECLINE
AUDIT txn=756 account=7 amount=90.12 APPROVED
AUDIT txn=761 account=8 amount=393.29 DECLINED reason=CHECK_ERROR
AUDIT txn=759 account=12 amount=11853.99 DECLINED reason=SCORE_DECLINE
AUDIT txn=760 account=13 amount=286.85 DECLINED reason=LIMIT_DECLINE
AUDIT txn=766 account=16 amount=127.49 DECLINED reason=CHECK_ERROR
AUDIT txn=758 account=9 amount=493.90 DECLINED reason=CHECK_ERROR
AUDIT txn=765 account=2 amount=347.79 DECLINED reason=LIMIT_DECLINE
AUDIT txn=767 account=1 amount=22.25 APPROVED
AUDIT txn=763 account=14 amount=16501.12 DECLINED reason=SCORE_DECLINE
AUDIT txn=764 account=3 amount=439.42 DECLINED reason=LIMIT_DECLINE
AUDIT txn=770 account=20 amount=18017.40 DECLINED reason=LIMIT_DECLINE
AUDIT txn=769 account=3 amount=251.29 DECLINED reason=LIMIT_DECLINE
AUDIT txn=768 account=13 amount=329.85 DECLINED reason=LIMIT_DECLINE
AUDIT txn=771 account=13 amount=117.57 DECLINED reason=LIMIT_DECLINE
AUDIT txn=773 account=10 amount=77.25 APPROVED
AUDIT txn=775 account=19 amount=436.84 APPROVED
AUDIT txn=774 account=1 amount=491.41 APPROVED
AUDIT txn=772 account=4 amount=330.08 DECLINED reason=CHECK_ERROR
AUDIT txn=778 account=7 amount=367.04 APPROVED
AUDIT txn=780 account=15 amount=199.47 APPROVED
AUDIT txn=776 account=17 amount=71.06 DECLINED reason=LIMIT_DECLINE
AUDIT txn=777 account=16 amount=280.81 APPROVED
AUDIT txn=781 account=19 amount=189.85 APPROVED
AUDIT txn=779 account=3 amount=201.37 DECLINED reason=LIMIT_DECLINE
AUDIT txn=786 account=12 amount=486.34 APPROVED
AUDIT txn=785 account=15 amount=345.12 APPROVED
AUDIT txn=782 account=4 amount=359.06 APPROVED
AUDIT txn=787 account=20 amount=173.56 APPROVED
AUDIT txn=784 account=6 amount=205.52 DECLINED reason=LIMIT_DECLINE
AUDIT txn=783 account=6 amount=473.58 DECLINED reason=LIMIT_DECLINE
AUDIT txn=790 account=4 amount=380.65 APPROVED
AUDIT txn=788 account=10 amount=242.77 DECLINED reason=SCORE_DECLINE
AUDIT txn=793 account=13 amount=15747.48 DECLINED reason=SCORE_DECLINE
AUDIT txn=795 account=10 amount=166.61 APPROVED
AUDIT txn=792 account=18 amount=145.55 APPROVED
AUDIT txn=791 account=6 amount=60.19 DECLINED reason=LIMIT_DECLINE
AUDIT txn=794 account=13 amount=88.65 DECLINED reason=LIMIT_DECLINE
AUDIT txn=798 account=12 amount=170.98 APPROVED
AUDIT txn=796 account=18 amount=18313.00 APPROVED
AUDIT txn=789 account=9 amount=411.25 DECLINED reason=FRAUD_TIMEOUT
AUDIT txn=799 account=5 amount=139.55 DECLINED reason=LIMIT_DECLINE
AUDIT txn=797 account=14 amount=414.70 DECLINED reason=CHECK_ERROR
AUDIT txn=800 account=14 amount=475.55 APPROVED
AUDIT txn=802 account=9 amount=18.94 DECLINED reason=CHECK_ERROR
AUDIT txn=804 account=13 amount=453.66 DECLINED reason=CHECK_ERROR
AUDIT txn=801 account=5 amount=19157.46 DECLINED reason=LIMIT_DECLINE
AUDIT txn=805 account=10 amount=298.78 DECLINED reason=CHECK_ERROR
AUDIT txn=808 account=2 amount=216.47 DECLINED reason=CHECK_ERROR
AUDIT txn=803 account=6 amount=417.62 DECLINED reason=SCORE_DECLINE
AUDIT txn=809 account=8 amount=320.93 APPROVED
AUDIT txn=807 account=7 amount=341.33 APPROVED
AUDIT txn=806 account=4 amount=468.87 APPROVED
AUDIT txn=810 account=14 amount=16.66 APPROVED
AUDIT txn=813 account=12 amount=459.41 APPROVED
AUDIT txn=812 account=7 amount=424.53 APPROVED
AUDIT txn=815 account=11 amount=435.99 APPROVED
AUDIT txn=811 account=8 amount=260.91 APPROVED
AUDIT txn=817 account=11 amount=230.37 APPROVED
AUDIT txn=814 account=18 amount=172.70 APPROVED
AUDIT txn=819 account=3 amount=497.63 DECLINED reason=LIMIT_DECLINE
AUDIT txn=816 account=15 amount=448.40 DECLINED reason=SCORE_DECLINE
AUDIT txn=818 account=5 amount=98.40 DECLINED reason=LIMIT_DECLINE
AUDIT txn=821 account=6 amount=339.87 DECLINED reason=LIMIT_DECLINE
AUDIT txn=823 account=15 amount=302.56 DECLINED reason=CHECK_ERROR
AUDIT txn=820 account=8 amount=15345.51 APPROVED
AUDIT txn=822 account=5 amount=123.13 DECLINED reason=LIMIT_DECLINE
AUDIT txn=828 account=13 amount=94.72 DECLINED reason=LIMIT_DECLINE
AUDIT txn=825 account=3 amount=441.56 DECLINED reason=LIMIT_DECLINE
AUDIT txn=827 account=12 amount=378.15 APPROVED
AUDIT txn=826 account=12 amount=426.31 DECLINED reason=CHECK_ERROR
AUDIT txn=829 account=8 amount=496.76 APPROVED
AUDIT txn=833 account=20 amount=152.23 APPROVED
AUDIT txn=830 account=15 amount=274.76 APPROVED
AUDIT txn=824 account=4 amount=44.68 DECLINED reason=FRAUD_TIMEOUT
AUDIT txn=832 account=18 amount=384.10 APPROVED
AUDIT txn=844 account=9 amount=440.00 APPROVED
AUDIT txn=831 account=15 amount=395.39 APPROVED
AUDIT txn=835 account=6 amount=404.11 DECLINED reason=LIMIT_DECLINE
AUDIT txn=834 account=5 amount=443.57 DECLINED reason=LIMIT_DECLINE
AUDIT txn=839 account=7 amount=75.71 APPROVED
AUDIT txn=837 account=2 amount=79.79 DECLINED reason=LIMIT_DECLINE
AUDIT txn=836 account=3 amount=378.51 DECLINED reason=LIMIT_DECLINE
AUDIT txn=838 account=10 amount=250.29 APPROVED
AUDIT txn=843 account=19 amount=170.39 APPROVED
AUDIT txn=841 account=7 amount=399.18 APPROVED
AUDIT txn=842 account=6 amount=19972.71 DECLINED reason=LIMIT_DECLINE
AUDIT txn=851 account=8 amount=253.40 APPROVED
AUDIT txn=847 account=14 amount=454.39 APPROVED
AUDIT txn=840 account=8 amount=11025.12 DECLINED reason=LIMIT_DECLINE
AUDIT txn=848 account=1 amount=181.01 APPROVED
AUDIT txn=845 account=19 amount=360.00 APPROVED
AUDIT txn=849 account=5 amount=109.83 DECLINED reason=LIMIT_DECLINE
AUDIT txn=850 account=16 amount=443.30 APPROVED
AUDIT txn=846 account=12 amount=242.34 APPROVED
AUDIT txn=853 account=1 amount=353.57 APPROVED
AUDIT txn=856 account=1 amount=143.87 APPROVED
AUDIT txn=852 account=15 amount=251.93 APPROVED
AUDIT txn=857 account=15 amount=275.65 APPROVED
AUDIT txn=855 account=17 amount=359.08 DECLINED reason=LIMIT_DECLINE
AUDIT txn=858 account=11 amount=12935.11 DECLINED reason=SCORE_DECLINE
AUDIT txn=854 account=5 amount=100.46 DECLINED reason=LIMIT_DECLINE
AUDIT txn=859 account=9 amount=250.66 APPROVED
AUDIT txn=861 account=8 amount=122.27 APPROVED
AUDIT txn=863 account=9 amount=280.96 APPROVED
AUDIT txn=860 account=9 amount=367.86 APPROVED
AUDIT txn=865 account=19 amount=220.21 APPROVED
AUDIT txn=864 account=12 amount=123.33 APPROVED
AUDIT txn=862 account=7 amount=242.24 APPROVED
AUDIT txn=868 account=16 amount=184.07 DECLINED reason=CHECK_ERROR
AUDIT txn=867 account=11 amount=18.55 APPROVED
AUDIT txn=871 account=17 amount=427.85 DECLINED reason=SCORE_DECLINE
AUDIT txn=866 account=7 amount=317.08 APPROVED
AUDIT txn=869 account=1 amount=439.16 APPROVED
AUDIT txn=870 account=4 amount=15.42 APPROVED
AUDIT txn=873 account=11 amount=479.84 DECLINED reason=LIMIT_DECLINE
AUDIT txn=872 account=7 amount=385.03 APPROVED
AUDIT txn=875 account=3 amount=32.68 DECLINED reason=LIMIT_DECLINE
AUDIT txn=874 account=15 amount=416.70 APPROVED
AUDIT txn=876 account=17 amount=390.81 DECLINED reason=LIMIT_DECLINE
AUDIT txn=877 account=12 amount=240.92 APPROVED
AUDIT txn=879 account=6 amount=10192.27 DECLINED reason=LIMIT_DECLINE
AUDIT txn=878 account=18 amount=400.39 DECLINED reason=LIMIT_DECLINE
AUDIT txn=881 account=3 amount=376.45 DECLINED reason=SCORE_DECLINE
AUDIT txn=880 account=5 amount=395.92 DECLINED reason=LIMIT_DECLINE
AUDIT txn=884 account=7 amount=25.37 APPROVED
AUDIT txn=882 account=15 amount=169.04 APPROVED
AUDIT txn=885 account=18 amount=17896.93 DECLINED reason=SCORE_DECLINE
AUDIT txn=888 account=7 amount=498.12 APPROVED
AUDIT txn=887 account=16 amount=141.42 APPROVED
AUDIT txn=883 account=19 amount=72.40 APPROVED
AUDIT txn=890 account=1 amount=68.30 APPROVED
AUDIT txn=891 account=9 amount=98.16 APPROVED
AUDIT txn=886 account=12 amount=261.65 DECLINED reason=LIMIT_DECLINE
AUDIT txn=889 account=11 amount=13.26 APPROVED
AUDIT txn=892 account=15 amount=65.63 APPROVED
AUDIT txn=897 account=9 amount=69.27 APPROVED
AUDIT txn=893 account=9 amount=439.83 APPROVED
AUDIT txn=894 account=11 amount=164.15 APPROVED
AUDIT txn=895 account=8 amount=86.00 APPROVED
AUDIT txn=898 account=15 amount=44.97 APPROVED
AUDIT txn=900 account=5 amount=456.07 DECLINED reason=LIMIT_DECLINE
AUDIT txn=896 account=11 amount=234.73 DECLINED reason=SCORE_DECLINE
AUDIT txn=899 account=2 amount=17165.83 DECLINED reason=LIMIT_DECLINE
AUDIT txn=905 account=15 amount=188.47 APPROVED
AUDIT txn=901 account=10 amount=311.37 DECLINED reason=SCORE_DECLINE
AUDIT txn=907 account=14 amount=78.36 DECLINED reason=SCORE_DECLINE
AUDIT txn=904 account=8 amount=185.54 DECLINED reason=SCORE_DECLINE
AUDIT txn=903 account=12 amount=209.01 DECLINED reason=LIMIT_DECLINE
AUDIT txn=902 account=1 amount=6.24 APPROVED
AUDIT txn=906 account=11 amount=148.78 DECLINED reason=CHECK_ERROR
AUDIT txn=908 account=19 amount=485.90 APPROVED
AUDIT txn=912 account=12 amount=259.72 DECLINED reason=LIMIT_DECLINE
AUDIT txn=911 account=1 amount=331.35 APPROVED
AUDIT txn=910 account=20 amount=391.48 APPROVED
AUDIT txn=914 account=5 amount=221.80 DECLINED reason=LIMIT_DECLINE
AUDIT txn=909 account=3 amount=69.52 DECLINED reason=LIMIT_DECLINE
AUDIT txn=916 account=9 amount=436.01 APPROVED
AUDIT txn=913 account=19 amount=116.42 APPROVED
AUDIT txn=919 account=6 amount=218.02 DECLINED reason=CHECK_ERROR
AUDIT txn=915 account=7 amount=116.75 APPROVED
AUDIT txn=918 account=6 amount=146.00 DECLINED reason=SCORE_DECLINE
AUDIT txn=921 account=9 amount=213.01 APPROVED
AUDIT txn=917 account=8 amount=129.18 DECLINED reason=SCORE_DECLINE
AUDIT txn=922 account=5 amount=123.40 DECLINED reason=SCORE_DECLINE
AUDIT txn=920 account=12 amount=67.10 DECLINED reason=LIMIT_DECLINE
AUDIT txn=924 account=16 amount=375.35 APPROVED
AUDIT txn=923 account=5 amount=394.80 DECLINED reason=LIMIT_DECLINE
AUDIT txn=928 account=13 amount=297.82 DECLINED reason=LIMIT_DECLINE
AUDIT txn=925 account=8 amount=236.10 APPROVED
AUDIT txn=927 account=6 amount=11640.97 DECLINED reason=SCORE_DECLINE
AUDIT txn=929 account=19 amount=259.98 APPROVED
AUDIT txn=926 account=7 amount=62.38 DECLINED reason=SCORE_DECLINE
AUDIT txn=932 account=14 amount=416.92 APPROVED
AUDIT txn=931 account=2 amount=490.17 DECLINED reason=LIMIT_DECLINE
AUDIT txn=930 account=6 amount=278.42 DECLINED reason=LIMIT_DECLINE
AUDIT txn=933 account=19 amount=240.03 APPROVED
AUDIT txn=937 account=9 amount=398.55 DECLINED reason=SCORE_DECLINE
AUDIT txn=934 account=8 amount=446.02 DECLINED reason=LIMIT_DECLINE
AUDIT txn=938 account=18 amount=305.36 APPROVED
AUDIT txn=935 account=4 amount=472.44 APPROVED
AUDIT txn=936 account=2 amount=365.20 DECLINED reason=LIMIT_DECLINE
AUDIT txn=941 account=13 amount=106.05 DECLINED reason=LIMIT_DECLINE
AUDIT txn=940 account=13 amount=30.33 APPROVED
AUDIT txn=943 account=11 amount=74.62 DECLINED reason=LIMIT_DECLINE
AUDIT txn=945 account=2 amount=52.16 DECLINED reason=LIMIT_DECLINE
AUDIT txn=942 account=4 amount=415.60 APPROVED
AUDIT txn=944 account=13 amount=173.62 DECLINED reason=LIMIT_DECLINE
AUDIT txn=949 account=7 amount=116.52 APPROVED
AUDIT txn=939 account=14 amount=16255.00 DECLINED reason=FRAUD_TIMEOUT
AUDIT txn=946 account=12 amount=133.78 DECLINED reason=LIMIT_DECLINE
AUDIT txn=948 account=12 amount=20.66 APPROVED
AUDIT txn=947 account=3 amount=127.25 DECLINED reason=LIMIT_DECLINE
AUDIT txn=951 account=4 amount=253.23 APPROVED
AUDIT txn=950 account=1 amount=492.51 APPROVED
AUDIT txn=955 account=8 amount=219.33 DECLINED reason=SCORE_DECLINE
AUDIT txn=952 account=5 amount=32.40 APPROVED
AUDIT txn=954 account=9 amount=456.92 APPROVED
AUDIT txn=953 account=4 amount=117.38 APPROVED
AUDIT txn=957 account=5 amount=83.73 DECLINED reason=LIMIT_DECLINE
AUDIT txn=956 account=7 amount=60.80 APPROVED
AUDIT txn=960 account=10 amount=320.12 APPROVED
AUDIT txn=958 account=18 amount=84.56 DECLINED reason=CHECK_ERROR
AUDIT txn=959 account=19 amount=184.99 APPROVED
AUDIT txn=962 account=14 amount=6.23 APPROVED
AUDIT txn=963 account=1 amount=168.84 APPROVED
AUDIT txn=964 account=12 amount=457.34 DECLINED reason=SCORE_DECLINE
AUDIT txn=961 account=8 amount=375.50 DECLINED reason=LIMIT_DECLINE
AUDIT txn=965 account=18 amount=432.96 DECLINED reason=SCORE_DECLINE
AUDIT txn=966 account=16 amount=400.04 APPROVED
AUDIT txn=967 account=10 amount=407.06 APPROVED
AUDIT txn=968 account=16 amount=22.16 APPROVED
AUDIT txn=973 account=15 amount=251.66 APPROVED
AUDIT txn=969 account=15 amount=414.76 APPROVED
AUDIT txn=970 account=11 amount=472.62 DECLINED reason=LIMIT_DECLINE
AUDIT txn=974 account=9 amount=150.80 APPROVED
AUDIT txn=972 account=18 amount=285.41 DECLINED reason=LIMIT_DECLINE
AUDIT txn=971 account=14 amount=127.90 APPROVED
AUDIT txn=976 account=15 amount=460.79 APPROVED
AUDIT txn=979 account=9 amount=430.66 DECLINED reason=SCORE_DECLINE
AUDIT txn=980 account=9 amount=117.79 APPROVED
AUDIT txn=975 account=8 amount=82.86 APPROVED
AUDIT txn=978 account=2 amount=215.64 DECLINED reason=LIMIT_DECLINE
AUDIT txn=977 account=16 amount=164.31 APPROVED
AUDIT txn=981 account=3 amount=281.49 DECLINED reason=LIMIT_DECLINE
AUDIT txn=982 account=15 amount=21.13 APPROVED
AUDIT txn=984 account=15 amount=83.70 APPROVED
AUDIT txn=983 account=8 amount=97.80 APPROVED
AUDIT txn=985 account=18 amount=462.96 DECLINED reason=LIMIT_DECLINE
AUDIT txn=988 account=6 amount=70.25 DECLINED reason=LIMIT_DECLINE
AUDIT txn=986 account=13 amount=415.97 DECLINED reason=LIMIT_DECLINE
AUDIT txn=989 account=19 amount=27.14 APPROVED
AUDIT txn=992 account=1 amount=85.73 APPROVED
AUDIT txn=987 account=8 amount=91.26 APPROVED
AUDIT txn=991 account=20 amount=17.34 APPROVED
AUDIT txn=993 account=18 amount=41.45 DECLINED reason=SCORE_DECLINE
AUDIT txn=990 account=2 amount=40.03 DECLINED reason=LIMIT_DECLINE
AUDIT txn=995 account=10 amount=57.59 APPROVED
AUDIT txn=996 account=13 amount=475.54 DECLINED reason=LIMIT_DECLINE
AUDIT txn=994 account=5 amount=265.35 DECLINED reason=LIMIT_DECLINE
AUDIT txn=998 account=19 amount=326.84 APPROVED
AUDIT txn=999 account=12 amount=429.54 DECLINED reason=LIMIT_DECLINE
AUDIT txn=1001 account=19 amount=483.01 APPROVED
AUDIT txn=997 account=20 amount=42.48 APPROVED
AUDIT txn=1000 account=13 amount=312.34 DECLINED reason=LIMIT_DECLINE
AUDIT txn=1002 account=16 amount=67.07 APPROVED
AUDIT txn=1003 account=1 amount=440.50 APPROVED
AUDIT txn=1005 account=20 amount=400.83 APPROVED
AUDIT txn=1004 account=6 amount=193.31 DECLINED reason=LIMIT_DECLINE
AUDIT txn=1008 account=15 amount=43.93 APPROVED
AUDIT txn=1012 account=10 amount=335.67 DECLINED reason=SCORE_DECLINE
AUDIT txn=1009 account=15 amount=321.62 DECLINED reason=LIMIT_DECLINE
AUDIT txn=1010 account=19 amount=261.07 APPROVED
AUDIT txn=1006 account=17 amount=447.03 DECLINED reason=LIMIT_DECLINE
AUDIT txn=1007 account=1 amount=425.59 APPROVED
AUDIT txn=1011 account=15 amount=351.56 DECLINED reason=CHECK_ERROR
AUDIT txn=1017 account=5 amount=439.96 DECLINED reason=SCORE_DECLINE
AUDIT txn=1016 account=3 amount=7.83 DECLINED reason=LIMIT_DECLINE
AUDIT txn=1018 account=11 amount=10405.06 DECLINED reason=LIMIT_DECLINE
AUDIT txn=1015 account=10 amount=16.40 APPROVED
AUDIT txn=1013 account=4 amount=15268.39 APPROVED
AUDIT txn=1020 account=12 amount=442.92 DECLINED reason=LIMIT_DECLINE
AUDIT txn=1021 account=9 amount=15.93 APPROVED
AUDIT txn=1023 account=19 amount=383.65 APPROVED
AUDIT txn=1019 account=3 amount=175.36 DECLINED reason=LIMIT_DECLINE
AUDIT txn=1024 account=17 amount=130.68 DECLINED reason=LIMIT_DECLINE
AUDIT txn=1022 account=8 amount=498.05 DECLINED reason=LIMIT_DECLINE
AUDIT txn=1014 account=3 amount=145.59 DECLINED reason=FRAUD_TIMEOUT
AUDIT txn=1025 account=3 amount=18.73 DECLINED reason=SCORE_DECLINE
AUDIT txn=1027 account=2 amount=302.28 DECLINED reason=CHECK_ERROR
AUDIT txn=1026 account=5 amount=218.00 DECLINED reason=LIMIT_DECLINE
AUDIT txn=1030 account=4 amount=404.80 APPROVED
AUDIT txn=1028 account=9 amount=203.33 DECLINED reason=SCORE_DECLINE
AUDIT txn=1032 account=14 amount=494.37 APPROVED
AUDIT txn=1029 account=1 amount=306.67 APPROVED
AUDIT txn=1031 account=6 amount=379.28 DECLINED reason=LIMIT_DECLINE
AUDIT txn=1036 account=13 amount=14001.97 DECLINED reason=SCORE_DECLINE
AUDIT txn=1034 account=14 amount=133.82 APPROVED
AUDIT txn=1037 account=3 amount=195.71 DECLINED reason=LIMIT_DECLINE
AUDIT txn=1033 account=17 amount=344.82 DECLINED reason=LIMIT_DECLINE
AUDIT txn=1035 account=19 amount=110.93 DECLINED reason=CHECK_ERROR
AUDIT txn=1039 account=12 amount=150.98 DECLINED reason=LIMIT_DECLINE
AUDIT txn=1041 account=15 amount=28.79 APPROVED
AUDIT txn=1038 account=10 amount=466.93 APPROVED
AUDIT txn=1043 account=11 amount=497.94 DECLINED reason=LIMIT_DECLINE
AUDIT txn=1040 account=12 amount=323.85 DECLINED reason=LIMIT_DECLINE
AUDIT txn=1046 account=16 amount=493.80 APPROVED
AUDIT txn=1042 account=13 amount=174.04 DECLINED reason=LIMIT_DECLINE
AUDIT txn=1045 account=20 amount=378.05 APPROVED
AUDIT txn=1049 account=18 amount=63.11 DECLINED reason=LIMIT_DECLINE
AUDIT txn=1048 account=7 amount=367.58 APPROVED
AUDIT txn=1047 account=9 amount=230.19 APPROVED
AUDIT txn=1050 account=12 amount=248.06 DECLINED reason=SCORE_DECLINE
AUDIT txn=1052 account=17 amount=329.68 DECLINED reason=LIMIT_DECLINE
AUDIT txn=1044 account=20 amount=458.15 DECLINED reason=FRAUD_TIMEOUT
AUDIT txn=1055 account=1 amount=293.69 DECLINED reason=SCORE_DECLINE
AUDIT txn=1051 account=4 amount=99.86 APPROVED
AUDIT txn=1056 account=10 amount=291.11 DECLINED reason=SCORE_DECLINE
AUDIT txn=1053 account=9 amount=304.79 APPROVED
AUDIT txn=1054 account=13 amount=18341.40 DECLINED reason=CHECK_ERROR
AUDIT txn=1059 account=2 amount=482.82 DECLINED reason=LIMIT_DECLINE
AUDIT txn=1058 account=5 amount=10610.37 DECLINED reason=CHECK_ERROR
AUDIT txn=1057 account=10 amount=173.96 APPROVED
AUDIT txn=1060 account=1 amount=455.90 DECLINED reason=SCORE_DECLINE
AUDIT txn=1064 account=4 amount=373.79 APPROVED
AUDIT txn=1065 account=18 amount=75.53 DECLINED reason=LIMIT_DECLINE
AUDIT txn=1062 account=19 amount=329.10 APPROVED
AUDIT txn=1061 account=12 amount=489.17 DECLINED reason=LIMIT_DECLINE
AUDIT txn=1066 account=8 amount=174.57 DECLINED reason=LIMIT_DECLINE
AUDIT txn=1068 account=10 amount=26.16 APPROVED
AUDIT txn=1069 account=14 amount=17734.08 DECLINED reason=SCORE_DECLINE
AUDIT txn=1070 account=14 amount=12603.97 DECLINED reason=SCORE_DECLINE
AUDIT txn=1063 account=3 amount=67.67 DECLINED reason=FRAUD_TIMEOUT
AUDIT txn=1073 account=8 amount=241.19 DECLINED reason=LIMIT_DECLINE
AUDIT txn=1074 account=6 amount=216.53 DECLINED reason=LIMIT_DECLINE
AUDIT txn=1072 account=5 amount=347.74 DECLINED reason=LIMIT_DECLINE
AUDIT txn=1071 account=15 amount=433.53 DECLINED reason=LIMIT_DECLINE
AUDIT txn=1067 account=17 amount=67.31 DECLINED reason=FRAUD_TIMEOUT
AUDIT txn=1076 account=16 amount=286.31 APPROVED
AUDIT txn=1079 account=20 amount=497.58 APPROVED
AUDIT txn=1081 account=19 amount=438.16 APPROVED
AUDIT txn=1078 account=11 amount=207.93 DECLINED reason=SCORE_DECLINE
AUDIT txn=1080 account=2 amount=328.46 DECLINED reason=LIMIT_DECLINE
AUDIT txn=1085 account=15 amount=63.74 DECLINED reason=LIMIT_DECLINE
AUDIT txn=1075 account=11 amount=499.09 DECLINED reason=LIMIT_DECLINE
AUDIT txn=1082 account=8 amount=101.78 DECLINED reason=LIMIT_DECLINE
AUDIT txn=1077 account=1 amount=493.03 APPROVED
AUDIT txn=1088 account=6 amount=16696.70 DECLINED reason=LIMIT_DECLINE
AUDIT txn=1086 account=1 amount=297.31 APPROVED
AUDIT txn=1087 account=18 amount=203.88 DECLINED reason=LIMIT_DECLINE
AUDIT txn=1084 account=9 amount=110.34 APPROVED
AUDIT txn=1083 account=17 amount=192.26 DECLINED reason=LIMIT_DECLINE
AUDIT txn=1089 account=3 amount=179.91 DECLINED reason=LIMIT_DECLINE
AUDIT txn=1090 account=15 amount=397.31 DECLINED reason=LIMIT_DECLINE
AUDIT txn=1092 account=5 amount=249.30 DECLINED reason=LIMIT_DECLINE
AUDIT txn=1091 account=8 amount=279.22 DECLINED reason=LIMIT_DECLINE
AUDIT txn=1096 account=10 amount=268.85 APPROVED
AUDIT txn=1093 account=16 amount=151.51 APPROVED
AUDIT txn=1094 account=18 amount=248.57 DECLINED reason=LIMIT_DECLINE
AUDIT txn=1095 account=7 amount=472.32 APPROVED
AUDIT txn=1100 account=3 amount=141.14 DECLINED reason=LIMIT_DECLINE
AUDIT txn=1098 account=13 amount=400.90 DECLINED reason=LIMIT_DECLINE
AUDIT txn=1097 account=3 amount=486.21 DECLINED reason=LIMIT_DECLINE
AUDIT txn=1103 account=14 amount=355.90 APPROVED
AUDIT txn=1104 account=1 amount=89.43 APPROVED
AUDIT txn=1099 account=11 amount=293.68 DECLINED reason=LIMIT_DECLINE
AUDIT txn=1101 account=4 amount=243.20 APPROVED
AUDIT txn=1105 account=7 amount=302.10 APPROVED
AUDIT txn=1102 account=15 amount=458.95 DECLINED reason=LIMIT_DECLINE
AUDIT txn=1106 account=7 amount=130.71 APPROVED
AUDIT txn=1110 account=17 amount=390.04 DECLINED reason=LIMIT_DECLINE
AUDIT txn=1107 account=18 amount=55.56 DECLINED reason=LIMIT_DECLINE
AUDIT txn=1112 account=9 amount=172.60 APPROVED
AUDIT txn=1108 account=16 amount=71.67 APPROVED
AUDIT txn=1111 account=8 amount=420.08 DECLINED reason=SCORE_DECLINE
AUDIT txn=1113 account=11 amount=273.76 DECLINED reason=LIMIT_DECLINE
AUDIT txn=1116 account=11 amount=220.10 DECLINED reason=LIMIT_DECLINE
AUDIT txn=1124 account=10 amount=343.39 DECLINED reason=CHECK_ERROR
AUDIT txn=1117 account=7 amount=185.61 DECLINED reason=LIMIT_DECLINE
AUDIT txn=1115 account=13 amount=331.27 DECLINED reason=LIMIT_DECLINE
AUDIT txn=1114 account=14 amount=109.75 APPROVED
AUDIT txn=1119 account=1 amount=99.09 APPROVED
AUDIT txn=1109 account=9 amount=59.42 DECLINED reason=FRAUD_TIMEOUT
AUDIT txn=1118 account=11 amount=370.84 DECLINED reason=LIMIT_DECLINE
AUDIT txn=1122 account=17 amount=248.37 DECLINED reason=LIMIT_DECLINE
AUDIT txn=1120 account=18 amount=194.91 DECLINED reason=LIMIT_DECLINE
AUDIT txn=1126 account=2 amount=27.19 DECLINED reason=SCORE_DECLINE
AUDIT txn=1121 account=13 amount=99.49 DECLINED reason=LIMIT_DECLINE
AUDIT txn=1125 account=2 amount=302.85 DECLINED reason=LIMIT_DECLINE
AUDIT txn=1123 account=17 amount=320.03 DECLINED reason=SCORE_DECLINE
AUDIT txn=1129 account=2 amount=481.30 DECLINED reason=LIMIT_DECLINE
AUDIT txn=1128 account=19 amount=14160.36 DECLINED reason=LIMIT_DECLINE
AUDIT txn=1130 account=17 amount=406.26 DECLINED reason=LIMIT_DECLINE
AUDIT txn=1127 account=10 amount=170.53 APPROVED
AUDIT txn=1132 account=17 amount=72.04 DECLINED reason=LIMIT_DECLINE
AUDIT txn=1136 account=20 amount=342.39 APPROVED
AUDIT txn=1134 account=8 amount=193.09 DECLINED reason=LIMIT_DECLINE
AUDIT txn=1131 account=7 amount=255.83 DECLINED reason=LIMIT_DECLINE
AUDIT txn=1135 account=2 amount=346.88 DECLINED reason=LIMIT_DECLINE
AUDIT txn=1138 account=14 amount=384.59 DECLINED reason=LIMIT_DECLINE
AUDIT txn=1133 account=8 amount=101.82 DECLINED reason=LIMIT_DECLINE
AUDIT txn=1140 account=6 amount=12267.05 DECLINED reason=SCORE_DECLINE
AUDIT txn=1141 account=19 amount=382.05 APPROVED
AUDIT txn=1137 account=3 amount=481.06 DECLINED reason=LIMIT_DECLINE
AUDIT txn=1142 account=19 amount=84.49 APPROVED
AUDIT txn=1144 account=2 amount=68.00 DECLINED reason=LIMIT_DECLINE
AUDIT txn=1143 account=6 amount=126.68 DECLINED reason=CHECK_ERROR
AUDIT txn=1139 account=15 amount=495.44 DECLINED reason=LIMIT_DECLINE
AUDIT txn=1148 account=20 amount=326.44 APPROVED
AUDIT txn=1147 account=2 amount=111.82 DECLINED reason=LIMIT_DECLINE
AUDIT txn=1146 account=19 amount=15.72 APPROVED
AUDIT txn=1150 account=11 amount=410.89 DECLINED reason=LIMIT_DECLINE
AUDIT txn=1149 account=11 amount=331.33 DECLINED reason=LIMIT_DECLINE
AUDIT txn=1153 account=5 amount=101.67 DECLINED reason=LIMIT_DECLINE
AUDIT txn=1145 account=13 amount=123.29 DECLINED reason=LIMIT_DECLINE
AUDIT txn=1154 account=10 amount=364.40 APPROVED
AUDIT txn=1155 account=3 amount=404.03 DECLINED reason=LIMIT_DECLINE
AUDIT txn=1152 account=10 amount=224.95 APPROVED
AUDIT txn=1156 account=16 amount=435.94 APPROVED
AUDIT txn=1151 account=16 amount=11799.30 DECLINED reason=LIMIT_DECLINE
AUDIT txn=1157 account=3 amount=100.63 DECLINED reason=LIMIT_DECLINE
AUDIT txn=1159 account=15 amount=219.66 DECLINED reason=LIMIT_DECLINE
AUDIT txn=1158 account=11 amount=332.54 DECLINED reason=LIMIT_DECLINE
AUDIT txn=1160 account=9 amount=154.46 APPROVED
AUDIT txn=1161 account=18 amount=130.67 DECLINED reason=LIMIT_DECLINE
AUDIT txn=1162 account=19 amount=268.27 APPROVED
AUDIT txn=1165 account=8 amount=212.92 DECLINED reason=LIMIT_DECLINE
AUDIT txn=1167 account=15 amount=257.70 DECLINED reason=LIMIT_DECLINE
AUDIT txn=1164 account=6 amount=7.03 DECLINED reason=LIMIT_DECLINE
AUDIT txn=1169 account=4 amount=76.34 APPROVED
AUDIT txn=1168 account=19 amount=57.56 APPROVED
AUDIT txn=1170 account=15 amount=409.21 DECLINED reason=LIMIT_DECLINE
AUDIT txn=1172 account=9 amount=386.78 APPROVED
AUDIT txn=1166 account=8 amount=99.14 DECLINED reason=LIMIT_DECLINE
AUDIT txn=1163 account=18 amount=342.82 DECLINED reason=FRAUD_TIMEOUT
AUDIT txn=1171 account=18 amount=41.03 APPROVED
AUDIT txn=1174 account=4 amount=172.89 APPROVED
AUDIT txn=1177 account=3 amount=293.52 DECLINED reason=LIMIT_DECLINE
AUDIT txn=1176 account=7 amount=345.83 DECLINED reason=LIMIT_DECLINE
AUDIT txn=1178 account=14 amount=476.81 DECLINED reason=LIMIT_DECLINE
AUDIT txn=1175 account=2 amount=425.84 DECLINED reason=LIMIT_DECLINE
AUDIT txn=1173 account=5 amount=244.58 DECLINED reason=LIMIT_DECLINE
AUDIT txn=1179 account=2 amount=131.52 DECLINED reason=LIMIT_DECLINE
AUDIT txn=1180 account=20 amount=194.77 APPROVED
AUDIT txn=1181 account=3 amount=129.16 DECLINED reason=SCORE_DECLINE
AUDIT txn=1183 account=17 amount=17.75 DECLINED reason=LIMIT_DECLINE
AUDIT txn=1182 account=20 amount=443.51 DECLINED reason=CHECK_ERROR
AUDIT txn=1185 account=12 amount=71.84 DECLINED reason=LIMIT_DECLINE
AUDIT txn=1184 account=19 amount=471.05 APPROVED
AUDIT txn=1187 account=18 amount=280.60 DECLINED reason=LIMIT_DECLINE
AUDIT txn=1188 account=8 amount=332.18 DECLINED reason=SCORE_DECLINE
AUDIT txn=1190 account=4 amount=37.94 APPROVED
AUDIT txn=1189 account=6 amount=367.95 DECLINED reason=LIMIT_DECLINE
AUDIT txn=1191 account=20 amount=389.31 APPROVED
AUDIT txn=1195 account=3 amount=41.15 DECLINED reason=LIMIT_DECLINE
AUDIT txn=1186 account=20 amount=145.89 DECLINED reason=FRAUD_TIMEOUT
AUDIT txn=1192 account=4 amount=107.47 DECLINED reason=LIMIT_DECLINE
AUDIT txn=1196 account=12 amount=433.94 DECLINED reason=CHECK_ERROR
AUDIT txn=1194 account=11 amount=281.16 DECLINED reason=LIMIT_DECLINE
AUDIT txn=1197 account=7 amount=181.96 DECLINED reason=LIMIT_DECLINE
AUDIT txn=1201 account=5 amount=325.66 DECLINED reason=LIMIT_DECLINE
AUDIT txn=1193 account=11 amount=183.29 DECLINED reason=FRAUD_TIMEOUT
AUDIT txn=1198 account=15 amount=476.14 DECLINED reason=LIMIT_DECLINE
AUDIT txn=1200 account=11 amount=372.92 DECLINED reason=LIMIT_DECLINE
AUDIT txn=1199 account=8 amount=377.73 DECLINED reason=LIMIT_DECLINE
AUDIT txn=1205 account=9 amount=374.78 APPROVED
AUDIT txn=1202 account=18 amount=205.69 DECLINED reason=LIMIT_DECLINE
AUDIT txn=1212 account=17 amount=244.75 DECLINED reason=LIMIT_DECLINE
AUDIT txn=1203 account=6 amount=46.98 DECLINED reason=LIMIT_DECLINE
AUDIT txn=1204 account=5 amount=396.81 DECLINED reason=LIMIT_DECLINE
AUDIT txn=1206 account=12 amount=129.16 DECLINED reason=CHECK_ERROR
AUDIT txn=1207 account=12 amount=394.71 DECLINED reason=LIMIT_DECLINE
AUDIT txn=1208 account=5 amount=141.72 DECLINED reason=LIMIT_DECLINE
AUDIT txn=1209 account=4 amount=47.30 DECLINED reason=SCORE_DECLINE
AUDIT txn=1221 account=12 amount=148.95 DECLINED reason=LIMIT_DECLINE
AUDIT txn=1211 account=12 amount=408.69 DECLINED reason=CHECK_ERROR
AUDIT txn=1215 account=14 amount=13145.83 DECLINED reason=LIMIT_DECLINE
AUDIT txn=1228 account=1 amount=419.38 APPROVED
AUDIT txn=1214 account=14 amount=169.09 DECLINED reason=LIMIT_DECLINE
AUDIT txn=1210 account=4 amount=17.68 DECLINED reason=FRAUD_TIMEOUT
AUDIT txn=1216 account=6 amount=217.47 DECLINED reason=LIMIT_DECLINE
AUDIT txn=1231 account=15 amount=343.28 DECLINED reason=LIMIT_DECLINE
AUDIT txn=1213 account=3 amount=449.99 DECLINED reason=FRAUD_TIMEOUT
AUDIT txn=1222 account=9 amount=251.31 APPROVED
AUDIT txn=1217 account=4 amount=454.27 DECLINED reason=LIMIT_DECLINE
AUDIT txn=1219 account=15 amount=10.81 APPROVED
AUDIT txn=1218 account=11 amount=448.41 DECLINED reason=SCORE_DECLINE
AUDIT txn=1220 account=1 amount=394.93 APPROVED
AUDIT txn=1235 account=7 amount=360.97 DECLINED reason=LIMIT_DECLINE
AUDIT txn=1224 account=14 amount=204.68 DECLINED reason=CHECK_ERROR
AUDIT txn=1223 account=1 amount=364.81 APPROVED
AUDIT txn=1241 account=12 amount=290.46 DECLINED reason=LIMIT_DECLINE
AUDIT txn=1229 account=19 amount=235.03 APPROVED
AUDIT txn=1226 account=16 amount=181.50 APPROVED
AUDIT txn=1225 account=13 amount=357.00 DECLINED reason=LIMIT_DECLINE
AUDIT txn=1245 account=18 amount=348.36 DECLINED reason=LIMIT_DECLINE
AUDIT txn=1227 account=1 amount=14482.79 DECLINED reason=SCORE_DECLINE
AUDIT txn=1230 account=3 amount=384.57 DECLINED reason=LIMIT_DECLINE
AUDIT txn=1233 account=18 amount=142.63 DECLINED reason=LIMIT_DECLINE
AUDIT txn=1236 account=12 amount=185.68 DECLINED reason=LIMIT_DECLINE
AUDIT txn=1234 account=3 amount=440.79 DECLINED reason=SCORE_DECLINE
AUDIT txn=1237 account=1 amount=167.23 APPROVED
AUDIT txn=1232 account=17 amount=103.05 DECLINED reason=LIMIT_DECLINE
AUDIT txn=1239 account=10 amount=390.66 APPROVED
AUDIT txn=1246 account=15 amount=253.63 DECLINED reason=LIMIT_DECLINE
AUDIT txn=1244 account=13 amount=120.87 DECLINED reason=LIMIT_DECLINE
AUDIT txn=1242 account=10 amount=32.03 APPROVED
AUDIT txn=1238 account=15 amount=255.28 DECLINED reason=LIMIT_DECLINE
AUDIT txn=1243 account=12 amount=185.63 DECLINED reason=LIMIT_DECLINE
AUDIT txn=1248 account=17 amount=296.72 DECLINED reason=LIMIT_DECLINE
AUDIT txn=1240 account=11 amount=131.14 DECLINED reason=LIMIT_DECLINE
AUDIT txn=1247 account=19 amount=297.64 APPROVED
AUDIT txn=1252 account=14 amount=430.11 DECLINED reason=LIMIT_DECLINE
AUDIT txn=1253 account=18 amount=459.51 DECLINED reason=SCORE_DECLINE
AUDIT txn=1249 account=2 amount=16.57 APPROVED
AUDIT txn=1251 account=15 amount=338.52 DECLINED reason=SCORE_DECLINE
AUDIT txn=1250 account=20 amount=463.48 APPROVED
AUDIT txn=1254 account=18 amount=341.88 DECLINED reason=SCORE_DECLINE
AUDIT txn=1258 account=12 amount=331.54 DECLINED reason=LIMIT_DECLINE
AUDIT txn=1255 account=11 amount=16395.34 DECLINED reason=SCORE_DECLINE
AUDIT txn=1259 account=8 amount=462.41 DECLINED reason=LIMIT_DECLINE
AUDIT txn=1260 account=10 amount=68.47 DECLINED reason=CHECK_ERROR
AUDIT txn=1257 account=3 amount=460.17 DECLINED reason=LIMIT_DECLINE
AUDIT txn=1263 account=5 amount=397.67 DECLINED reason=LIMIT_DECLINE
AUDIT txn=1256 account=4 amount=419.81 DECLINED reason=LIMIT_DECLINE
AUDIT txn=1264 account=16 amount=332.30 DECLINED reason=SCORE_DECLINE
AUDIT txn=1267 account=9 amount=404.71 APPROVED
AUDIT txn=1262 account=1 amount=160.90 APPROVED
AUDIT txn=1266 account=19 amount=228.40 APPROVED
AUDIT txn=1265 account=3 amount=462.97 DECLINED reason=LIMIT_DECLINE
AUDIT txn=1261 account=8 amount=160.26 DECLINED reason=LIMIT_DECLINE
AUDIT txn=1271 account=20 amount=11.69 APPROVED
AUDIT txn=1268 account=14 amount=288.05 DECLINED reason=LIMIT_DECLINE
AUDIT txn=1269 account=17 amount=181.74 DECLINED reason=LIMIT_DECLINE
AUDIT txn=1273 account=10 amount=400.90 APPROVED
AUDIT txn=1275 account=6 amount=297.38 DECLINED reason=LIMIT_DECLINE
AUDIT txn=1272 account=19 amount=439.87 APPROVED
AUDIT txn=1270 account=2 amount=477.25 DECLINED reason=LIMIT_DECLINE
AUDIT txn=1278 account=15 amount=477.39 DECLINED reason=LIMIT_DECLINE
AUDIT txn=1277 account=3 amount=390.41 DECLINED reason=LIMIT_DECLINE
AUDIT txn=1276 account=1 amount=218.58 APPROVED
AUDIT txn=1281 account=4 amount=375.56 DECLINED reason=SCORE_DECLINE
AUDIT txn=1280 account=10 amount=299.21 APPROVED
AUDIT txn=1283 account=6 amount=112.94 DECLINED reason=SCORE_DECLINE
AUDIT txn=1279 account=4 amount=472.31 DECLINED reason=LIMIT_DECLINE
AUDIT txn=1274 account=9 amount=278.49 DECLINED reason=FRAUD_TIMEOUT
AUDIT txn=1282 account=7 amount=33.16 DECLINED reason=LIMIT_DECLINE
AUDIT txn=1284 account=12 amount=250.90 DECLINED reason=LIMIT_DECLINE
AUDIT txn=1287 account=10 amount=28.05 APPROVED
AUDIT txn=1285 account=10 amount=338.75 APPROVED
AUDIT txn=1286 account=2 amount=51.29 DECLINED reason=LIMIT_DECLINE
AUDIT txn=1288 account=11 amount=475.38 DECLINED reason=LIMIT_DECLINE
AUDIT txn=1290 account=20 amount=335.33 APPROVED
AUDIT txn=1293 account=11 amount=86.04 DECLINED reason=LIMIT_DECLINE
AUDIT txn=1289 account=13 amount=341.03 DECLINED reason=LIMIT_DECLINE
AUDIT txn=1292 account=1 amount=37.99 APPROVED
AUDIT txn=1296 account=7 amount=56.85 DECLINED reason=LIMIT_DECLINE
AUDIT txn=1294 account=17 amount=61.02 DECLINED reason=LIMIT_DECLINE
AUDIT txn=1291 account=2 amount=17981.58 DECLINED reason=LIMIT_DECLINE
AUDIT txn=1295 account=9 amount=336.64 APPROVED
AUDIT txn=1298 account=1 amount=100.04 APPROVED
AUDIT txn=1297 account=5 amount=391.87 DECLINED reason=LIMIT_DECLINE
AUDIT txn=1300 account=15 amount=130.02 DECLINED reason=LIMIT_DECLINE
AUDIT txn=1302 account=20 amount=499.96 APPROVED
AUDIT txn=1301 account=5 amount=12222.79 DECLINED reason=SCORE_DECLINE
AUDIT txn=1303 account=18 amount=124.07 DECLINED reason=LIMIT_DECLINE
AUDIT txn=1305 account=19 amount=499.01 APPROVED
AUDIT txn=1299 account=16 amount=18094.03 DECLINED reason=LIMIT_DECLINE
AUDIT txn=1304 account=1 amount=130.46 APPROVED
AUDIT txn=1307 account=14 amount=391.95 DECLINED reason=LIMIT_DECLINE
AUDIT txn=1310 account=16 amount=41.88 APPROVED
AUDIT txn=1308 account=17 amount=293.78 DECLINED reason=LIMIT_DECLINE
AUDIT txn=1306 account=5 amount=35.85 DECLINED reason=LIMIT_DECLINE
AUDIT txn=1309 account=15 amount=190.22 DECLINED reason=LIMIT_DECLINE
AUDIT txn=1314 account=15 amount=17.85 APPROVED
AUDIT txn=1311 account=15 amount=365.50 DECLINED reason=LIMIT_DECLINE
AUDIT txn=1315 account=17 amount=391.46 DECLINED reason=SCORE_DECLINE
AUDIT txn=1312 account=1 amount=324.24 APPROVED
AUDIT txn=1313 account=18 amount=213.88 DECLINED reason=LIMIT_DECLINE
AUDIT txn=1316 account=17 amount=459.44 DECLINED reason=LIMIT_DECLINE
AUDIT txn=1317 account=2 amount=8.88 DECLINED reason=LIMIT_DECLINE
AUDIT txn=1319 account=11 amount=3.55 DECLINED reason=CHECK_ERROR
AUDIT txn=1318 account=2 amount=465.40 DECLINED reason=LIMIT_DECLINE
AUDIT txn=1321 account=17 amount=124.18 DECLINED reason=SCORE_DECLINE
AUDIT txn=1322 account=3 amount=389.93 DECLINED reason=LIMIT_DECLINE
AUDIT txn=1320 account=3 amount=203.27 DECLINED reason=LIMIT_DECLINE
AUDIT txn=1323 account=6 amount=388.18 DECLINED reason=SCORE_DECLINE
AUDIT txn=1324 account=8 amount=236.62 DECLINED reason=LIMIT_DECLINE
AUDIT txn=1327 account=1 amount=17347.11 DECLINED reason=SCORE_DECLINE
AUDIT txn=1329 account=18 amount=455.45 DECLINED reason=LIMIT_DECLINE
AUDIT txn=1328 account=12 amount=383.24 DECLINED reason=LIMIT_DECLINE
AUDIT txn=1326 account=10 amount=211.32 DECLINED reason=LIMIT_DECLINE
AUDIT txn=1325 account=4 amount=319.47 DECLINED reason=LIMIT_DECLINE
AUDIT txn=1331 account=18 amount=201.93 DECLINED reason=LIMIT_DECLINE
AUDIT txn=1334 account=19 amount=24.41 DECLINED reason=SCORE_DECLINE
AUDIT txn=1332 account=2 amount=207.77 DECLINED reason=SCORE_DECLINE
AUDIT txn=1333 account=8 amount=13064.77 DECLINED reason=LIMIT_DECLINE
AUDIT txn=1336 account=12 amount=385.86 DECLINED reason=SCORE_DECLINE
AUDIT txn=1335 account=13 amount=210.66 DECLINED reason=SCORE_DECLINE
AUDIT txn=1337 account=19 amount=69.81 APPROVED
AUDIT txn=1330 account=19 amount=373.03 DECLINED reason=FRAUD_TIMEOUT
AUDIT txn=1338 account=6 amount=1.21 DECLINED reason=LIMIT_DECLINE
AUDIT txn=1341 account=7 amount=3.13 DECLINED reason=LIMIT_DECLINE
AUDIT txn=1339 account=19 amount=11.66 APPROVED
AUDIT txn=1340 account=17 amount=310.49 DECLINED reason=LIMIT_DECLINE
AUDIT txn=1343 account=15 amount=57.83 DECLINED reason=LIMIT_DECLINE
AUDIT txn=1342 account=10 amount=218.52 DECLINED reason=LIMIT_DECLINE
AUDIT txn=1346 account=19 amount=490.64 APPROVED
AUDIT txn=1344 account=19 amount=298.71 APPROVED
AUDIT txn=1345 account=12 amount=3.61 DECLINED reason=CHECK_ERROR
AUDIT txn=1350 account=17 amount=433.38 DECLINED reason=LIMIT_DECLINE
AUDIT txn=1348 account=8 amount=204.21 DECLINED reason=LIMIT_DECLINE
AUDIT txn=1347 account=7 amount=481.36 DECLINED reason=LIMIT_DECLINE
AUDIT txn=1349 account=14 amount=39.14 APPROVED
AUDIT txn=1353 account=17 amount=113.19 DECLINED reason=LIMIT_DECLINE
AUDIT txn=1352 account=9 amount=222.41 APPROVED
AUDIT txn=1354 account=3 amount=431.21 DECLINED reason=LIMIT_DECLINE
AUDIT txn=1355 account=18 amount=154.73 DECLINED reason=LIMIT_DECLINE
AUDIT txn=1357 account=2 amount=224.27 DECLINED reason=LIMIT_DECLINE
AUDIT txn=1356 account=15 amount=385.04 DECLINED reason=LIMIT_DECLINE
AUDIT txn=1351 account=9 amount=70.02 DECLINED reason=FRAUD_TIMEOUT
AUDIT txn=1361 account=9 amount=209.92 DECLINED reason=SCORE_DECLINE
AUDIT txn=1366 account=15 amount=14712.29 DECLINED reason=LIMIT_DECLINE
AUDIT txn=1359 account=4 amount=191.01 DECLINED reason=LIMIT_DECLINE
AUDIT txn=1363 account=12 amount=11814.87 DECLINED reason=LIMIT_DECLINE
AUDIT txn=1360 account=4 amount=405.90 DECLINED reason=LIMIT_DECLINE
AUDIT txn=1358 account=17 amount=307.03 DECLINED reason=LIMIT_DECLINE
AUDIT txn=1364 account=15 amount=205.69 DECLINED reason=LIMIT_DECLINE
AUDIT txn=1367 account=13 amount=107.86 DECLINED reason=LIMIT_DECLINE
AUDIT txn=1368 account=2 amount=18.67 DECLINED reason=LIMIT_DECLINE
AUDIT txn=1362 account=14 amount=5.10 DECLINED reason=SCORE_DECLINE
AUDIT txn=1369 account=12 amount=10115.92 DECLINED reason=CHECK_ERROR
AUDIT txn=1371 account=10 amount=221.17 DECLINED reason=LIMIT_DECLINE
AUDIT txn=1372 account=16 amount=305.03 APPROVED
AUDIT txn=1380 account=18 amount=19.14 DECLINED reason=LIMIT_DECLINE
AUDIT txn=1370 account=12 amount=438.23 DECLINED reason=LIMIT_DECLINE
AUDIT txn=1374 account=19 amount=132.31 APPROVED
AUDIT txn=1373 account=12 amount=332.60 DECLINED reason=SCORE_DECLINE
AUDIT txn=1365 account=1 amount=10036.48 DECLINED reason=FRAUD_TIMEOUT
AUDIT txn=1376 account=3 amount=35.37 DECLINED reason=LIMIT_DECLINE
AUDIT txn=1375 account=1 amount=160.95 APPROVED
AUDIT txn=1378 account=7 amount=184.88 DECLINED reason=LIMIT_DECLINE
AUDIT txn=1379 account=4 amount=232.88 DECLINED reason=LIMIT_DECLINE
AUDIT txn=1382 account=19 amount=3.73 APPROVED
AUDIT txn=1377 account=5 amount=379.67 DECLINED reason=LIMIT_DECLINE
AUDIT txn=1388 account=13 amount=450.26 DECLINED reason=LIMIT_DECLINE
AUDIT txn=1381 account=2 amount=39.74 DECLINED reason=LIMIT_DECLINE
AUDIT txn=1384 account=12 amount=293.04 DECLINED reason=LIMIT_DECLINE
AUDIT txn=1386 account=5 amount=37.56 DECLINED reason=LIMIT_DECLINE
AUDIT txn=1383 account=4 amount=213.58 DECLINED reason=LIMIT_DECLINE
AUDIT txn=1389 account=6 amount=15231.97 DECLINED reason=SCORE_DECLINE
AUDIT txn=1387 account=12 amount=442.01 DECLINED reason=LIMIT_DECLINE
AUDIT txn=1385 account=4 amount=330.34 DECLINED reason=LIMIT_DECLINE
AUDIT txn=1390 account=14 amount=402.94 DECLINED reason=LIMIT_DECLINE
AUDIT txn=1401 account=3 amount=298.41 DECLINED reason=SCORE_DECLINE
AUDIT txn=1394 account=3 amount=64.91 DECLINED reason=LIMIT_DECLINE
AUDIT txn=1396 account=14 amount=475.88 DECLINED reason=LIMIT_DECLINE
AUDIT txn=1391 account=9 amount=298.90 APPROVED
AUDIT txn=1393 account=1 amount=375.49 APPROVED
AUDIT txn=1395 account=11 amount=225.84 DECLINED reason=LIMIT_DECLINE
AUDIT txn=1400 account=3 amount=180.33 DECLINED reason=CHECK_ERROR
AUDIT txn=1398 account=2 amount=161.24 DECLINED reason=LIMIT_DECLINE
AUDIT txn=1397 account=7 amount=19863.37 DECLINED reason=SCORE_DECLINE
AUDIT txn=1402 account=17 amount=101.66 DECLINED reason=LIMIT_DECLINE
AUDIT txn=1408 account=10 amount=498.60 DECLINED reason=LIMIT_DECLINE
AUDIT txn=1392 account=4 amount=175.13 DECLINED reason=FRAUD_TIMEOUT
AUDIT txn=1404 account=18 amount=436.92 DECLINED reason=LIMIT_DECLINE
AUDIT txn=1399 account=12 amount=92.84 DECLINED reason=LIMIT_DECLINE
AUDIT txn=1407 account=11 amount=383.63 DECLINED reason=LIMIT_DECLINE
AUDIT txn=1403 account=7 amount=239.41 DECLINED reason=LIMIT_DECLINE
AUDIT txn=1419 account=11 amount=38.37 DECLINED reason=LIMIT_DECLINE
AUDIT txn=1405 account=11 amount=448.14 DECLINED reason=LIMIT_DECLINE
AUDIT txn=1410 account=8 amount=421.77 DECLINED reason=LIMIT_DECLINE
AUDIT txn=1411 account=1 amount=16146.43 DECLINED reason=SCORE_DECLINE
AUDIT txn=1424 account=14 amount=423.35 DECLINED reason=LIMIT_DECLINE
AUDIT txn=1409 account=17 amount=21.89 DECLINED reason=LIMIT_DECLINE
AUDIT txn=1412 account=14 amount=431.51 DECLINED reason=LIMIT_DECLINE
AUDIT txn=1406 account=18 amount=414.09 DECLINED reason=FRAUD_TIMEOUT
AUDIT txn=1428 account=18 amount=269.84 DECLINED reason=LIMIT_DECLINE
AUDIT txn=1413 account=1 amount=189.25 APPROVED
AUDIT txn=1414 account=14 amount=91.80 APPROVED
AUDIT txn=1418 account=14 amount=145.80 DECLINED reason=LIMIT_DECLINE
AUDIT txn=1416 account=16 amount=438.59 APPROVED
AUDIT txn=1420 account=3 amount=469.03 DECLINED reason=SCORE_DECLINE
AUDIT txn=1415 account=13 amount=338.18 DECLINED reason=LIMIT_DECLINE
AUDIT txn=1432 account=6 amount=76.02 DECLINED reason=LIMIT_DECLINE
AUDIT txn=1422 account=10 amount=31.69 DECLINED reason=CHECK_ERROR
AUDIT txn=1423 account=17 amount=9.13 DECLINED reason=LIMIT_DECLINE
AUDIT txn=1427 account=19 amount=491.83 APPROVED
AUDIT txn=1440 account=2 amount=112.54 DECLINED reason=LIMIT_DECLINE
AUDIT txn=1425 account=12 amount=150.96 DECLINED reason=LIMIT_DECLINE
AUDIT txn=1426 account=17 amount=24.44 DECLINED reason=LIMIT_DECLINE
AUDIT txn=1417 account=11 amount=224.14 DECLINED reason=FRAUD_TIMEOUT
AUDIT txn=1430 account=4 amount=412.17 DECLINED reason=LIMIT_DECLINE
AUDIT txn=1421 account=15 amount=223.67 DECLINED reason=FRAUD_TIMEOUT
AUDIT txn=1429 account=19 amount=284.59 APPROVED
AUDIT txn=1443 account=15 amount=59.52 DECLINED reason=LIMIT_DECLINE
AUDIT txn=1431 account=9 amount=366.14 APPROVED
AUDIT txn=1434 account=9 amount=486.64 APPROVED
AUDIT txn=1435 account=14 amount=15500.53 DECLINED reason=LIMIT_DECLINE
AUDIT txn=1450 account=12 amount=142.06 DECLINED reason=LIMIT_DECLINE
AUDIT txn=1433 account=15 amount=432.88 DECLINED reason=LIMIT_DECLINE
AUDIT txn=1436 account=12 amount=344.79 DECLINED reason=LIMIT_DECLINE
AUDIT txn=1438 account=13 amount=270.24 DECLINED reason=LIMIT_DECLINE
AUDIT txn=1454 account=4 amount=179.23 DECLINED reason=LIMIT_DECLINE
AUDIT txn=1437 account=2 amount=124.73 DECLINED reason=LIMIT_DECLINE
AUDIT txn=1442 account=14 amount=97.20 DECLINED reason=LIMIT_DECLINE
AUDIT txn=1439 account=2 amount=209.06 DECLINED reason=LIMIT_DECLINE
AUDIT txn=1458 account=11 amount=408.79 DECLINED reason=LIMIT_DECLINE
AUDIT txn=1441 account=16 amount=190.19 APPROVED
AUDIT txn=1448 account=3 amount=4.36 DECLINED reason=CHECK_ERROR
AUDIT txn=1444 account=19 amount=120.42 APPROVED
AUDIT txn=1446 account=20 amount=332.66 APPROVED
AUDIT txn=1445 account=14 amount=194.89 DECLINED reason=LIMIT_DECLINE
AUDIT txn=1449 account=4 amount=280.14 DECLINED reason=LIMIT_DECLINE
AUDIT txn=1462 account=18 amount=134.44 DECLINED reason=LIMIT_DECLINE
AUDIT txn=1447 account=18 amount=226.58 DECLINED reason=LIMIT_DECLINE
AUDIT txn=1453 account=5 amount=354.26 DECLINED reason=LIMIT_DECLINE
AUDIT txn=1451 account=12 amount=174.71 DECLINED reason=LIMIT_DECLINE
AUDIT txn=1452 account=20 amount=86.20 DECLINED reason=CHECK_ERROR
AUDIT txn=1456 account=9 amount=76.65 APPROVED
AUDIT txn=1457 account=9 amount=283.01 APPROVED
AUDIT txn=1455 account=18 amount=191.54 DECLINED reason=LIMIT_DECLINE
AUDIT txn=1470 account=8 amount=450.41 DECLINED reason=LIMIT_DECLINE
AUDIT txn=1461 account=6 amount=315.10 DECLINED reason=LIMIT_DECLINE
AUDIT txn=1465 account=20 amount=486.49 APPROVED
AUDIT txn=1459 account=19 amount=460.36 APPROVED
AUDIT txn=1460 account=20 amount=12020.42 DECLINED reason=LIMIT_DECLINE
AUDIT txn=1463 account=14 amount=424.52 DECLINED reason=LIMIT_DECLINE
AUDIT txn=1467 account=12 amount=164.43 DECLINED reason=LIMIT_DECLINE
AUDIT txn=1464 account=20 amount=342.48 APPROVED
AUDIT txn=1477 account=20 amount=242.87 DECLINED reason=SCORE_DECLINE
AUDIT txn=1473 account=18 amount=35.53 DECLINED reason=LIMIT_DECLINE
AUDIT txn=1472 account=17 amount=459.66 DECLINED reason=LIMIT_DECLINE
AUDIT txn=1466 account=13 amount=253.76 DECLINED reason=LIMIT_DECLINE
AUDIT txn=1471 account=5 amount=312.17 DECLINED reason=LIMIT_DECLINE
AUDIT txn=1468 account=17 amount=50.31 DECLINED reason=LIMIT_DECLINE
AUDIT txn=1476 account=13 amount=37.68 APPROVED
AUDIT txn=1474 account=19 amount=217.07 APPROVED
AUDIT txn=1469 account=12 amount=15.11 DECLINED reason=LIMIT_DECLINE
AUDIT txn=1475 account=13 amount=112.80 DECLINED reason=LIMIT_DECLINE
AUDIT txn=1479 account=7 amount=328.55 DECLINED reason=LIMIT_DECLINE
AUDIT txn=1478 account=17 amount=112.08 DECLINED reason=LIMIT_DECLINE
AUDIT txn=1485 account=15 amount=443.34 DECLINED reason=LIMIT_DECLINE
AUDIT txn=1480 account=13 amount=263.60 DECLINED reason=LIMIT_DECLINE
AUDIT txn=1481 account=18 amount=422.13 DECLINED reason=LIMIT_DECLINE
AUDIT txn=1483 account=5 amount=293.38 DECLINED reason=LIMIT_DECLINE
AUDIT txn=1484 account=7 amount=138.04 DECLINED reason=LIMIT_DECLINE
AUDIT txn=1482 account=11 amount=413.91 DECLINED reason=SCORE_DECLINE
AUDIT txn=1487 account=2 amount=489.91 DECLINED reason=LIMIT_DECLINE
AUDIT txn=1489 account=10 amount=291.64 DECLINED reason=LIMIT_DECLINE
AUDIT txn=1486 account=11 amount=129.16 DECLINED reason=LIMIT_DECLINE
AUDIT txn=1488 account=13 amount=345.52 DECLINED reason=LIMIT_DECLINE
AUDIT txn=1492 account=14 amount=276.99 DECLINED reason=LIMIT_DECLINE
AUDIT txn=1490 account=1 amount=342.90 APPROVED
AUDIT txn=1494 account=1 amount=293.95 APPROVED
AUDIT txn=1495 account=19 amount=98.68 APPROVED
AUDIT txn=1491 account=20 amount=93.04 APPROVED
AUDIT txn=1493 account=12 amount=311.76 DECLINED reason=LIMIT_DECLINE
AUDIT txn=1497 account=8 amount=175.01 DECLINED reason=LIMIT_DECLINE
AUDIT txn=1496 account=12 amount=476.00 DECLINED reason=SCORE_DECLINE
AUDIT txn=1500 account=4 amount=82.76 APPROVED
AUDIT txn=1502 account=4 amount=7.02 DECLINED reason=SCORE_DECLINE
AUDIT txn=1498 account=3 amount=132.39 DECLINED reason=SCORE_DECLINE
AUDIT txn=1501 account=16 amount=469.07 APPROVED
AUDIT txn=1499 account=1 amount=286.16 APPROVED
AUDIT txn=1503 account=13 amount=214.69 DECLINED reason=LIMIT_DECLINE
AUDIT txn=1507 account=10 amount=494.23 DECLINED reason=SCORE_DECLINE
AUDIT txn=1506 account=15 amount=216.76 DECLINED reason=LIMIT_DECLINE
AUDIT txn=1505 account=6 amount=69.21 DECLINED reason=CHECK_ERROR
AUDIT txn=1508 account=6 amount=248.35 DECLINED reason=LIMIT_DECLINE
AUDIT txn=1504 account=18 amount=339.01 DECLINED reason=LIMIT_DECLINE
AUDIT txn=1510 account=12 amount=460.85 DECLINED reason=LIMIT_DECLINE
AUDIT txn=1509 account=3 amount=40.75 DECLINED reason=LIMIT_DECLINE
AUDIT txn=1511 account=11 amount=442.36 DECLINED reason=LIMIT_DECLINE
AUDIT txn=1513 account=12 amount=326.72 DECLINED reason=LIMIT_DECLINE
AUDIT txn=1514 account=9 amount=435.84 APPROVED
AUDIT txn=1515 account=7 amount=375.59 DECLINED reason=LIMIT_DECLINE
AUDIT txn=1512 account=15 amount=172.59 DECLINED reason=LIMIT_DECLINE
AUDIT txn=1519 account=9 amount=412.57 APPROVED
AUDIT txn=1518 account=5 amount=61.79 DECLINED reason=LIMIT_DECLINE
AUDIT txn=1516 account=7 amount=108.70 DECLINED reason=LIMIT_DECLINE
AUDIT txn=1517 account=16 amount=4.10 APPROVED
AUDIT txn=1520 account=8 amount=304.68 DECLINED reason=LIMIT_DECLINE
AUDIT txn=1525 account=10 amount=495.95 DECLINED reason=SCORE_DECLINE
AUDIT txn=1521 account=4 amount=305.16 DECLINED reason=LIMIT_DECLINE
AUDIT txn=1526 account=20 amount=384.56 APPROVED
AUDIT txn=1524 account=2 amount=441.10 DECLINED reason=LIMIT_DECLINE
AUDIT txn=1522 account=8 amount=341.46 DECLINED reason=LIMIT_DECLINE
AUDIT txn=1530 account=20 amount=85.81 APPROVED
AUDIT txn=1523 account=8 amount=130.52 DECLINED reason=LIMIT_DECLINE
AUDIT txn=1527 account=10 amount=356.54 DECLINED reason=LIMIT_DECLINE
AUDIT txn=1529 account=8 amount=378.21 DECLINED reason=CHECK_ERROR
AUDIT txn=1528 account=14 amount=38.67 DECLINED reason=LIMIT_DECLINE
AUDIT txn=1531 account=5 amount=315.20 DECLINED reason=LIMIT_DECLINE
AUDIT txn=1534 account=9 amount=178.31 APPROVED
AUDIT txn=1533 account=14 amount=104.74 DECLINED reason=LIMIT_DECLINE
AUDIT txn=1532 account=13 amount=247.65 DECLINED reason=LIMIT_DECLINE
AUDIT txn=1535 account=14 amount=439.77 DECLINED reason=LIMIT_DECLINE
AUDIT txn=1536 account=11 amount=398.25 DECLINED reason=LIMIT_DECLINE
AUDIT txn=1539 account=18 amount=411.46 DECLINED reason=LIMIT_DECLINE
AUDIT txn=1538 account=9 amount=238.86 APPROVED
AUDIT txn=1537 account=6 amount=26.86 DECLINED reason=LIMIT_DECLINE
AUDIT txn=1541 account=3 amount=16.41 DECLINED reason=LIMIT_DECLINE
AUDIT txn=1543 account=15 amount=10.38 APPROVED
AUDIT txn=1542 account=11 amount=321.39 DECLINED reason=LIMIT_DECLINE
AUDIT txn=1540 account=10 amount=399.70 DECLINED reason=LIMIT_DECLINE
AUDIT txn=1545 account=19 amount=365.92 APPROVED
AUDIT txn=1544 account=20 amount=101.07 APPROVED
AUDIT txn=1550 account=4 amount=74.66 DECLINED reason=LIMIT_DECLINE
AUDIT txn=1546 account=15 amount=484.44 DECLINED reason=LIMIT_DECLINE
AUDIT txn=1547 account=7 amount=234.51 DECLINED reason=CHECK_ERROR
AUDIT txn=1548 account=1 amount=82.70 APPROVED
AUDIT txn=1549 account=7 amount=420.31 DECLINED reason=LIMIT_DECLINE
AUDIT txn=1551 account=8 amount=32.60 DECLINED reason=LIMIT_DECLINE
AUDIT txn=1553 account=11 amount=412.63 DECLINED reason=LIMIT_DECLINE
AUDIT txn=1562 account=5 amount=499.60 DECLINED reason=LIMIT_DECLINE
AUDIT txn=1558 account=14 amount=13.07 APPROVED
AUDIT txn=1552 account=5 amount=373.48 DECLINED reason=LIMIT_DECLINE
AUDIT txn=1554 account=2 amount=149.00 DECLINED reason=LIMIT_DECLINE
AUDIT txn=1556 account=2 amount=271.78 DECLINED reason=SCORE_DECLINE
AUDIT txn=1555 account=15 amount=482.96 DECLINED reason=LIMIT_DECLINE
AUDIT txn=1557 account=11 amount=325.70 DECLINED reason=LIMIT_DECLINE
AUDIT txn=1559 account=8 amount=249.99 DECLINED reason=LIMIT_DECLINE
AUDIT txn=1561 account=13 amount=18013.47 DECLINED reason=LIMIT_DECLINE
AUDIT txn=1560 account=10 amount=76.65 DECLINED reason=LIMIT_DECLINE
AUDIT txn=1563 account=7 amount=255.09 DECLINED reason=LIMIT_DECLINE
AUDIT txn=1566 account=10 amount=332.80 DECLINED reason=LIMIT_DECLINE
AUDIT txn=1564 account=3 amount=20.48 DECLINED reason=LIMIT_DECLINE
AUDIT txn=1565 account=13 amount=147.99 DECLINED reason=LIMIT_DECLINE
AUDIT txn=1567 account=14 amount=95.63 DECLINED reason=LIMIT_DECLINE
AUDIT txn=1568 account=16 amount=189.49 DECLINED reason=SCORE_DECLINE
AUDIT txn=1569 account=19 amount=367.59 APPROVED
AUDIT txn=1572 account=3 amount=381.24 DECLINED reason=LIMIT_DECLINE
AUDIT txn=1570 account=13 amount=162.70 DECLINED reason=LIMIT_DECLINE
AUDIT txn=1571 account=6 amount=393.81 DECLINED reason=LIMIT_DECLINE
AUDIT txn=1576 account=15 amount=24.73 DECLINED reason=LIMIT_DECLINE
AUDIT txn=1574 account=10 amount=499.13 DECLINED reason=LIMIT_DECLINE
AUDIT txn=1577 account=1 amount=259.94 APPROVED
AUDIT txn=1573 account=20 amount=267.49 APPROVED
AUDIT txn=1575 account=10 amount=122.61 DECLINED reason=LIMIT_DECLINE
AUDIT txn=1579 account=16 amount=16615.02 DECLINED reason=LIMIT_DECLINE
AUDIT txn=1582 account=9 amount=31.64 APPROVED
AUDIT txn=1583 account=3 amount=240.46 DECLINED reason=LIMIT_DECLINE
AUDIT txn=1578 account=15 amount=440.11 DECLINED reason=LIMIT_DECLINE
AUDIT txn=1581 account=5 amount=82.54 DECLINED reason=LIMIT_DECLINE
AUDIT txn=1580 account=15 amount=189.60 DECLINED reason=CHECK_ERROR
AUDIT txn=1586 account=19 amount=150.89 APPROVED
AUDIT txn=1584 account=1 amount=379.68 APPROVED
AUDIT txn=1587 account=2 amount=340.59 DECLINED reason=FRAUD_TIMEOUT
AUDIT txn=1585 account=3 amount=334.01 DECLINED reason=LIMIT_DECLINE
AUDIT txn=1589 account=9 amount=397.85 APPROVED
AUDIT txn=1590 account=13 amount=291.94 DECLINED reason=LIMIT_DECLINE
AUDIT txn=1598 account=7 amount=151.13 DECLINED reason=CHECK_ERROR
AUDIT txn=1591 account=12 amount=402.85 DECLINED reason=LIMIT_DECLINE
AUDIT txn=1588 account=5 amount=145.76 DECLINED reason=LIMIT_DECLINE
AUDIT txn=1592 account=2 amount=95.29 DECLINED reason=SCORE_DECLINE
AUDIT txn=1593 account=10 amount=32.93 APPROVED
AUDIT txn=1594 account=12 amount=93.17 DECLINED reason=LIMIT_DECLINE
AUDIT txn=1607 account=16 amount=364.45 APPROVED
AUDIT txn=1597 account=11 amount=64.63 DECLINED reason=LIMIT_DECLINE
AUDIT txn=1595 account=3 amount=239.94 DECLINED reason=LIMIT_DECLINE
AUDIT txn=1596 account=11 amount=224.93 DECLINED reason=LIMIT_DECLINE
AUDIT txn=1601 account=18 amount=487.24 DECLINED reason=LIMIT_DECLINE
AUDIT txn=1600 account=9 amount=165.72 APPROVED
AUDIT txn=1599 account=10 amount=250.81 DECLINED reason=LIMIT_DECLINE
AUDIT txn=1604 account=4 amount=367.78 DECLINED reason=LIMIT_DECLINE
AUDIT txn=1613 account=11 amount=183.73 DECLINED reason=LIMIT_DECLINE
AUDIT txn=1602 account=7 amount=223.70 DECLINED reason=LIMIT_DECLINE
AUDIT txn=1603 account=9 amount=313.35 APPROVED
AUDIT txn=1608 account=2 amount=364.94 DECLINED reason=LIMIT_DECLINE
AUDIT txn=1606 account=9 amount=266.67 APPROVED
AUDIT txn=1605 account=2 amount=149.18 DECLINED reason=LIMIT_DECLINE
AUDIT txn=1609 account=16 amount=367.61 APPROVED
AUDIT txn=1612 account=12 amount=473.18 DECLINED reason=LIMIT_DECLINE
AUDIT txn=1614 account=7 amount=160.36 DECLINED reason=LIMIT_DECLINE
AUDIT txn=1616 account=9 amount=479.36 DECLINED reason=CHECK_ERROR
AUDIT txn=1610 account=10 amount=402.87 DECLINED reason=LIMIT_DECLINE
AUDIT txn=1615 account=19 amount=374.56 APPROVED
AUDIT txn=1611 account=9 amount=360.35 APPROVED
AUDIT txn=1618 account=14 amount=320.34 DECLINED reason=LIMIT_DECLINE
AUDIT txn=1617 account=15 amount=288.04 DECLINED reason=LIMIT_DECLINE
AUDIT txn=1620 account=12 amount=465.33 DECLINED reason=LIMIT_DECLINE
AUDIT txn=1622 account=12 amount=38.54 DECLINED reason=LIMIT_DECLINE
AUDIT txn=1621 account=11 amount=140.80 DECLINED reason=LIMIT_DECLINE
AUDIT txn=1619 account=5 amount=463.36 DECLINED reason=LIMIT_DECLINE
AUDIT txn=1625 account=12 amount=359.35 DECLINED reason=LIMIT_DECLINE
AUDIT txn=1626 account=11 amount=92.70 DECLINED reason=LIMIT_DECLINE
AUDIT txn=1623 account=20 amount=429.44 DECLINED reason=LIMIT_DECLINE
AUDIT txn=1627 account=9 amount=296.59 DECLINED reason=SCORE_DECLINE
AUDIT txn=1628 account=16 amount=2.26 DECLINED reason=CHECK_ERROR
AUDIT txn=1624 account=4 amount=491.59 DECLINED reason=LIMIT_DECLINE
AUDIT txn=1629 account=8 amount=131.20 DECLINED reason=LIMIT_DECLINE
AUDIT txn=1630 account=17 amount=187.59 DECLINED reason=LIMIT_DECLINE
AUDIT txn=1634 account=11 amount=437.84 DECLINED reason=LIMIT_DECLINE
AUDIT txn=1631 account=2 amount=327.19 DECLINED reason=LIMIT_DECLINE
AUDIT txn=1635 account=15 amount=81.82 DECLINED reason=LIMIT_DECLINE
AUDIT txn=1636 account=1 amount=157.25 APPROVED
AUDIT txn=1632 account=7 amount=297.00 DECLINED reason=LIMIT_DECLINE
AUDIT txn=1633 account=16 amount=135.06 APPROVED
AUDIT txn=1637 account=12 amount=16839.61 DECLINED reason=LIMIT_DECLINE
AUDIT txn=1641 account=1 amount=13462.61 DECLINED reason=LIMIT_DECLINE
AUDIT txn=1639 account=6 amount=293.01 DECLINED reason=LIMIT_DECLINE
AUDIT txn=1640 account=7 amount=292.97 DECLINED reason=LIMIT_DECLINE
AUDIT txn=1638 account=5 amount=107.62 DECLINED reason=LIMIT_DECLINE
AUDIT txn=1642 account=14 amount=390.63 DECLINED reason=LIMIT_DECLINE
AUDIT txn=1644 account=8 amount=9.99 DECLINED reason=LIMIT_DECLINE
AUDIT txn=1643 account=5 amount=252.56 DECLINED reason=LIMIT_DECLINE
AUDIT txn=1648 account=10 amount=386.70 DECLINED reason=LIMIT_DECLINE
AUDIT txn=1649 account=13 amount=150.83 DECLINED reason=LIMIT_DECLINE
AUDIT txn=1646 account=4 amount=194.64 DECLINED reason=SCORE_DECLINE
AUDIT txn=1650 account=19 amount=106.09 APPROVED
AUDIT txn=1645 account=16 amount=39.09 APPROVED
AUDIT txn=1647 account=9 amount=388.98 APPROVED
AUDIT txn=1652 account=15 amount=126.37 DECLINED reason=LIMIT_DECLINE
AUDIT txn=1656 account=10 amount=464.75 DECLINED reason=LIMIT_DECLINE
AUDIT txn=1655 account=14 amount=243.81 DECLINED reason=LIMIT_DECLINE
AUDIT txn=1651 account=5 amount=317.71 DECLINED reason=LIMIT_DECLINE
AUDIT txn=1654 account=10 amount=48.56 DECLINED reason=LIMIT_DECLINE
AUDIT txn=1653 account=4 amount=473.06 DECLINED reason=CHECK_ERROR
AUDIT txn=1661 account=4 amount=405.35 DECLINED reason=CHECK_ERROR
AUDIT txn=1660 account=17 amount=58.21 DECLINED reason=LIMIT_DECLINE
AUDIT txn=1657 account=6 amount=48.03 DECLINED reason=LIMIT_DECLINE
AUDIT txn=1658 account=1 amount=53.01 APPROVED
AUDIT txn=1659 account=12 amount=188.96 DECLINED reason=LIMIT_DECLINE
AUDIT txn=1662 account=7 amount=200.53 DECLINED reason=LIMIT_DECLINE
AUDIT txn=1665 account=13 amount=49.94 DECLINED reason=LIMIT_DECLINE
AUDIT txn=1663 account=20 amount=88.70 APPROVED
AUDIT txn=1667 account=15 amount=225.63 DECLINED reason=LIMIT_DECLINE
AUDIT txn=1664 account=2 amount=14338.40 DECLINED reason=LIMIT_DECLINE
AUDIT txn=1666 account=3 amount=391.27 DECLINED reason=SCORE_DECLINE
AUDIT txn=1671 account=12 amount=368.75 DECLINED reason=LIMIT_DECLINE
AUDIT txn=1674 account=3 amount=367.08 DECLINED reason=SCORE_DECLINE
AUDIT txn=1670 account=18 amount=284.06 DECLINED reason=CHECK_ERROR
AUDIT txn=1672 account=6 amount=328.99 DECLINED reason=LIMIT_DECLINE
AUDIT txn=1669 account=15 amount=298.88 DECLINED reason=SCORE_DECLINE
AUDIT txn=1668 account=11 amount=134.38 DECLINED reason=LIMIT_DECLINE
AUDIT txn=1675 account=17 amount=284.09 DECLINED reason=LIMIT_DECLINE
AUDIT txn=1678 account=18 amount=15692.65 DECLINED reason=SCORE_DECLINE
AUDIT txn=1673 account=9 amount=366.56 APPROVED
AUDIT txn=1677 account=8 amount=455.75 DECLINED reason=SCORE_DECLINE
AUDIT txn=1679 account=5 amount=13714.65 DECLINED reason=LIMIT_DECLINE
AUDIT txn=1680 account=18 amount=342.62 DECLINED reason=SCORE_DECLINE
AUDIT txn=1681 account=16 amount=120.02 DECLINED reason=SCORE_DECLINE
AUDIT txn=1683 account=14 amount=338.30 DECLINED reason=SCORE_DECLINE
AUDIT txn=1676 account=14 amount=335.25 DECLINED reason=LIMIT_DECLINE
AUDIT txn=1686 account=3 amount=125.97 DECLINED reason=LIMIT_DECLINE
AUDIT txn=1682 account=20 amount=332.11 DECLINED reason=LIMIT_DECLINE
AUDIT txn=1684 account=5 amount=488.22 DECLINED reason=LIMIT_DECLINE
AUDIT txn=1689 account=8 amount=117.83 DECLINED reason=LIMIT_DECLINE
AUDIT txn=1687 account=20 amount=330.44 DECLINED reason=LIMIT_DECLINE
AUDIT txn=1685 account=3 amount=438.82 DECLINED reason=LIMIT_DECLINE
AUDIT txn=1690 account=7 amount=271.07 DECLINED reason=LIMIT_DECLINE
AUDIT txn=1691 account=5 amount=41.51 DECLINED reason=LIMIT_DECLINE
AUDIT txn=1692 account=20 amount=368.93 DECLINED reason=CHECK_ERROR
AUDIT txn=1695 account=20 amount=125.62 DECLINED reason=LIMIT_DECLINE
AUDIT txn=1688 account=16 amount=442.24 DECLINED reason=LIMIT_DECLINE
AUDIT txn=1694 account=17 amount=371.79 DECLINED reason=LIMIT_DECLINE
AUDIT txn=1697 account=13 amount=65.54 DECLINED reason=LIMIT_DECLINE
AUDIT txn=1693 account=17 amount=234.52 DECLINED reason=CHECK_ERROR
AUDIT txn=1696 account=17 amount=486.11 DECLINED reason=LIMIT_DECLINE
AUDIT txn=1700 account=13 amount=442.25 DECLINED reason=LIMIT_DECLINE
AUDIT txn=1698 account=18 amount=57.66 DECLINED reason=CHECK_ERROR
AUDIT txn=1701 account=6 amount=312.17 DECLINED reason=LIMIT_DECLINE
AUDIT txn=1699 account=2 amount=371.69 DECLINED reason=LIMIT_DECLINE
AUDIT txn=1702 account=4 amount=426.50 DECLINED reason=SCORE_DECLINE
AUDIT txn=1703 account=10 amount=213.27 DECLINED reason=LIMIT_DECLINE
AUDIT txn=1704 account=8 amount=118.72 DECLINED reason=LIMIT_DECLINE
AUDIT txn=1707 account=12 amount=10800.06 DECLINED reason=CHECK_ERROR
AUDIT txn=1706 account=11 amount=125.87 DECLINED reason=LIMIT_DECLINE
AUDIT txn=1705 account=9 amount=228.46 DECLINED reason=SCORE_DECLINE
AUDIT txn=1708 account=17 amount=90.82 DECLINED reason=LIMIT_DECLINE
AUDIT txn=1710 account=1 amount=489.35 APPROVED
AUDIT txn=1709 account=14 amount=364.99 DECLINED reason=LIMIT_DECLINE
AUDIT txn=1712 account=16 amount=197.09 APPROVED
AUDIT txn=1715 account=12 amount=428.95 DECLINED reason=LIMIT_DECLINE
AUDIT txn=1711 account=6 amount=25.92 DECLINED reason=LIMIT_DECLINE
AUDIT txn=1717 account=15 amount=209.89 DECLINED reason=LIMIT_DECLINE
AUDIT txn=1716 account=16 amount=313.98 DECLINED reason=LIMIT_DECLINE
AUDIT txn=1713 account=2 amount=499.98 DECLINED reason=LIMIT_DECLINE
AUDIT txn=1714 account=18 amount=110.66 DECLINED reason=LIMIT_DECLINE
AUDIT txn=1718 account=7 amount=17.28 DECLINED reason=LIMIT_DECLINE
AUDIT txn=1719 account=6 amount=16.68 DECLINED reason=LIMIT_DECLINE
AUDIT txn=1721 account=13 amount=201.60 DECLINED reason=LIMIT_DECLINE
AUDIT txn=1722 account=3 amount=390.60 DECLINED reason=LIMIT_DECLINE
AUDIT txn=1720 account=14 amount=393.48 DECLINED reason=SCORE_DECLINE
AUDIT txn=1723 account=12 amount=143.52 DECLINED reason=LIMIT_DECLINE
AUDIT txn=1727 account=8 amount=353.84 DECLINED reason=LIMIT_DECLINE
AUDIT txn=1728 account=17 amount=53.53 DECLINED reason=LIMIT_DECLINE
AUDIT txn=1729 account=7 amount=11119.89 DECLINED reason=SCORE_DECLINE
AUDIT txn=1726 account=7 amount=497.77 DECLINED reason=LIMIT_DECLINE
AUDIT txn=1724 account=10 amount=495.89 DECLINED reason=LIMIT_DECLINE
AUDIT txn=1725 account=3 amount=470.31 DECLINED reason=LIMIT_DECLINE
AUDIT txn=1734 account=20 amount=88.55 APPROVED
AUDIT txn=1735 account=7 amount=260.75 DECLINED reason=LIMIT_DECLINE
AUDIT txn=1731 account=3 amount=60.37 DECLINED reason=LIMIT_DECLINE
AUDIT txn=1733 account=20 amount=365.32 DECLINED reason=LIMIT_DECLINE
AUDIT txn=1730 account=16 amount=489.42 DECLINED reason=LIMIT_DECLINE
AUDIT txn=1736 account=1 amount=139.84 APPROVED
AUDIT txn=1737 account=18 amount=71.49 DECLINED reason=LIMIT_DECLINE
AUDIT txn=1732 account=14 amount=47.06 DECLINED reason=LIMIT_DECLINE
AUDIT txn=1738 account=13 amount=274.38 DECLINED reason=LIMIT_DECLINE
AUDIT txn=1740 account=11 amount=43.95 DECLINED reason=LIMIT_DECLINE
AUDIT txn=1742 account=6 amount=212.50 DECLINED reason=LIMIT_DECLINE
AUDIT txn=1739 account=12 amount=392.83 DECLINED reason=SCORE_DECLINE
AUDIT txn=1745 account=4 amount=256.12 DECLINED reason=SCORE_DECLINE
AUDIT txn=1743 account=10 amount=413.17 DECLINED reason=LIMIT_DECLINE
AUDIT txn=1744 account=10 amount=309.02 DECLINED reason=LIMIT_DECLINE
AUDIT txn=1741 account=7 amount=47.36 DECLINED reason=LIMIT_DECLINE
AUDIT txn=1749 account=3 amount=149.28 DECLINED reason=LIMIT_DECLINE
AUDIT txn=1746 account=4 amount=23.57 DECLINED reason=LIMIT_DECLINE
AUDIT txn=1747 account=3 amount=15935.38 DECLINED reason=LIMIT_DECLINE
AUDIT txn=1748 account=7 amount=135.91 DECLINED reason=LIMIT_DECLINE
AUDIT txn=1750 account=10 amount=163.28 DECLINED reason=LIMIT_DECLINE
AUDIT txn=1752 account=18 amount=209.06 DECLINED reason=LIMIT_DECLINE
AUDIT txn=1751 account=15 amount=370.81 DECLINED reason=LIMIT_DECLINE
AUDIT txn=1753 account=11 amount=453.19 DECLINED reason=LIMIT_DECLINE
AUDIT txn=1754 account=16 amount=22.61 DECLINED reason=LIMIT_DECLINE
AUDIT txn=1758 account=9 amount=393.91 APPROVED
AUDIT txn=1759 account=11 amount=206.17 DECLINED reason=LIMIT_DECLINE
AUDIT txn=1757 account=11 amount=220.07 DECLINED reason=LIMIT_DECLINE
AUDIT txn=1755 account=8 amount=306.60 DECLINED reason=LIMIT_DECLINE
AUDIT txn=1760 account=15 amount=221.36 DECLINED reason=LIMIT_DECLINE
AUDIT txn=1756 account=13 amount=293.79 DECLINED reason=SCORE_DECLINE
AUDIT txn=1763 account=3 amount=14528.40 DECLINED reason=LIMIT_DECLINE
AUDIT txn=1765 account=5 amount=138.81 DECLINED reason=LIMIT_DECLINE
AUDIT txn=1761 account=5 amount=205.19 DECLINED reason=LIMIT_DECLINE
AUDIT txn=1764 account=6 amount=415.39 DECLINED reason=SCORE_DECLINE
AUDIT txn=1766 account=8 amount=326.95 DECLINED reason=LIMIT_DECLINE
AUDIT txn=1762 account=19 amount=149.57 APPROVED
AUDIT txn=1769 account=19 amount=216.11 APPROVED
AUDIT txn=1770 account=10 amount=320.13 DECLINED reason=LIMIT_DECLINE
AUDIT txn=1767 account=4 amount=344.35 DECLINED reason=LIMIT_DECLINE
AUDIT txn=1773 account=7 amount=21.26 DECLINED reason=LIMIT_DECLINE
AUDIT txn=1771 account=9 amount=17793.78 DECLINED reason=LIMIT_DECLINE
AUDIT txn=1772 account=17 amount=488.71 DECLINED reason=LIMIT_DECLINE
AUDIT txn=1776 account=4 amount=10.72 APPROVED
AUDIT txn=1774 account=12 amount=354.50 DECLINED reason=LIMIT_DECLINE
AUDIT txn=1777 account=2 amount=26.97 DECLINED reason=LIMIT_DECLINE
AUDIT txn=1768 account=7 amount=377.34 DECLINED reason=FRAUD_TIMEOUT
AUDIT txn=1775 account=3 amount=391.26 DECLINED reason=SCORE_DECLINE
AUDIT txn=1778 account=14 amount=227.85 DECLINED reason=SCORE_DECLINE
AUDIT txn=1780 account=20 amount=258.71 DECLINED reason=LIMIT_DECLINE
AUDIT txn=1781 account=16 amount=235.03 DECLINED reason=SCORE_DECLINE
AUDIT txn=1779 account=3 amount=65.59 DECLINED reason=LIMIT_DECLINE
AUDIT txn=1784 account=9 amount=410.33 APPROVED
AUDIT txn=1783 account=20 amount=499.17 DECLINED reason=LIMIT_DECLINE
AUDIT txn=1782 account=18 amount=195.23 DECLINED reason=LIMIT_DECLINE
AUDIT txn=1786 account=1 amount=232.97 APPROVED
AUDIT txn=1785 account=5 amount=324.76 DECLINED reason=LIMIT_DECLINE
AUDIT txn=1788 account=15 amount=273.61 DECLINED reason=LIMIT_DECLINE
AUDIT txn=1787 account=9 amount=132.24 APPROVED
AUDIT txn=1792 account=15 amount=198.24 DECLINED reason=LIMIT_DECLINE
AUDIT txn=1789 account=13 amount=169.45 DECLINED reason=LIMIT_DECLINE
AUDIT txn=1793 account=5 amount=239.76 DECLINED reason=LIMIT_DECLINE
AUDIT txn=1796 account=2 amount=19977.55 DECLINED reason=LIMIT_DECLINE
AUDIT txn=1794 account=18 amount=421.04 DECLINED reason=LIMIT_DECLINE
AUDIT txn=1795 account=8 amount=204.82 DECLINED reason=LIMIT_DECLINE
AUDIT txn=1797 account=8 amount=161.44 DECLINED reason=LIMIT_DECLINE
AUDIT txn=1790 account=4 amount=499.41 DECLINED reason=FRAUD_TIMEOUT
AUDIT txn=1791 account=13 amount=168.24 DECLINED reason=FRAUD_TIMEOUT
AUDIT txn=1799 account=20 amount=31.90 DECLINED reason=LIMIT_DECLINE
AUDIT txn=1800 account=3 amount=53.09 DECLINED reason=LIMIT_DECLINE
AUDIT txn=1802 account=10 amount=6.71 APPROVED
AUDIT txn=1798 account=16 amount=277.59 DECLINED reason=LIMIT_DECLINE
AUDIT txn=1805 account=13 amount=26.53 DECLINED reason=LIMIT_DECLINE
AUDIT txn=1806 account=18 amount=18.27 DECLINED reason=LIMIT_DECLINE
AUDIT txn=1801 account=18 amount=265.12 DECLINED reason=LIMIT_DECLINE
AUDIT txn=1807 account=14 amount=159.35 DECLINED reason=LIMIT_DECLINE
AUDIT txn=1804 account=7 amount=236.91 DECLINED reason=LIMIT_DECLINE
AUDIT txn=1808 account=13 amount=48.95 DECLINED reason=LIMIT_DECLINE
AUDIT txn=1809 account=11 amount=351.70 DECLINED reason=LIMIT_DECLINE
AUDIT txn=1813 account=15 amount=316.81 DECLINED reason=LIMIT_DECLINE
AUDIT txn=1814 account=17 amount=408.66 DECLINED reason=CHECK_ERROR
AUDIT txn=1803 account=2 amount=330.36 DECLINED reason=FRAUD_TIMEOUT
AUDIT txn=1811 account=4 amount=89.78 DECLINED reason=LIMIT_DECLINE
AUDIT txn=1810 account=17 amount=434.84 DECLINED reason=LIMIT_DECLINE
AUDIT txn=1815 account=11 amount=419.57 DECLINED reason=SCORE_DECLINE
AUDIT txn=1812 account=17 amount=88.82 DECLINED reason=LIMIT_DECLINE
AUDIT txn=1818 account=1 amount=237.29 APPROVED
AUDIT txn=1817 account=19 amount=330.56 APPROVED
AUDIT txn=1820 account=14 amount=239.65 DECLINED reason=LIMIT_DECLINE
AUDIT txn=1819 account=2 amount=143.67 DECLINED reason=LIMIT_DECLINE
AUDIT txn=1824 account=3 amount=178.65 DECLINED reason=SCORE_DECLINE
AUDIT txn=1821 account=1 amount=367.09 APPROVED
AUDIT txn=1822 account=1 amount=235.31 APPROVED
AUDIT txn=1816 account=16 amount=71.49 DECLINED reason=LIMIT_DECLINE
AUDIT txn=1827 account=4 amount=444.56 DECLINED reason=LIMIT_DECLINE
AUDIT txn=1825 account=18 amount=407.64 DECLINED reason=LIMIT_DECLINE
AUDIT txn=1823 account=6 amount=493.49 DECLINED reason=LIMIT_DECLINE
AUDIT txn=1826 account=2 amount=92.74 DECLINED reason=LIMIT_DECLINE
AUDIT txn=1832 account=9 amount=268.71 APPROVED
AUDIT txn=1830 account=1 amount=287.17 APPROVED
AUDIT txn=1833 account=6 amount=77.07 DECLINED reason=LIMIT_DECLINE
AUDIT txn=1831 account=3 amount=207.69 DECLINED reason=LIMIT_DECLINE
AUDIT txn=1829 account=14 amount=325.59 DECLINED reason=LIMIT_DECLINE
AUDIT txn=1835 account=15 amount=216.23 DECLINED reason=LIMIT_DECLINE
AUDIT txn=1837 account=19 amount=456.88 APPROVED
AUDIT txn=1828 account=17 amount=209.95 DECLINED reason=FRAUD_TIMEOUT
AUDIT txn=1839 account=6 amount=50.62 DECLINED reason=SCORE_DECLINE
AUDIT txn=1834 account=19 amount=436.78 APPROVED
AUDIT txn=1836 account=13 amount=16.91 DECLINED reason=LIMIT_DECLINE
AUDIT txn=1838 account=4 amount=54.96 DECLINED reason=SCORE_DECLINE
AUDIT txn=1843 account=16 amount=43.02 DECLINED reason=LIMIT_DECLINE
AUDIT txn=1840 account=10 amount=484.85 DECLINED reason=LIMIT_DECLINE
AUDIT txn=1841 account=8 amount=356.17 DECLINED reason=SCORE_DECLINE
AUDIT txn=1844 account=18 amount=485.76 DECLINED reason=LIMIT_DECLINE
AUDIT txn=1842 account=10 amount=314.55 DECLINED reason=LIMIT_DECLINE
AUDIT txn=1846 account=5 amount=414.39 DECLINED reason=LIMIT_DECLINE
AUDIT txn=1849 account=15 amount=10733.33 DECLINED reason=LIMIT_DECLINE
AUDIT txn=1851 account=13 amount=291.08 DECLINED reason=LIMIT_DECLINE
AUDIT txn=1845 account=7 amount=79.35 DECLINED reason=LIMIT_DECLINE
AUDIT txn=1848 account=7 amount=328.69 DECLINED reason=LIMIT_DECLINE
AUDIT txn=1847 account=8 amount=16567.65 DECLINED reason=SCORE_DECLINE
AUDIT txn=1850 account=16 amount=320.66 DECLINED reason=LIMIT_DECLINE
AUDIT txn=1852 account=3 amount=6.70 DECLINED reason=LIMIT_DECLINE
AUDIT txn=1855 account=15 amount=156.93 DECLINED reason=LIMIT_DECLINE
AUDIT txn=1853 account=18 amount=30.83 DECLINED reason=LIMIT_DECLINE
AUDIT txn=1857 account=18 amount=402.63 DECLINED reason=LIMIT_DECLINE
AUDIT txn=1856 account=13 amount=480.30 DECLINED reason=LIMIT_DECLINE
AUDIT txn=1854 account=9 amount=126.12 APPROVED
AUDIT txn=1858 account=10 amount=455.98 DECLINED reason=LIMIT_DECLINE
AUDIT txn=1862 account=15 amount=164.46 DECLINED reason=LIMIT_DECLINE
AUDIT txn=1861 account=19 amount=11626.23 DECLINED reason=LIMIT_DECLINE
AUDIT txn=1864 account=7 amount=399.18 DECLINED reason=CHECK_ERROR
AUDIT txn=1863 account=15 amount=125.75 DECLINED reason=LIMIT_DECLINE
AUDIT txn=1860 account=5 amount=326.49 DECLINED reason=LIMIT_DECLINE
AUDIT txn=1859 account=14 amount=17013.19 DECLINED reason=LIMIT_DECLINE
AUDIT txn=1866 account=8 amount=114.51 DECLINED reason=LIMIT_DECLINE
AUDIT txn=1867 account=2 amount=399.41 DECLINED reason=LIMIT_DECLINE
AUDIT txn=1868 account=5 amount=69.56 DECLINED reason=LIMIT_DECLINE
AUDIT txn=1870 account=5 amount=7.90 DECLINED reason=LIMIT_DECLINE
AUDIT txn=1869 account=3 amount=192.50 DECLINED reason=LIMIT_DECLINE
AUDIT txn=1865 account=10 amount=380.57 DECLINED reason=LIMIT_DECLINE
AUDIT txn=1872 account=15 amount=357.10 DECLINED reason=CHECK_ERROR
AUDIT txn=1871 account=16 amount=241.21 DECLINED reason=LIMIT_DECLINE
AUDIT txn=1873 account=7 amount=19415.53 DECLINED reason=SCORE_DECLINE
AUDIT txn=1875 account=1 amount=66.67 APPROVED
AUDIT txn=1876 account=16 amount=267.85 DECLINED reason=SCORE_DECLINE
AUDIT txn=1878 account=3 amount=214.19 DECLINED reason=LIMIT_DECLINE
AUDIT txn=1874 account=8 amount=491.31 DECLINED reason=LIMIT_DECLINE
AUDIT txn=1877 account=20 amount=229.68 DECLINED reason=LIMIT_DECLINE
AUDIT txn=1879 account=8 amount=128.55 DECLINED reason=LIMIT_DECLINE
AUDIT txn=1880 account=14 amount=24.53 DECLINED reason=LIMIT_DECLINE
AUDIT txn=1883 account=13 amount=18475.58 DECLINED reason=LIMIT_DECLINE
AUDIT txn=1881 account=6 amount=442.22 DECLINED reason=LIMIT_DECLINE
AUDIT txn=1887 account=2 amount=413.98 DECLINED reason=LIMIT_DECLINE
AUDIT txn=1884 account=5 amount=127.58 DECLINED reason=LIMIT_DECLINE
AUDIT txn=1885 account=9 amount=318.95 APPROVED
AUDIT txn=1882 account=19 amount=395.98 APPROVED
AUDIT txn=1886 account=13 amount=389.89 DECLINED reason=LIMIT_DECLINE
AUDIT txn=1891 account=11 amount=340.30 DECLINED reason=LIMIT_DECLINE
AUDIT txn=1892 account=14 amount=418.53 DECLINED reason=LIMIT_DECLINE
AUDIT txn=1888 account=12 amount=420.17 DECLINED reason=LIMIT_DECLINE
AUDIT txn=1889 account=15 amount=111.01 DECLINED reason=LIMIT_DECLINE
AUDIT txn=1895 account=16 amount=204.77 DECLINED reason=LIMIT_DECLINE
AUDIT txn=1890 account=3 amount=255.43 DECLINED reason=LIMIT_DECLINE
AUDIT txn=1894 account=19 amount=43.74 APPROVED
AUDIT txn=1893 account=12 amount=95.16 DECLINED reason=LIMIT_DECLINE
AUDIT txn=1899 account=8 amount=13498.39 DECLINED reason=LIMIT_DECLINE
AUDIT txn=1898 account=14 amount=60.05 DECLINED reason=LIMIT_DECLINE
AUDIT txn=1897 account=12 amount=365.36 DECLINED reason=LIMIT_DECLINE
AUDIT txn=1901 account=10 amount=475.19 DECLINED reason=LIMIT_DECLINE
AUDIT txn=1902 account=4 amount=475.67 DECLINED reason=LIMIT_DECLINE
AUDIT txn=1896 account=16 amount=238.31 DECLINED reason=LIMIT_DECLINE
AUDIT txn=1900 account=17 amount=436.06 DECLINED reason=LIMIT_DECLINE
AUDIT txn=1905 account=16 amount=497.35 DECLINED reason=LIMIT_DECLINE
AUDIT txn=1903 account=17 amount=329.72 DECLINED reason=LIMIT_DECLINE
AUDIT txn=1907 account=15 amount=434.49 DECLINED reason=LIMIT_DECLINE
AUDIT txn=1904 account=13 amount=145.75 DECLINED reason=LIMIT_DECLINE
AUDIT txn=1906 account=2 amount=418.87 DECLINED reason=LIMIT_DECLINE
AUDIT txn=1908 account=2 amount=221.30 DECLINED reason=LIMIT_DECLINE
AUDIT txn=1909 account=17 amount=329.07 DECLINED reason=LIMIT_DECLINE
AUDIT txn=1910 account=14 amount=277.07 DECLINED reason=SCORE_DECLINE
AUDIT txn=1913 account=14 amount=307.02 DECLINED reason=LIMIT_DECLINE
AUDIT txn=1915 account=10 amount=391.34 DECLINED reason=LIMIT_DECLINE
AUDIT txn=1911 account=6 amount=391.22 DECLINED reason=LIMIT_DECLINE
AUDIT txn=1916 account=7 amount=366.95 DECLINED reason=LIMIT_DECLINE
AUDIT txn=1914 account=6 amount=325.64 DECLINED reason=LIMIT_DECLINE
AUDIT txn=1912 account=9 amount=75.56 APPROVED
AUDIT txn=1918 account=2 amount=203.74 DECLINED reason=LIMIT_DECLINE
AUDIT txn=1920 account=15 amount=327.59 DECLINED reason=LIMIT_DECLINE
AUDIT txn=1921 account=15 amount=67.76 DECLINED reason=LIMIT_DECLINE
AUDIT txn=1922 account=7 amount=104.08 DECLINED reason=LIMIT_DECLINE
AUDIT txn=1917 account=13 amount=487.97 DECLINED reason=LIMIT_DECLINE
AUDIT txn=1919 account=11 amount=16689.45 DECLINED reason=LIMIT_DECLINE
AUDIT txn=1924 account=12 amount=12555.80 DECLINED reason=LIMIT_DECLINE
AUDIT txn=1925 account=2 amount=208.36 DECLINED reason=LIMIT_DECLINE
AUDIT txn=1926 account=1 amount=254.69 APPROVED
AUDIT txn=1923 account=12 amount=39.30 DECLINED reason=LIMIT_DECLINE
AUDIT txn=1928 account=14 amount=369.68 DECLINED reason=LIMIT_DECLINE
AUDIT txn=1929 account=13 amount=496.97 DECLINED reason=LIMIT_DECLINE
AUDIT txn=1927 account=8 amount=393.50 DECLINED reason=LIMIT_DECLINE
AUDIT txn=1932 account=1 amount=18577.70 DECLINED reason=SCORE_DECLINE
AUDIT txn=1930 account=7 amount=462.05 DECLINED reason=SCORE_DECLINE
AUDIT txn=1931 account=4 amount=495.60 DECLINED reason=LIMIT_DECLINE
AUDIT txn=1933 account=10 amount=460.56 DECLINED reason=LIMIT_DECLINE
AUDIT txn=1936 account=18 amount=463.42 DECLINED reason=LIMIT_DECLINE
AUDIT txn=1937 account=18 amount=101.40 DECLINED reason=LIMIT_DECLINE
AUDIT txn=1934 account=2 amount=489.91 DECLINED reason=CHECK_ERROR
AUDIT txn=1935 account=8 amount=451.46 DECLINED reason=LIMIT_DECLINE
AUDIT txn=1941 account=4 amount=106.88 DECLINED reason=SCORE_DECLINE
AUDIT txn=1942 account=18 amount=234.27 DECLINED reason=LIMIT_DECLINE
AUDIT txn=1939 account=7 amount=22.47 DECLINED reason=LIMIT_DECLINE
AUDIT txn=1938 account=3 amount=141.64 DECLINED reason=LIMIT_DECLINE
AUDIT txn=1944 account=7 amount=406.64 DECLINED reason=LIMIT_DECLINE
AUDIT txn=1943 account=8 amount=148.87 DECLINED reason=LIMIT_DECLINE
AUDIT txn=1947 account=1 amount=493.88 APPROVED
AUDIT txn=1945 account=14 amount=81.55 DECLINED reason=LIMIT_DECLINE
AUDIT txn=1940 account=18 amount=404.04 DECLINED reason=FRAUD_TIMEOUT
AUDIT txn=1946 account=1 amount=125.76 APPROVED
AUDIT txn=1952 account=16 amount=130.90 DECLINED reason=LIMIT_DECLINE
AUDIT txn=1948 account=18 amount=85.99 DECLINED reason=LIMIT_DECLINE
AUDIT txn=1949 account=3 amount=205.66 DECLINED reason=LIMIT_DECLINE
AUDIT txn=1953 account=3 amount=299.30 DECLINED reason=LIMIT_DECLINE
AUDIT txn=1951 account=18 amount=327.62 DECLINED reason=LIMIT_DECLINE
AUDIT txn=1950 account=18 amount=155.46 DECLINED reason=SCORE_DECLINE
AUDIT txn=1955 account=12 amount=80.34 DECLINED reason=SCORE_DECLINE
AUDIT txn=1966 account=19 amount=328.39 DECLINED reason=SCORE_DECLINE
AUDIT txn=1954 account=11 amount=318.71 DECLINED reason=SCORE_DECLINE
AUDIT txn=1956 account=17 amount=43.03 DECLINED reason=LIMIT_DECLINE
AUDIT txn=1957 account=6 amount=283.03 DECLINED reason=SCORE_DECLINE
AUDIT txn=1958 account=9 amount=448.64 APPROVED
AUDIT txn=1961 account=1 amount=267.15 APPROVED
AUDIT txn=1959 account=9 amount=103.79 APPROVED
AUDIT txn=1962 account=9 amount=57.65 DECLINED reason=SCORE_DECLINE
AUDIT txn=1963 account=9 amount=47.96 DECLINED reason=SCORE_DECLINE
AUDIT txn=1972 account=17 amount=381.59 DECLINED reason=LIMIT_DECLINE
AUDIT txn=1967 account=7 amount=193.91 DECLINED reason=LIMIT_DECLINE
AUDIT txn=1964 account=20 amount=413.91 DECLINED reason=LIMIT_DECLINE
AUDIT txn=1965 account=3 amount=18178.34 DECLINED reason=SCORE_DECLINE
AUDIT txn=1960 account=8 amount=246.96 DECLINED reason=FRAUD_TIMEOUT
AUDIT txn=1974 account=15 amount=199.29 DECLINED reason=LIMIT_DECLINE
AUDIT txn=1969 account=6 amount=205.07 DECLINED reason=LIMIT_DECLINE
AUDIT txn=1970 account=3 amount=8.69 DECLINED reason=LIMIT_DECLINE
AUDIT txn=1968 account=3 amount=449.72 DECLINED reason=LIMIT_DECLINE
AUDIT txn=1971 account=20 amount=26.38 DECLINED reason=LIMIT_DECLINE
AUDIT txn=1981 account=2 amount=425.66 DECLINED reason=LIMIT_DECLINE
AUDIT txn=1979 account=20 amount=435.17 DECLINED reason=LIMIT_DECLINE
AUDIT txn=1976 account=4 amount=295.39 DECLINED reason=LIMIT_DECLINE
AUDIT txn=1973 account=14 amount=198.90 DECLINED reason=LIMIT_DECLINE
AUDIT txn=1975 account=4 amount=361.17 DECLINED reason=LIMIT_DECLINE
AUDIT txn=1977 account=8 amount=112.05 DECLINED reason=LIMIT_DECLINE
AUDIT txn=1978 account=18 amount=114.52 DECLINED reason=LIMIT_DECLINE
AUDIT txn=1983 account=8 amount=440.27 DECLINED reason=LIMIT_DECLINE
AUDIT txn=1980 account=6 amount=247.15 DECLINED reason=LIMIT_DECLINE
AUDIT txn=1985 account=12 amount=124.95 DECLINED reason=LIMIT_DECLINE
AUDIT txn=1987 account=2 amount=283.02 DECLINED reason=LIMIT_DECLINE
AUDIT txn=1984 account=10 amount=417.20 DECLINED reason=LIMIT_DECLINE
AUDIT txn=1991 account=7 amount=422.45 DECLINED reason=LIMIT_DECLINE
AUDIT txn=1982 account=1 amount=371.28 APPROVED
AUDIT txn=1986 account=11 amount=190.58 DECLINED reason=LIMIT_DECLINE
AUDIT txn=1989 account=3 amount=278.49 DECLINED reason=LIMIT_DECLINE
AUDIT txn=1990 account=7 amount=103.99 DECLINED reason=LIMIT_DECLINE
AUDIT txn=1988 account=5 amount=233.94 DECLINED reason=LIMIT_DECLINE
AUDIT txn=1994 account=5 amount=65.98 DECLINED reason=CHECK_ERROR
AUDIT txn=1996 account=8 amount=37.72 DECLINED reason=LIMIT_DECLINE
AUDIT txn=1995 account=13 amount=29.37 DECLINED reason=LIMIT_DECLINE
AUDIT txn=1992 account=14 amount=11117.57 DECLINED reason=SCORE_DECLINE
AUDIT txn=1993 account=13 amount=150.77 DECLINED reason=LIMIT_DECLINE
AUDIT txn=1998 account=18 amount=155.55 DECLINED reason=LIMIT_DECLINE
AUDIT txn=2001 account=9 amount=372.71 APPROVED
AUDIT txn=2002 account=19 amount=185.98 DECLINED reason=SCORE_DECLINE
AUDIT txn=1997 account=4 amount=198.53 DECLINED reason=LIMIT_DECLINE
AUDIT txn=2000 account=10 amount=314.12 DECLINED reason=LIMIT_DECLINE
AUDIT txn=2003 account=12 amount=93.46 DECLINED reason=LIMIT_DECLINE
AUDIT txn=1999 account=6 amount=99.76 DECLINED reason=LIMIT_DECLINE
AUDIT txn=2008 account=18 amount=152.62 DECLINED reason=LIMIT_DECLINE
AUDIT txn=2006 account=13 amount=466.13 DECLINED reason=LIMIT_DECLINE
AUDIT txn=2007 account=8 amount=147.20 DECLINED reason=SCORE_DECLINE
AUDIT txn=2005 account=6 amount=305.41 DECLINED reason=LIMIT_DECLINE
AUDIT txn=2004 account=6 amount=158.54 DECLINED reason=LIMIT_DECLINE
AUDIT txn=2009 account=6 amount=289.83 DECLINED reason=LIMIT_DECLINE
AUDIT txn=2011 account=16 amount=199.26 DECLINED reason=LIMIT_DECLINE
AUDIT txn=2012 account=8 amount=480.15 DECLINED reason=LIMIT_DECLINE
AUDIT txn=2014 account=15 amount=274.21 DECLINED reason=LIMIT_DECLINE
AUDIT txn=2013 account=16 amount=331.29 DECLINED reason=LIMIT_DECLINE
AUDIT txn=2020 account=20 amount=153.67 DECLINED reason=LIMIT_DECLINE
AUDIT txn=2015 account=11 amount=405.16 DECLINED reason=LIMIT_DECLINE
AUDIT txn=2010 account=15 amount=447.14 DECLINED reason=CHECK_ERROR
AUDIT txn=2022 account=12 amount=386.63 DECLINED reason=SCORE_DECLINE
AUDIT txn=2016 account=3 amount=481.47 DECLINED reason=LIMIT_DECLINE
AUDIT txn=2018 account=2 amount=260.96 DECLINED reason=LIMIT_DECLINE
AUDIT txn=2019 account=12 amount=316.48 DECLINED reason=LIMIT_DECLINE
AUDIT txn=2017 account=3 amount=312.73 DECLINED reason=LIMIT_DECLINE
AUDIT txn=2021 account=10 amount=70.03 DECLINED reason=LIMIT_DECLINE
AUDIT txn=2024 account=4 amount=339.45 DECLINED reason=CHECK_ERROR
AUDIT txn=2026 account=13 amount=363.52 DECLINED reason=LIMIT_DECLINE
AUDIT txn=2023 account=16 amount=130.00 DECLINED reason=LIMIT_DECLINE
AUDIT txn=2025 account=16 amount=63.26 DECLINED reason=LIMIT_DECLINE
AUDIT txn=2030 account=6 amount=152.14 DECLINED reason=LIMIT_DECLINE
AUDIT txn=2027 account=2 amount=18.90 DECLINED reason=LIMIT_DECLINE
AUDIT txn=2028 account=4 amount=397.84 DECLINED reason=LIMIT_DECLINE
AUDIT txn=2029 account=20 amount=87.60 DECLINED reason=LIMIT_DECLINE
AUDIT txn=2031 account=15 amount=227.86 DECLINED reason=LIMIT_DECLINE
AUDIT txn=2033 account=3 amount=307.52 DECLINED reason=LIMIT_DECLINE
AUDIT txn=2032 account=4 amount=363.26 DECLINED reason=SCORE_DECLINE
AUDIT txn=2034 account=17 amount=479.48 DECLINED reason=LIMIT_DECLINE
AUDIT txn=2043 account=15 amount=416.67 DECLINED reason=CHECK_ERROR
AUDIT txn=2035 account=9 amount=478.63 APPROVED
AUDIT txn=2037 account=9 amount=41.66 APPROVED
AUDIT txn=2039 account=3 amount=176.04 DECLINED reason=LIMIT_DECLINE
AUDIT txn=2038 account=15 amount=19760.36 DECLINED reason=LIMIT_DECLINE
AUDIT txn=2036 account=7 amount=386.99 DECLINED reason=LIMIT_DECLINE
AUDIT txn=2040 account=11 amount=44.25 DECLINED reason=LIMIT_DECLINE
AUDIT txn=2041 account=5 amount=113.30 DECLINED reason=LIMIT_DECLINE
AUDIT txn=2042 account=4 amount=118.31 DECLINED reason=LIMIT_DECLINE
AUDIT txn=2044 account=12 amount=84.46 DECLINED reason=LIMIT_DECLINE
AUDIT txn=2046 account=13 amount=301.38 DECLINED reason=LIMIT_DECLINE
AUDIT txn=2045 account=9 amount=281.62 DECLINED reason=SCORE_DECLINE
AUDIT txn=2047 account=11 amount=186.15 DECLINED reason=LIMIT_DECLINE
AUDIT txn=2048 account=6 amount=267.51 DECLINED reason=LIMIT_DECLINE
AUDIT txn=2049 account=19 amount=19363.11 DECLINED reason=LIMIT_DECLINE
AUDIT txn=2050 account=15 amount=490.58 DECLINED reason=SCORE_DECLINE
AUDIT txn=2061 account=17 amount=67.77 DECLINED reason=LIMIT_DECLINE
AUDIT txn=2053 account=16 amount=414.36 DECLINED reason=SCORE_DECLINE
AUDIT txn=2051 account=6 amount=300.35 DECLINED reason=LIMIT_DECLINE
AUDIT txn=2054 account=3 amount=338.92 DECLINED reason=LIMIT_DECLINE
AUDIT txn=2057 account=4 amount=478.96 DECLINED reason=LIMIT_DECLINE
AUDIT txn=2055 account=1 amount=477.79 APPROVED
AUDIT txn=2068 account=5 amount=101.18 DECLINED reason=LIMIT_DECLINE
AUDIT txn=2058 account=18 amount=9.81 APPROVED
AUDIT txn=2052 account=12 amount=215.70 DECLINED reason=FRAUD_TIMEOUT
AUDIT txn=2056 account=11 amount=334.55 DECLINED reason=LIMIT_DECLINE
AUDIT txn=2059 account=7 amount=466.88 DECLINED reason=LIMIT_DECLINE
AUDIT txn=2064 account=14 amount=119.26 DECLINED reason=LIMIT_DECLINE
AUDIT txn=2063 account=1 amount=59.85 APPROVED
AUDIT txn=2062 account=3 amount=258.93 DECLINED reason=LIMIT_DECLINE
AUDIT txn=2060 account=4 amount=118.74 DECLINED reason=LIMIT_DECLINE
AUDIT txn=2074 account=15 amount=117.94 DECLINED reason=LIMIT_DECLINE
AUDIT txn=2066 account=16 amount=372.94 DECLINED reason=LIMIT_DECLINE
AUDIT txn=2065 account=1 amount=78.17 APPROVED
AUDIT txn=2069 account=16 amount=194.92 DECLINED reason=LIMIT_DECLINE
AUDIT txn=2083 account=16 amount=70.12 DECLINED reason=LIMIT_DECLINE
AUDIT txn=2073 account=7 amount=21.27 DECLINED reason=LIMIT_DECLINE
AUDIT txn=2072 account=3 amount=368.96 DECLINED reason=LIMIT_DECLINE
AUDIT txn=2071 account=4 amount=238.96 DECLINED reason=LIMIT_DECLINE
AUDIT txn=2067 account=7 amount=106.30 DECLINED reason=SCORE_DECLINE
AUDIT txn=2070 account=13 amount=10748.99 DECLINED reason=LIMIT_DECLINE
AUDIT txn=2075 account=2 amount=435.31 DECLINED reason=LIMIT_DECLINE
AUDIT txn=2077 account=12 amount=308.30 DECLINED reason=SCORE_DECLINE
AUDIT txn=2078 account=19 amount=337.80 APPROVED
AUDIT txn=2076 account=16 amount=230.84 DECLINED reason=LIMIT_DECLINE
AUDIT txn=2080 account=16 amount=387.62 DECLINED reason=LIMIT_DECLINE
AUDIT txn=2087 account=5 amount=266.53 DECLINED reason=LIMIT_DECLINE
AUDIT txn=2081 account=1 amount=110.41 APPROVED
AUDIT txn=2079 account=3 amount=18293.94 DECLINED reason=SCORE_DECLINE
AUDIT txn=2086 account=10 amount=42.96 DECLINED reason=LIMIT_DECLINE
AUDIT txn=2084 account=11 amount=348.97 DECLINED reason=SCORE_DECLINE
AUDIT txn=2085 account=5 amount=341.23 DECLINED reason=SCORE_DECLINE
AUDIT txn=2082 account=3 amount=98.42 DECLINED reason=LIMIT_DECLINE
AUDIT txn=2088 account=6 amount=181.31 DECLINED reason=LIMIT_DECLINE
AUDIT txn=2091 account=20 amount=118.19 DECLINED reason=SCORE_DECLINE
AUDIT txn=2093 account=5 amount=410.31 DECLINED reason=LIMIT_DECLINE
AUDIT txn=2089 account=11 amount=480.43 DECLINED reason=SCORE_DECLINE
AUDIT txn=2092 account=7 amount=359.07 DECLINED reason=LIMIT_DECLINE
AUDIT txn=2090 account=17 amount=242.59 DECLINED reason=SCORE_DECLINE
AUDIT txn=2095 account=20 amount=323.16 DECLINED reason=LIMIT_DECLINE
AUDIT txn=2096 account=12 amount=14899.86 DECLINED reason=LIMIT_DECLINE
AUDIT txn=2104 account=19 amount=302.15 APPROVED
AUDIT txn=2097 account=5 amount=17.77 DECLINED reason=LIMIT_DECLINE
AUDIT txn=2094 account=16 amount=28.81 DECLINED reason=LIMIT_DECLINE
AUDIT txn=2099 account=18 amount=298.98 DECLINED reason=LIMIT_DECLINE
AUDIT txn=2098 account=15 amount=405.25 DECLINED reason=LIMIT_DECLINE
AUDIT txn=2100 account=8 amount=331.68 DECLINED reason=SCORE_DECLINE
AUDIT txn=2101 account=2 amount=115.36 DECLINED reason=LIMIT_DECLINE
AUDIT txn=2102 account=11 amount=368.36 DECLINED reason=LIMIT_DECLINE
AUDIT txn=2108 account=16 amount=491.03 DECLINED reason=LIMIT_DECLINE
AUDIT txn=2103 account=2 amount=324.15 DECLINED reason=LIMIT_DECLINE
AUDIT txn=2107 account=12 amount=490.46 DECLINED reason=LIMIT_DECLINE
AUDIT txn=2106 account=9 amount=173.39 APPROVED
AUDIT txn=2109 account=14 amount=254.42 DECLINED reason=LIMIT_DECLINE
AUDIT txn=2112 account=11 amount=132.66 DECLINED reason=LIMIT_DECLINE
AUDIT txn=2105 account=2 amount=311.76 DECLINED reason=SCORE_DECLINE
AUDIT txn=2110 account=11 amount=246.22 DECLINED reason=LIMIT_DECLINE
AUDIT txn=2115 account=3 amount=148.95 DECLINED reason=LIMIT_DECLINE
AUDIT txn=2117 account=1 amount=427.53 APPROVED
AUDIT txn=2111 account=7 amount=43.18 DECLINED reason=LIMIT_DECLINE
AUDIT txn=2116 account=2 amount=390.88 DECLINED reason=LIMIT_DECLINE
AUDIT txn=2113 account=20 amount=6.16 DECLINED reason=SCORE_DECLINE
AUDIT txn=2114 account=12 amount=184.02 DECLINED reason=LIMIT_DECLINE
AUDIT txn=2120 account=12 amount=30.28 DECLINED reason=LIMIT_DECLINE
AUDIT txn=2119 account=9 amount=324.41 DECLINED reason=SCORE_DECLINE
AUDIT txn=2118 account=16 amount=13.26 DECLINED reason=LIMIT_DECLINE
AUDIT txn=2124 account=8 amount=380.36 DECLINED reason=LIMIT_DECLINE
AUDIT txn=2121 account=15 amount=12272.88 DECLINED reason=CHECK_ERROR
AUDIT txn=2125 account=11 amount=177.81 DECLINED reason=LIMIT_DECLINE
AUDIT txn=2122 account=15 amount=144.08 DECLINED reason=LIMIT_DECLINE
AUDIT txn=2123 account=10 amount=404.99 DECLINED reason=SCORE_DECLINE
AUDIT txn=2126 account=5 amount=303.57 DECLINED reason=LIMIT_DECLINE
AUDIT txn=2127 account=12 amount=211.29 DECLINED reason=LIMIT_DECLINE
AUDIT txn=2128 account=1 amount=19232.68 DECLINED reason=LIMIT_DECLINE
AUDIT txn=2130 account=8 amount=467.49 DECLINED reason=LIMIT_DECLINE
AUDIT txn=2131 account=17 amount=277.27 DECLINED reason=LIMIT_DECLINE
AUDIT txn=2129 account=11 amount=349.93 DECLINED reason=LIMIT_DECLINE
AUDIT txn=2139 account=7 amount=171.81 DECLINED reason=LIMIT_DECLINE
AUDIT txn=2132 account=5 amount=192.54 DECLINED reason=LIMIT_DECLINE
AUDIT txn=2136 account=17 amount=35.13 DECLINED reason=LIMIT_DECLINE
AUDIT txn=2133 account=6 amount=149.45 DECLINED reason=LIMIT_DECLINE
AUDIT txn=2135 account=11 amount=50.72 DECLINED reason=LIMIT_DECLINE
AUDIT txn=2134 account=14 amount=116.76 DECLINED reason=LIMIT_DECLINE
AUDIT txn=2137 account=2 amount=195.99 DECLINED reason=LIMIT_DECLINE
AUDIT txn=2142 account=7 amount=10594.28 DECLINED reason=SCORE_DECLINE
AUDIT txn=2138 account=9 amount=312.53 APPROVED
AUDIT txn=2141 account=2 amount=150.85 DECLINED reason=LIMIT_DECLINE
AUDIT txn=2150 account=18 amount=102.86 DECLINED reason=LIMIT_DECLINE
AUDIT txn=2140 account=3 amount=26.81 DECLINED reason=SCORE_DECLINE
AUDIT txn=2146 account=5 amount=265.26 DECLINED reason=LIMIT_DECLINE
AUDIT txn=2143 account=5 amount=471.94 DECLINED reason=SCORE_DECLINE
AUDIT txn=2144 account=19 amount=441.50 APPROVED
AUDIT txn=2147 account=13 amount=344.47 DECLINED reason=LIMIT_DECLINE
AUDIT txn=2149 account=10 amount=313.94 DECLINED reason=LIMIT_DECLINE
AUDIT txn=2148 account=14 amount=449.35 DECLINED reason=LIMIT_DECLINE
AUDIT txn=2145 account=17 amount=267.74 DECLINED reason=LIMIT_DECLINE
AUDIT txn=2151 account=8 amount=15.32 DECLINED reason=LIMIT_DECLINE
AUDIT txn=2152 account=2 amount=79.31 DECLINED reason=LIMIT_DECLINE
AUDIT txn=2156 account=12 amount=438.96 DECLINED reason=LIMIT_DECLINE
AUDIT txn=2157 account=19 amount=211.37 DECLINED reason=LIMIT_DECLINE
AUDIT txn=2163 account=18 amount=89.33 DECLINED reason=LIMIT_DECLINE
AUDIT txn=2155 account=15 amount=246.85 DECLINED reason=SCORE_DECLINE
AUDIT txn=2154 account=15 amount=88.77 DECLINED reason=LIMIT_DECLINE
AUDIT txn=2160 account=17 amount=422.22 DECLINED reason=LIMIT_DECLINE
AUDIT txn=2158 account=17 amount=444.50 DECLINED reason=LIMIT_DECLINE
AUDIT txn=2173 account=12 amount=374.05 DECLINED reason=LIMIT_DECLINE
AUDIT txn=2159 account=19 amount=226.69 DECLINED reason=LIMIT_DECLINE
AUDIT txn=2153 account=11 amount=91.87 DECLINED reason=FRAUD_TIMEOUT
AUDIT txn=2162 account=11 amount=132.14 DECLINED reason=LIMIT_DECLINE
AUDIT txn=2177 account=6 amount=488.84 DECLINED reason=LIMIT_DECLINE
AUDIT txn=2165 account=10 amount=152.69 DECLINED reason=LIMIT_DECLINE
AUDIT txn=2166 account=15 amount=28.32 DECLINED reason=LIMIT_DECLINE
AUDIT txn=2168 account=18 amount=41.27 DECLINED reason=LIMIT_DECLINE
AUDIT txn=2164 account=13 amount=244.26 DECLINED reason=LIMIT_DECLINE
AUDIT txn=2170 account=15 amount=139.74 DECLINED reason=LIMIT_DECLINE
AUDIT txn=2161 account=20 amount=19882.31 DECLINED reason=FRAUD_TIMEOUT
AUDIT txn=2167 account=20 amount=236.40 DECLINED reason=LIMIT_DECLINE
AUDIT txn=2181 account=17 amount=16060.04 DECLINED reason=SCORE_DECLINE
AUDIT txn=2169 account=9 amount=309.78 APPROVED
AUDIT txn=2171 account=9 amount=323.21 APPROVED
AUDIT txn=2176 account=6 amount=316.49 DECLINED reason=LIMIT_DECLINE
AUDIT txn=2175 account=6 amount=88.49 DECLINED reason=LIMIT_DECLINE
AUDIT txn=2178 account=6 amount=464.73 DECLINED reason=LIMIT_DECLINE
AUDIT txn=2174 account=10 amount=38.60 DECLINED reason=LIMIT_DECLINE
AUDIT txn=2180 account=19 amount=424.61 DECLINED reason=LIMIT_DECLINE
AUDIT txn=2182 account=3 amount=337.98 DECLINED reason=LIMIT_DECLINE
AUDIT txn=2179 account=16 amount=408.95 DECLINED reason=CHECK_ERROR
AUDIT txn=2172 account=4 amount=498.51 DECLINED reason=FRAUD_TIMEOUT
AUDIT txn=2192 account=9 amount=244.90 DECLINED reason=SCORE_DECLINE
AUDIT txn=2187 account=17 amount=63.30 DECLINED reason=LIMIT_DECLINE
AUDIT txn=2183 account=17 amount=390.82 DECLINED reason=LIMIT_DECLINE
AUDIT txn=2186 account=8 amount=251.70 DECLINED reason=LIMIT_DECLINE
AUDIT txn=2184 account=18 amount=414.22 DECLINED reason=LIMIT_DECLINE
AUDIT txn=2200 account=15 amount=312.34 DECLINED reason=LIMIT_DECLINE
AUDIT txn=2185 account=7 amount=19924.04 DECLINED reason=LIMIT_DECLINE
AUDIT txn=2190 account=10 amount=89.32 DECLINED reason=LIMIT_DECLINE
AUDIT txn=2188 account=13 amount=454.84 DECLINED reason=LIMIT_DECLINE
AUDIT txn=2194 account=19 amount=171.01 DECLINED reason=LIMIT_DECLINE
AUDIT txn=2206 account=11 amount=432.94 DECLINED reason=LIMIT_DECLINE
AUDIT txn=2191 account=13 amount=15264.59 DECLINED reason=LIMIT_DECLINE
AUDIT txn=2189 account=11 amount=431.55 DECLINED reason=LIMIT_DECLINE
AUDIT txn=2193 account=1 amount=216.82 APPROVED
AUDIT txn=2195 account=13 amount=305.10 DECLINED reason=LIMIT_DECLINE
AUDIT txn=2210 account=10 amount=463.57 DECLINED reason=LIMIT_DECLINE
AUDIT txn=2199 account=7 amount=238.60 DECLINED reason=LIMIT_DECLINE
AUDIT txn=2197 account=8 amount=190.74 DECLINED reason=LIMIT_DECLINE
AUDIT txn=2198 account=16 amount=443.44 DECLINED reason=LIMIT_DECLINE
AUDIT txn=2196 account=8 amount=487.04 DECLINED reason=SCORE_DECLINE
AUDIT txn=2203 account=20 amount=87.67 DECLINED reason=LIMIT_DECLINE
AUDIT txn=2205 account=17 amount=474.68 DECLINED reason=LIMIT_DECLINE
AUDIT txn=2201 account=12 amount=77.01 DECLINED reason=LIMIT_DECLINE
AUDIT txn=2202 account=18 amount=333.31 DECLINED reason=LIMIT_DECLINE
AUDIT txn=2208 account=4 amount=153.86 DECLINED reason=LIMIT_DECLINE
AUDIT txn=2204 account=1 amount=297.86 APPROVED
AUDIT txn=2213 account=9 amount=302.14 APPROVED
AUDIT txn=2207 account=5 amount=27.64 DECLINED reason=LIMIT_DECLINE
AUDIT txn=2214 account=19 amount=53.26 APPROVED
AUDIT txn=2209 account=14 amount=373.05 DECLINED reason=LIMIT_DECLINE
AUDIT txn=2211 account=1 amount=406.70 APPROVED
AUDIT txn=2212 account=13 amount=82.58 DECLINED reason=CHECK_ERROR
AUDIT txn=2217 account=1 amount=332.86 DECLINED reason=LIMIT_DECLINE
AUDIT txn=2216 account=11 amount=493.08 DECLINED reason=LIMIT_DECLINE
AUDIT txn=2215 account=9 amount=482.91 APPROVED
AUDIT txn=2219 account=2 amount=315.94 DECLINED reason=LIMIT_DECLINE
AUDIT txn=2218 account=17 amount=95.55 DECLINED reason=CHECK_ERROR
AUDIT txn=2230 account=14 amount=380.03 DECLINED reason=SCORE_DECLINE
AUDIT txn=2220 account=3 amount=182.72 DECLINED reason=SCORE_DECLINE
AUDIT txn=2221 account=18 amount=354.96 DECLINED reason=SCORE_DECLINE
AUDIT txn=2222 account=3 amount=400.11 DECLINED reason=LIMIT_DECLINE
AUDIT txn=2223 account=2 amount=82.04 DECLINED reason=SCORE_DECLINE
AUDIT txn=2224 account=9 amount=409.27 DECLINED reason=LIMIT_DECLINE
AUDIT txn=2225 account=11 amount=399.45 DECLINED reason=LIMIT_DECLINE
AUDIT txn=2226 account=14 amount=330.46 DECLINED reason=LIMIT_DECLINE
AUDIT txn=2228 account=10 amount=349.74 DECLINED reason=LIMIT_DECLINE
AUDIT txn=2237 account=2 amount=140.61 DECLINED reason=LIMIT_DECLINE
AUDIT txn=2227 account=5 amount=23.86 DECLINED reason=CHECK_ERROR
AUDIT txn=2231 account=17 amount=14061.27 DECLINED reason=LIMIT_DECLINE
AUDIT txn=2229 account=18 amount=331.47 DECLINED reason=LIMIT_DECLINE
AUDIT txn=2232 account=17 amount=13762.67 DECLINED reason=LIMIT_DECLINE
AUDIT txn=2233 account=15 amount=345.32 DECLINED reason=SCORE_DECLINE
AUDIT txn=2235 account=20 amount=345.36 DECLINED reason=LIMIT_DECLINE
AUDIT txn=2234 account=2 amount=385.37 DECLINED reason=LIMIT_DECLINE
AUDIT txn=2238 account=4 amount=222.81 DECLINED reason=CHECK_ERROR
AUDIT txn=2246 account=19 amount=175.12 DECLINED reason=LIMIT_DECLINE
AUDIT txn=2236 account=18 amount=301.59 DECLINED reason=LIMIT_DECLINE
AUDIT txn=2239 account=14 amount=15089.72 DECLINED reason=SCORE_DECLINE
AUDIT txn=2240 account=19 amount=394.14 DECLINED reason=LIMIT_DECLINE
AUDIT txn=2244 account=17 amount=157.75 DECLINED reason=LIMIT_DECLINE
AUDIT txn=2242 account=13 amount=17220.10 DECLINED reason=LIMIT_DECLINE
AUDIT txn=2243 account=11 amount=114.86 DECLINED reason=SCORE_DECLINE
AUDIT txn=2255 account=13 amount=340.20 DECLINED reason=SCORE_DECLINE
AUDIT txn=2241 account=11 amount=39.64 DECLINED reason=LIMIT_DECLINE
AUDIT txn=2245 account=14 amount=31.40 DECLINED reason=LIMIT_DECLINE
AUDIT txn=2248 account=10 amount=421.77 DECLINED reason=LIMIT_DECLINE
AUDIT txn=2251 account=10 amount=198.46 DECLINED reason=LIMIT_DECLINE
AUDIT txn=2250 account=4 amount=167.53 DECLINED reason=LIMIT_DECLINE
AUDIT txn=2247 account=14 amount=95.68 DECLINED reason=LIMIT_DECLINE
AUDIT txn=2249 account=6 amount=176.21 DECLINED reason=CHECK_ERROR
AUDIT txn=2253 account=12 amount=214.73 DECLINED reason=LIMIT_DECLINE
AUDIT txn=2256 account=19 amount=13808.67 DECLINED reason=LIMIT_DECLINE
AUDIT txn=2257 account=3 amount=403.84 DECLINED reason=LIMIT_DECLINE
AUDIT txn=2262 account=7 amount=373.06 DECLINED reason=CHECK_ERROR
AUDIT txn=2259 account=20 amount=481.79 DECLINED reason=LIMIT_DECLINE
AUDIT txn=2254 account=7 amount=429.93 DECLINED reason=LIMIT_DECLINE
AUDIT txn=2258 account=5 amount=331.63 DECLINED reason=LIMIT_DECLINE
AUDIT txn=2260 account=17 amount=488.22 DECLINED reason=LIMIT_DECLINE
AUDIT txn=2263 account=3 amount=123.31 DECLINED reason=LIMIT_DECLINE
AUDIT txn=2252 account=2 amount=402.97 DECLINED reason=FRAUD_TIMEOUT
AUDIT txn=2264 account=14 amount=157.19 DECLINED reason=LIMIT_DECLINE
AUDIT txn=2265 account=6 amount=179.69 DECLINED reason=LIMIT_DECLINE
AUDIT txn=2261 account=20 amount=216.96 DECLINED reason=SCORE_DECLINE
AUDIT txn=2268 account=14 amount=240.34 DECLINED reason=SCORE_DECLINE
AUDIT txn=2270 account=19 amount=13310.62 DECLINED reason=SCORE_DECLINE
AUDIT txn=2274 account=14 amount=46.62 DECLINED reason=LIMIT_DECLINE
AUDIT txn=2266 account=8 amount=310.78 DECLINED reason=LIMIT_DECLINE
AUDIT txn=2267 account=13 amount=387.71 DECLINED reason=LIMIT_DECLINE
AUDIT txn=2269 account=8 amount=426.72 DECLINED reason=LIMIT_DECLINE
AUDIT txn=2272 account=9 amount=15854.02 DECLINED reason=LIMIT_DECLINE
AUDIT txn=2273 account=15 amount=199.88 DECLINED reason=LIMIT_DECLINE
AUDIT txn=2271 account=13 amount=14191.52 DECLINED reason=SCORE_DECLINE
AUDIT txn=2276 account=10 amount=90.69 DECLINED reason=LIMIT_DECLINE
AUDIT txn=2277 account=10 amount=93.92 DECLINED reason=LIMIT_DECLINE
AUDIT txn=2275 account=6 amount=392.60 DECLINED reason=LIMIT_DECLINE
AUDIT txn=2287 account=19 amount=62.46 APPROVED
AUDIT txn=2280 account=9 amount=408.39 DECLINED reason=SCORE_DECLINE
AUDIT txn=2278 account=17 amount=131.48 DECLINED reason=LIMIT_DECLINE
AUDIT txn=2283 account=3 amount=45.38 DECLINED reason=LIMIT_DECLINE
AUDIT txn=2281 account=12 amount=342.37 DECLINED reason=LIMIT_DECLINE
AUDIT txn=2279 account=20 amount=434.90 DECLINED reason=LIMIT_DECLINE
AUDIT txn=2282 account=12 amount=179.24 DECLINED reason=LIMIT_DECLINE
AUDIT txn=2288 account=9 amount=33.51 APPROVED
AUDIT txn=2284 account=19 amount=213.20 DECLINED reason=SCORE_DECLINE
AUDIT txn=2300 account=9 amount=96.78 APPROVED
AUDIT txn=2285 account=5 amount=152.01 DECLINED reason=CHECK_ERROR
AUDIT txn=2289 account=13 amount=248.17 DECLINED reason=LIMIT_DECLINE
AUDIT txn=2286 account=16 amount=37.41 DECLINED reason=LIMIT_DECLINE
AUDIT txn=2290 account=6 amount=341.09 DECLINED reason=LIMIT_DECLINE
AUDIT txn=2291 account=20 amount=181.23 DECLINED reason=LIMIT_DECLINE
AUDIT txn=2292 account=2 amount=453.68 DECLINED reason=LIMIT_DECLINE
AUDIT txn=2297 account=9 amount=320.85 DECLINED reason=SCORE_DECLINE
AUDIT txn=2293 account=1 amount=420.22 DECLINED reason=LIMIT_DECLINE
AUDIT txn=2304 account=2 amount=116.33 DECLINED reason=LIMIT_DECLINE
AUDIT txn=2294 account=12 amount=68.96 DECLINED reason=LIMIT_DECLINE
AUDIT txn=2295 account=13 amount=466.45 DECLINED reason=LIMIT_DECLINE
AUDIT txn=2296 account=13 amount=352.34 DECLINED reason=LIMIT_DECLINE
AUDIT txn=2298 account=2 amount=19575.32 DECLINED reason=LIMIT_DECLINE
AUDIT txn=2299 account=9 amount=407.61 DECLINED reason=LIMIT_DECLINE
AUDIT txn=2301 account=4 amount=7.25 APPROVED
AUDIT txn=2303 account=17 amount=159.06 DECLINED reason=LIMIT_DECLINE
AUDIT txn=2305 account=12 amount=13.47 DECLINED reason=LIMIT_DECLINE
AUDIT txn=2306 account=19 amount=36.78 DECLINED reason=LIMIT_DECLINE
AUDIT txn=2302 account=3 amount=285.81 DECLINED reason=LIMIT_DECLINE
AUDIT txn=2313 account=1 amount=278.97 DECLINED reason=LIMIT_DECLINE
AUDIT txn=2307 account=11 amount=460.07 DECLINED reason=LIMIT_DECLINE
AUDIT txn=2308 account=13 amount=9.66 APPROVED
AUDIT txn=2314 account=10 amount=223.87 DECLINED reason=LIMIT_DECLINE
AUDIT txn=2311 account=7 amount=133.69 DECLINED reason=SCORE_DECLINE
AUDIT txn=2309 account=16 amount=127.99 DECLINED reason=LIMIT_DECLINE
AUDIT txn=2310 account=5 amount=233.02 DECLINED reason=LIMIT_DECLINE
AUDIT txn=2312 account=12 amount=82.82 DECLINED reason=LIMIT_DECLINE
AUDIT txn=2315 account=3 amount=13780.09 DECLINED reason=SCORE_DECLINE
AUDIT txn=2318 account=14 amount=306.86 DECLINED reason=LIMIT_DECLINE
AUDIT txn=2316 account=9 amount=87.48 DECLINED reason=LIMIT_DECLINE
AUDIT txn=2320 account=8 amount=54.77 DECLINED reason=LIMIT_DECLINE
AUDIT txn=2331 account=7 amount=403.82 DECLINED reason=LIMIT_DECLINE
AUDIT txn=2317 account=17 amount=104.95 DECLINED reason=CHECK_ERROR
AUDIT txn=2322 account=14 amount=142.75 DECLINED reason=LIMIT_DECLINE
AUDIT txn=2323 account=2 amount=256.09 DECLINED reason=LIMIT_DECLINE
AUDIT txn=2319 account=5 amount=16812.92 DECLINED reason=SCORE_DECLINE
AUDIT txn=2324 account=13 amount=419.19 DECLINED reason=CHECK_ERROR
AUDIT txn=2328 account=7 amount=418.80 DECLINED reason=LIMIT_DECLINE
AUDIT txn=2321 account=8 amount=234.16 DECLINED reason=LIMIT_DECLINE
AUDIT txn=2326 account=17 amount=161.87 DECLINED reason=LIMIT_DECLINE
AUDIT txn=2325 account=1 amount=84.15 DECLINED reason=LIMIT_DECLINE
AUDIT txn=2327 account=2 amount=100.88 DECLINED reason=LIMIT_DECLINE
AUDIT txn=2330 account=7 amount=114.83 DECLINED reason=SCORE_DECLINE
AUDIT txn=2329 account=6 amount=99.79 DECLINED reason=SCORE_DECLINE
AUDIT txn=2341 account=1 amount=483.00 DECLINED reason=LIMIT_DECLINE
AUDIT txn=2333 account=4 amount=60.17 DECLINED reason=LIMIT_DECLINE
AUDIT txn=2332 account=19 amount=479.29 DECLINED reason=LIMIT_DECLINE
AUDIT txn=2336 account=19 amount=372.31 DECLINED reason=LIMIT_DECLINE
AUDIT txn=2334 account=4 amount=333.80 DECLINED reason=SCORE_DECLINE
AUDIT txn=2335 account=8 amount=4.32 DECLINED reason=SCORE_DECLINE
AUDIT txn=2339 account=1 amount=280.60 DECLINED reason=LIMIT_DECLINE
AUDIT txn=2338 account=19 amount=92.03 DECLINED reason=LIMIT_DECLINE
AUDIT txn=2340 account=13 amount=340.99 DECLINED reason=LIMIT_DECLINE
AUDIT txn=2342 account=15 amount=433.03 DECLINED reason=LIMIT_DECLINE
AUDIT txn=2337 account=8 amount=14417.04 DECLINED reason=LIMIT_DECLINE
AUDIT txn=2349 account=1 amount=41.79 DECLINED reason=LIMIT_DECLINE
AUDIT txn=2346 account=3 amount=268.44 DECLINED reason=LIMIT_DECLINE
AUDIT txn=2344 account=20 amount=116.28 DECLINED reason=LIMIT_DECLINE
AUDIT txn=2347 account=2 amount=104.43 DECLINED reason=LIMIT_DECLINE
AUDIT txn=2345 account=15 amount=470.19 DECLINED reason=LIMIT_DECLINE
AUDIT txn=2343 account=11 amount=35.79 DECLINED reason=LIMIT_DECLINE
AUDIT txn=2352 account=8 amount=363.56 DECLINED reason=LIMIT_DECLINE
AUDIT txn=2353 account=15 amount=31.73 DECLINED reason=LIMIT_DECLINE
AUDIT txn=2350 account=6 amount=438.56 DECLINED reason=LIMIT_DECLINE
AUDIT txn=2348 account=16 amount=327.87 DECLINED reason=LIMIT_DECLINE
AUDIT txn=2362 account=18 amount=69.00 DECLINED reason=LIMIT_DECLINE
AUDIT txn=2354 account=7 amount=380.71 DECLINED reason=LIMIT_DECLINE
AUDIT txn=2358 account=4 amount=269.52 DECLINED reason=LIMIT_DECLINE
AUDIT txn=2357 account=15 amount=66.18 DECLINED reason=LIMIT_DECLINE
AUDIT txn=2356 account=3 amount=404.60 DECLINED reason=LIMIT_DECLINE
AUDIT txn=2351 account=14 amount=218.12 DECLINED reason=FRAUD_TIMEOUT
AUDIT txn=2355 account=18 amount=470.19 DECLINED reason=SCORE_DECLINE
AUDIT txn=2370 account=1 amount=194.70 DECLINED reason=LIMIT_DECLINE
AUDIT txn=2359 account=17 amount=156.81 DECLINED reason=LIMIT_DECLINE
AUDIT txn=2364 account=5 amount=350.43 DECLINED reason=LIMIT_DECLINE
AUDIT txn=2361 account=5 amount=278.18 DECLINED reason=LIMIT_DECLINE
AUDIT txn=2360 account=10 amount=79.67 DECLINED reason=LIMIT_DECLINE
AUDIT txn=2366 account=2 amount=329.83 DECLINED reason=LIMIT_DECLINE
AUDIT txn=2363 account=5 amount=494.21 DECLINED reason=LIMIT_DECLINE
AUDIT txn=2369 account=1 amount=189.79 DECLINED reason=LIMIT_DECLINE
AUDIT txn=2365 account=7 amount=476.03 DECLINED reason=LIMIT_DECLINE
AUDIT txn=2367 account=17 amount=10672.01 DECLINED reason=LIMIT_DECLINE
AUDIT txn=2371 account=17 amount=493.71 DECLINED reason=LIMIT_DECLINE
AUDIT txn=2374 account=10 amount=305.16 DECLINED reason=LIMIT_DECLINE
AUDIT txn=2373 account=15 amount=181.81 DECLINED reason=LIMIT_DECLINE
AUDIT txn=2375 account=17 amount=467.05 DECLINED reason=LIMIT_DECLINE
AUDIT txn=2372 account=10 amount=210.77 DECLINED reason=SCORE_DECLINE
AUDIT txn=2368 account=5 amount=2.78 DECLINED reason=FRAUD_TIMEOUT
AUDIT txn=2385 account=10 amount=9.09 APPROVED
AUDIT txn=2378 account=17 amount=241.39 DECLINED reason=LIMIT_DECLINE
AUDIT txn=2377 account=18 amount=135.78 DECLINED reason=LIMIT_DECLINE
AUDIT txn=2380 account=13 amount=383.23 DECLINED reason=LIMIT_DECLINE
AUDIT txn=2379 account=2 amount=282.35 DECLINED reason=LIMIT_DECLINE
AUDIT txn=2376 account=10 amount=373.63 DECLINED reason=LIMIT_DECLINE
AUDIT txn=2381 account=7 amount=171.77 DECLINED reason=LIMIT_DECLINE
AUDIT txn=2382 account=5 amount=384.96 DECLINED reason=CHECK_ERROR
AUDIT txn=2388 account=3 amount=484.27 DECLINED reason=LIMIT_DECLINE
AUDIT txn=2386 account=20 amount=312.60 DECLINED reason=LIMIT_DECLINE
AUDIT txn=2383 account=13 amount=396.21 DECLINED reason=LIMIT_DECLINE
AUDIT txn=2387 account=9 amount=438.98 DECLINED reason=LIMIT_DECLINE
AUDIT txn=2393 account=16 amount=287.06 DECLINED reason=SCORE_DECLINE
AUDIT txn=2391 account=14 amount=441.42 DECLINED reason=LIMIT_DECLINE
AUDIT txn=2384 account=4 amount=385.42 DECLINED reason=LIMIT_DECLINE
AUDIT txn=2394 account=16 amount=456.50 DECLINED reason=LIMIT_DECLINE
AUDIT txn=2395 account=16 amount=230.53 DECLINED reason=LIMIT_DECLINE
AUDIT txn=2390 account=8 amount=92.18 DECLINED reason=LIMIT_DECLINE
AUDIT txn=2396 account=19 amount=494.55 DECLINED reason=LIMIT_DECLINE
AUDIT txn=2389 account=14 amount=419.88 DECLINED reason=LIMIT_DECLINE
AUDIT txn=2392 account=19 amount=13350.38 DECLINED reason=LIMIT_DECLINE
AUDIT txn=2397 account=5 amount=278.10 DECLINED reason=LIMIT_DECLINE
AUDIT txn=2398 account=1 amount=159.51 DECLINED reason=LIMIT_DECLINE
AUDIT txn=2403 account=11 amount=352.40 DECLINED reason=LIMIT_DECLINE
AUDIT txn=2399 account=19 amount=433.78 DECLINED reason=LIMIT_DECLINE
AUDIT txn=2402 account=16 amount=350.64 DECLINED reason=LIMIT_DECLINE
AUDIT txn=2404 account=14 amount=14999.52 DECLINED reason=LIMIT_DECLINE
AUDIT txn=2401 account=14 amount=354.23 DECLINED reason=SCORE_DECLINE
AUDIT txn=2400 account=1 amount=180.02 DECLINED reason=LIMIT_DECLINE
AUDIT txn=2409 account=15 amount=351.31 DECLINED reason=LIMIT_DECLINE
AUDIT txn=2406 account=18 amount=185.49 DECLINED reason=LIMIT_DECLINE
AUDIT txn=2405 account=11 amount=424.08 DECLINED reason=LIMIT_DECLINE
AUDIT txn=2407 account=6 amount=306.86 DECLINED reason=LIMIT_DECLINE
AUDIT txn=2408 account=12 amount=437.79 DECLINED reason=LIMIT_DECLINE
AUDIT txn=2411 account=4 amount=157.49 DECLINED reason=LIMIT_DECLINE
AUDIT txn=2410 account=9 amount=232.79 DECLINED reason=LIMIT_DECLINE
AUDIT txn=2414 account=15 amount=491.68 DECLINED reason=LIMIT_DECLINE
AUDIT txn=2412 account=9 amount=116.31 DECLINED reason=CHECK_ERROR
AUDIT txn=2415 account=13 amount=64.78 DECLINED reason=SCORE_DECLINE
AUDIT txn=2413 account=1 amount=326.77 DECLINED reason=LIMIT_DECLINE
AUDIT txn=2416 account=14 amount=304.22 DECLINED reason=LIMIT_DECLINE
AUDIT txn=2417 account=10 amount=20.50 APPROVED
AUDIT txn=2419 account=2 amount=8.94 DECLINED reason=LIMIT_DECLINE
AUDIT txn=2420 account=12 amount=198.65 DECLINED reason=LIMIT_DECLINE
AUDIT txn=2418 account=10 amount=78.96 DECLINED reason=LIMIT_DECLINE
AUDIT txn=2421 account=14 amount=23.27 DECLINED reason=LIMIT_DECLINE
AUDIT txn=2422 account=1 amount=209.12 DECLINED reason=LIMIT_DECLINE
AUDIT txn=2424 account=4 amount=196.34 DECLINED reason=LIMIT_DECLINE
AUDIT txn=2426 account=5 amount=176.01 DECLINED reason=LIMIT_DECLINE
AUDIT txn=2423 account=19 amount=315.37 DECLINED reason=LIMIT_DECLINE
AUDIT txn=2425 account=19 amount=341.60 DECLINED reason=LIMIT_DECLINE
AUDIT txn=2431 account=3 amount=72.79 DECLINED reason=LIMIT_DECLINE
AUDIT txn=2428 account=15 amount=445.62 DECLINED reason=LIMIT_DECLINE
AUDIT txn=2432 account=5 amount=476.26 DECLINED reason=SCORE_DECLINE
AUDIT txn=2427 account=1 amount=304.63 DECLINED reason=LIMIT_DECLINE
AUDIT txn=2430 account=18 amount=287.34 DECLINED reason=CHECK_ERROR
AUDIT txn=2429 account=2 amount=203.64 DECLINED reason=LIMIT_DECLINE
AUDIT txn=2435 account=13 amount=17928.94 DECLINED reason=LIMIT_DECLINE
AUDIT txn=2436 account=18 amount=276.26 DECLINED reason=LIMIT_DECLINE
AUDIT txn=2437 account=13 amount=89.58 DECLINED reason=LIMIT_DECLINE
AUDIT txn=2434 account=18 amount=373.37 DECLINED reason=LIMIT_DECLINE
AUDIT txn=2439 account=14 amount=374.28 DECLINED reason=LIMIT_DECLINE
AUDIT txn=2438 account=15 amount=429.33 DECLINED reason=SCORE_DECLINE
AUDIT txn=2440 account=14 amount=316.56 DECLINED reason=LIMIT_DECLINE
AUDIT txn=2449 account=20 amount=456.82 DECLINED reason=LIMIT_DECLINE
AUDIT txn=2433 account=17 amount=238.32 DECLINED reason=FRAUD_TIMEOUT
AUDIT txn=2443 account=8 amount=142.01 DECLINED reason=SCORE_DECLINE
AUDIT txn=2442 account=10 amount=446.59 DECLINED reason=SCORE_DECLINE
AUDIT txn=2441 account=3 amount=103.28 DECLINED reason=LIMIT_DECLINE
AUDIT txn=2445 account=8 amount=298.82 DECLINED reason=LIMIT_DECLINE
AUDIT txn=2444 account=12 amount=102.22 DECLINED reason=SCORE_DECLINE
AUDIT txn=2447 account=2 amount=302.21 DECLINED reason=LIMIT_DECLINE
AUDIT txn=2448 account=17 amount=186.93 DECLINED reason=LIMIT_DECLINE
AUDIT txn=2446 account=15 amount=18207.55 DECLINED reason=LIMIT_DECLINE
AUDIT txn=2451 account=2 amount=223.90 DECLINED reason=LIMIT_DECLINE
AUDIT txn=2452 account=4 amount=450.66 DECLINED reason=LIMIT_DECLINE
AUDIT txn=2450 account=7 amount=110.82 DECLINED reason=CHECK_ERROR
AUDIT txn=2453 account=8 amount=362.58 DECLINED reason=SCORE_DECLINE
AUDIT txn=2454 account=3 amount=9.53 DECLINED reason=LIMIT_DECLINE
AUDIT txn=2463 account=11 amount=459.62 DECLINED reason=LIMIT_DECLINE
AUDIT txn=2455 account=15 amount=235.28 DECLINED reason=LIMIT_DECLINE
AUDIT txn=2456 account=4 amount=87.28 DECLINED reason=LIMIT_DECLINE
AUDIT txn=2472 account=7 amount=480.92 DECLINED reason=LIMIT_DECLINE
AUDIT txn=2459 account=13 amount=237.71 DECLINED reason=LIMIT_DECLINE
AUDIT txn=2460 account=17 amount=206.62 DECLINED reason=SCORE_DECLINE
AUDIT txn=2457 account=13 amount=494.94 DECLINED reason=CHECK_ERROR
AUDIT txn=2458 account=6 amount=261.41 DECLINED reason=LIMIT_DECLINE
AUDIT txn=2462 account=9 amount=149.66 DECLINED reason=LIMIT_DECLINE
AUDIT txn=2464 account=7 amount=293.58 DECLINED reason=CHECK_ERROR
AUDIT txn=2461 account=4 amount=371.23 DECLINED reason=LIMIT_DECLINE
AUDIT txn=2475 account=10 amount=217.22 DECLINED reason=LIMIT_DECLINE
AUDIT txn=2467 account=1 amount=284.45 DECLINED reason=LIMIT_DECLINE
AUDIT txn=2469 account=19 amount=213.61 DECLINED reason=LIMIT_DECLINE
AUDIT txn=2468 account=14 amount=404.15 DECLINED reason=LIMIT_DECLINE
AUDIT txn=2466 account=11 amount=475.36 DECLINED reason=LIMIT_DECLINE
AUDIT txn=2465 account=10 amount=69.52 DECLINED reason=SCORE_DECLINE
AUDIT txn=2474 account=8 amount=144.76 DECLINED reason=LIMIT_DECLINE
AUDIT txn=2470 account=4 amount=107.62 DECLINED reason=LIMIT_DECLINE
AUDIT txn=2473 account=7 amount=212.53 DECLINED reason=LIMIT_DECLINE
AUDIT txn=2477 account=4 amount=253.45 DECLINED reason=SCORE_DECLINE
AUDIT txn=2471 account=16 amount=93.01 DECLINED reason=LIMIT_DECLINE
AUDIT txn=2478 account=15 amount=75.36 DECLINED reason=LIMIT_DECLINE
AUDIT txn=2476 account=12 amount=82.99 DECLINED reason=LIMIT_DECLINE
AUDIT txn=2481 account=1 amount=5.51 DECLINED reason=LIMIT_DECLINE
AUDIT txn=2479 account=16 amount=404.04 DECLINED reason=CHECK_ERROR
AUDIT txn=2489 account=20 amount=327.89 DECLINED reason=LIMIT_DECLINE
AUDIT txn=2480 account=11 amount=24.77 DECLINED reason=CHECK_ERROR
AUDIT txn=2482 account=18 amount=76.39 DECLINED reason=LIMIT_DECLINE
AUDIT txn=2484 account=18 amount=333.99 DECLINED reason=LIMIT_DECLINE
AUDIT txn=2486 account=8 amount=425.66 DECLINED reason=LIMIT_DECLINE
AUDIT txn=2498 account=12 amount=239.61 DECLINED reason=LIMIT_DECLINE
AUDIT txn=2483 account=17 amount=180.34 DECLINED reason=LIMIT_DECLINE
AUDIT txn=2485 account=7 amount=116.24 DECLINED reason=SCORE_DECLINE
AUDIT txn=2492 account=4 amount=302.69 DECLINED reason=LIMIT_DECLINE
AUDIT txn=2490 account=4 amount=422.05 DECLINED reason=LIMIT_DECLINE
AUDIT txn=2493 account=3 amount=41.27 DECLINED reason=LIMIT_DECLINE
AUDIT txn=2487 account=11 amount=178.07 DECLINED reason=LIMIT_DECLINE
AUDIT txn=2488 account=11 amount=21.95 APPROVED
AUDIT txn=2491 account=1 amount=388.79 DECLINED reason=LIMIT_DECLINE
AUDIT txn=2497 account=10 amount=325.93 DECLINED reason=SCORE_DECLINE
AUDIT txn=2506 account=8 amount=483.85 DECLINED reason=LIMIT_DECLINE
AUDIT txn=2495 account=4 amount=94.09 DECLINED reason=LIMIT_DECLINE
AUDIT txn=2499 account=17 amount=29.88 DECLINED reason=SCORE_DECLINE
AUDIT txn=2500 account=14 amount=302.28 DECLINED reason=LIMIT_DECLINE
AUDIT txn=2494 account=6 amount=18188.42 DECLINED reason=LIMIT_DECLINE
AUDIT txn=2502 account=10 amount=328.42 DECLINED reason=LIMIT_DECLINE
AUDIT txn=2501 account=7 amount=19.59 DECLINED reason=LIMIT_DECLINE
AUDIT txn=2496 account=20 amount=52.91 DECLINED reason=LIMIT_DECLINE
AUDIT txn=2505 account=2 amount=242.53 DECLINED reason=LIMIT_DECLINE
AUDIT txn=2504 account=3 amount=306.05 DECLINED reason=LIMIT_DECLINE
AUDIT txn=2508 account=3 amount=179.75 DECLINED reason=LIMIT_DECLINE
AUDIT txn=2503 account=3 amount=94.08 DECLINED reason=LIMIT_DECLINE
AUDIT txn=2511 account=20 amount=356.46 DECLINED reason=LIMIT_DECLINE
AUDIT txn=2507 account=10 amount=56.51 DECLINED reason=LIMIT_DECLINE
AUDIT txn=2510 account=8 amount=473.76 DECLINED reason=LIMIT_DECLINE
AUDIT txn=2512 account=9 amount=168.45 DECLINED reason=LIMIT_DECLINE
AUDIT txn=2509 account=3 amount=163.30 DECLINED reason=LIMIT_DECLINE
AUDIT txn=2514 account=11 amount=76.50 DECLINED reason=LIMIT_DECLINE
AUDIT txn=2515 account=13 amount=111.90 DECLINED reason=LIMIT_DECLINE
AUDIT txn=2517 account=12 amount=324.14 DECLINED reason=LIMIT_DECLINE
AUDIT txn=2513 account=8 amount=374.41 DECLINED reason=LIMIT_DECLINE
AUDIT txn=2516 account=14 amount=62.90 DECLINED reason=LIMIT_DECLINE
AUDIT txn=2519 account=17 amount=163.87 DECLINED reason=LIMIT_DECLINE
AUDIT txn=2518 account=18 amount=349.33 DECLINED reason=LIMIT_DECLINE
AUDIT txn=2520 account=1 amount=306.48 DECLINED reason=SCORE_DECLINE
AUDIT txn=2523 account=3 amount=357.86 DECLINED reason=LIMIT_DECLINE
AUDIT txn=2522 account=11 amount=255.42 DECLINED reason=LIMIT_DECLINE
AUDIT txn=2521 account=6 amount=213.57 DECLINED reason=LIMIT_DECLINE
AUDIT txn=2525 account=16 amount=442.61 DECLINED reason=LIMIT_DECLINE
AUDIT txn=2524 account=13 amount=430.91 DECLINED reason=LIMIT_DECLINE
AUDIT txn=2530 account=11 amount=393.54 DECLINED reason=LIMIT_DECLINE
AUDIT txn=2527 account=7 amount=132.66 DECLINED reason=LIMIT_DECLINE
AUDIT txn=2531 account=17 amount=191.60 DECLINED reason=LIMIT_DECLINE
AUDIT txn=2529 account=6 amount=4.16 DECLINED reason=LIMIT_DECLINE
AUDIT txn=2526 account=12 amount=364.88 DECLINED reason=LIMIT_DECLINE
AUDIT txn=2528 account=4 amount=68.85 DECLINED reason=LIMIT_DECLINE
AUDIT txn=2533 account=12 amount=496.41 DECLINED reason=LIMIT_DECLINE
AUDIT txn=2536 account=20 amount=425.36 DECLINED reason=SCORE_DECLINE
AUDIT txn=2535 account=6 amount=272.19 DECLINED reason=LIMIT_DECLINE
AUDIT txn=2532 account=9 amount=152.30 DECLINED reason=LIMIT_DECLINE
AUDIT txn=2538 account=13 amount=335.61 DECLINED reason=LIMIT_DECLINE
AUDIT txn=2537 account=1 amount=152.45 DECLINED reason=LIMIT_DECLINE
AUDIT txn=2534 account=11 amount=241.48 DECLINED reason=CHECK_ERROR
AUDIT txn=2543 account=15 amount=54.50 DECLINED reason=LIMIT_DECLINE
AUDIT txn=2539 account=11 amount=365.01 DECLINED reason=LIMIT_DECLINE
AUDIT txn=2541 account=3 amount=214.95 DECLINED reason=LIMIT_DECLINE
AUDIT txn=2544 account=2 amount=173.73 DECLINED reason=LIMIT_DECLINE
AUDIT txn=2540 account=1 amount=332.83 DECLINED reason=LIMIT_DECLINE
AUDIT txn=2542 account=7 amount=246.24 DECLINED reason=LIMIT_DECLINE
AUDIT txn=2546 account=14 amount=186.93 DECLINED reason=LIMIT_DECLINE
AUDIT txn=2545 account=19 amount=113.90 DECLINED reason=LIMIT_DECLINE
AUDIT txn=2548 account=2 amount=15304.21 DECLINED reason=LIMIT_DECLINE
AUDIT txn=2549 account=2 amount=246.81 DECLINED reason=LIMIT_DECLINE
AUDIT txn=2550 account=20 amount=200.14 DECLINED reason=LIMIT_DECLINE
AUDIT txn=2547 account=5 amount=182.64 DECLINED reason=LIMIT_DECLINE
AUDIT txn=2553 account=18 amount=105.48 DECLINED reason=LIMIT_DECLINE
AUDIT txn=2551 account=5 amount=37.78 DECLINED reason=CHECK_ERROR
AUDIT txn=2554 account=6 amount=128.36 DECLINED reason=LIMIT_DECLINE
AUDIT txn=2552 account=19 amount=483.79 DECLINED reason=LIMIT_DECLINE
AUDIT txn=2556 account=17 amount=269.13 DECLINED reason=LIMIT_DECLINE
AUDIT txn=2555 account=6 amount=179.23 DECLINED reason=SCORE_DECLINE
AUDIT txn=2558 account=10 amount=218.62 DECLINED reason=LIMIT_DECLINE
AUDIT txn=2560 account=18 amount=458.45 DECLINED reason=LIMIT_DECLINE
AUDIT txn=2561 account=10 amount=333.76 DECLINED reason=LIMIT_DECLINE
AUDIT txn=2557 account=3 amount=316.27 DECLINED reason=LIMIT_DECLINE
AUDIT txn=2559 account=6 amount=414.60 DECLINED reason=LIMIT_DECLINE
AUDIT txn=2563 account=6 amount=106.31 DECLINED reason=CHECK_ERROR
AUDIT txn=2562 account=18 amount=456.09 DECLINED reason=LIMIT_DECLINE
AUDIT txn=2567 account=7 amount=216.96 DECLINED reason=LIMIT_DECLINE
AUDIT txn=2565 account=14 amount=165.69 DECLINED reason=LIMIT_DECLINE
AUDIT txn=2564 account=2 amount=349.98 DECLINED reason=LIMIT_DECLINE
AUDIT txn=2570 account=19 amount=302.17 DECLINED reason=LIMIT_DECLINE
AUDIT txn=2566 account=1 amount=274.52 DECLINED reason=SCORE_DECLINE
AUDIT txn=2568 account=17 amount=138.37 DECLINED reason=LIMIT_DECLINE
AUDIT txn=2573 account=19 amount=441.75 DECLINED reason=SCORE_DECLINE
AUDIT txn=2572 account=3 amount=12.65 DECLINED reason=LIMIT_DECLINE
AUDIT txn=2574 account=1 amount=478.52 DECLINED reason=LIMIT_DECLINE
AUDIT txn=2569 account=13 amount=23.97 DECLINED reason=LIMIT_DECLINE
AUDIT txn=2571 account=11 amount=237.92 DECLINED reason=LIMIT_DECLINE
AUDIT txn=2577 account=12 amount=445.82 DECLINED reason=LIMIT_DECLINE
AUDIT txn=2578 account=16 amount=99.98 DECLINED reason=CHECK_ERROR
AUDIT txn=2575 account=5 amount=171.62 DECLINED reason=LIMIT_DECLINE
AUDIT txn=2579 account=10 amount=155.82 DECLINED reason=LIMIT_DECLINE
AUDIT txn=2581 account=3 amount=467.59 DECLINED reason=LIMIT_DECLINE
AUDIT txn=2576 account=15 amount=491.10 DECLINED reason=LIMIT_DECLINE
AUDIT txn=2580 account=17 amount=8.94 DECLINED reason=LIMIT_DECLINE
AUDIT txn=2584 account=9 amount=19148.98 DECLINED reason=SCORE_DECLINE
AUDIT txn=2586 account=20 amount=420.17 DECLINED reason=LIMIT_DECLINE
AUDIT txn=2583 account=5 amount=452.48 DECLINED reason=LIMIT_DECLINE
AUDIT txn=2582 account=19 amount=215.16 DECLINED reason=LIMIT_DECLINE
AUDIT txn=2587 account=20 amount=4.15 DECLINED reason=LIMIT_DECLINE
AUDIT txn=2590 account=19 amount=78.47 DECLINED reason=LIMIT_DECLINE
AUDIT txn=2588 account=1 amount=78.76 DECLINED reason=LIMIT_DECLINE
AUDIT txn=2585 account=17 amount=74.23 DECLINED reason=LIMIT_DECLINE
AUDIT txn=2593 account=18 amount=61.07 DECLINED reason=LIMIT_DECLINE
AUDIT txn=2592 account=14 amount=240.15 DECLINED reason=LIMIT_DECLINE
AUDIT txn=2589 account=9 amount=42.98 APPROVED
AUDIT txn=2594 account=8 amount=266.08 DECLINED reason=LIMIT_DECLINE
AUDIT txn=2591 account=20 amount=215.48 DECLINED reason=LIMIT_DECLINE
AUDIT txn=2597 account=6 amount=73.87 DECLINED reason=LIMIT_DECLINE
AUDIT txn=2595 account=7 amount=266.78 DECLINED reason=LIMIT_DECLINE
AUDIT txn=2598 account=10 amount=484.45 DECLINED reason=LIMIT_DECLINE
AUDIT txn=2596 account=10 amount=193.88 DECLINED reason=LIMIT_DECLINE
AUDIT txn=2599 account=19 amount=498.77 DECLINED reason=SCORE_DECLINE
AUDIT txn=2601 account=17 amount=96.87 DECLINED reason=LIMIT_DECLINE
AUDIT txn=2603 account=17 amount=26.13 DECLINED reason=LIMIT_DECLINE
AUDIT txn=2600 account=1 amount=458.14 DECLINED reason=LIMIT_DECLINE
AUDIT txn=2605 account=17 amount=136.42 DECLINED reason=LIMIT_DECLINE
AUDIT txn=2602 account=9 amount=372.01 DECLINED reason=LIMIT_DECLINE
AUDIT txn=2604 account=12 amount=133.69 DECLINED reason=LIMIT_DECLINE
AUDIT txn=2606 account=16 amount=248.34 DECLINED reason=LIMIT_DECLINE
AUDIT txn=2610 account=14 amount=89.13 DECLINED reason=LIMIT_DECLINE
AUDIT txn=2608 account=7 amount=300.32 DECLINED reason=LIMIT_DECLINE
AUDIT txn=2611 account=11 amount=450.19 DECLINED reason=LIMIT_DECLINE
AUDIT txn=2607 account=7 amount=494.86 DECLINED reason=LIMIT_DECLINE
AUDIT txn=2609 account=16 amount=356.84 DECLINED reason=LIMIT_DECLINE
AUDIT txn=2612 account=11 amount=3.39 DECLINED reason=LIMIT_DECLINE
AUDIT txn=2615 account=19 amount=26.97 APPROVED
AUDIT txn=2614 account=7 amount=243.93 DECLINED reason=LIMIT_DECLINE
AUDIT txn=2616 account=11 amount=90.34 DECLINED reason=SCORE_DECLINE
AUDIT txn=2613 account=9 amount=413.94 DECLINED reason=LIMIT_DECLINE
AUDIT txn=2617 account=5 amount=421.44 DECLINED reason=LIMIT_DECLINE
AUDIT txn=2619 account=8 amount=123.15 DECLINED reason=LIMIT_DECLINE
AUDIT txn=2618 account=13 amount=253.81 DECLINED reason=LIMIT_DECLINE
AUDIT txn=2621 account=6 amount=49.71 DECLINED reason=LIMIT_DECLINE
AUDIT txn=2622 account=17 amount=306.33 DECLINED reason=LIMIT_DECLINE
AUDIT txn=2623 account=2 amount=142.47 DECLINED reason=LIMIT_DECLINE
AUDIT txn=2620 account=12 amount=322.85 DECLINED reason=LIMIT_DECLINE
AUDIT txn=2625 account=13 amount=286.90 DECLINED reason=CHECK_ERROR
AUDIT txn=2627 account=13 amount=121.62 DECLINED reason=LIMIT_DECLINE
AUDIT txn=2624 account=1 amount=325.32 DECLINED reason=LIMIT_DECLINE
AUDIT txn=2628 account=1 amount=12687.16 DECLINED reason=LIMIT_DECLINE
AUDIT txn=2629 account=15 amount=198.45 DECLINED reason=LIMIT_DECLINE
AUDIT txn=2626 account=4 amount=68.40 DECLINED reason=LIMIT_DECLINE
AUDIT txn=2631 account=1 amount=19716.07 DECLINED reason=LIMIT_DECLINE
AUDIT txn=2632 account=13 amount=355.01 DECLINED reason=LIMIT_DECLINE
AUDIT txn=2634 account=19 amount=238.80 DECLINED reason=LIMIT_DECLINE
AUDIT txn=2630 account=3 amount=429.47 DECLINED reason=LIMIT_DECLINE
AUDIT txn=2637 account=1 amount=3.54 DECLINED reason=LIMIT_DECLINE
AUDIT txn=2633 account=5 amount=19767.93 DECLINED reason=LIMIT_DECLINE
AUDIT txn=2639 account=3 amount=56.71 DECLINED reason=SCORE_DECLINE
AUDIT txn=2636 account=6 amount=133.31 DECLINED reason=LIMIT_DECLINE
AUDIT txn=2635 account=8 amount=407.65 DECLINED reason=LIMIT_DECLINE
AUDIT txn=2641 account=9 amount=300.46 DECLINED reason=SCORE_DECLINE
AUDIT txn=2643 account=6 amount=55.90 DECLINED reason=LIMIT_DECLINE
AUDIT txn=2644 account=9 amount=119.23 DECLINED reason=LIMIT_DECLINE
AUDIT txn=2640 account=4 amount=143.50 DECLINED reason=LIMIT_DECLINE
AUDIT txn=2642 account=10 amount=190.57 DECLINED reason=LIMIT_DECLINE
AUDIT txn=2638 account=10 amount=146.25 DECLINED reason=FRAUD_TIMEOUT
AUDIT txn=2647 account=13 amount=386.62 DECLINED reason=LIMIT_DECLINE
AUDIT txn=2646 account=10 amount=320.70 DECLINED reason=LIMIT_DECLINE
AUDIT txn=2650 account=11 amount=43.35 DECLINED reason=LIMIT_DECLINE
AUDIT txn=2648 account=14 amount=376.99 DECLINED reason=LIMIT_DECLINE
AUDIT txn=2649 account=15 amount=288.37 DECLINED reason=LIMIT_DECLINE
AUDIT txn=2651 account=19 amount=59.60 DECLINED reason=LIMIT_DECLINE
AUDIT txn=2652 account=13 amount=345.79 DECLINED reason=LIMIT_DECLINE
AUDIT txn=2656 account=16 amount=272.53 DECLINED reason=LIMIT_DECLINE
AUDIT txn=2654 account=11 amount=492.29 DECLINED reason=SCORE_DECLINE
AUDIT txn=2655 account=10 amount=377.93 DECLINED reason=LIMIT_DECLINE
AUDIT txn=2645 account=2 amount=425.94 DECLINED reason=FRAUD_TIMEOUT
AUDIT txn=2653 account=1 amount=184.37 DECLINED reason=SCORE_DECLINE
AUDIT txn=2657 account=15 amount=229.88 DECLINED reason=LIMIT_DECLINE
AUDIT txn=2661 account=6 amount=339.74 DECLINED reason=LIMIT_DECLINE
AUDIT txn=2658 account=16 amount=55.52 DECLINED reason=SCORE_DECLINE
AUDIT txn=2660 account=9 amount=342.36 DECLINED reason=LIMIT_DECLINE
AUDIT txn=2659 account=4 amount=204.12 DECLINED reason=LIMIT_DECLINE
AUDIT txn=2663 account=10 amount=179.07 DECLINED reason=LIMIT_DECLINE
AUDIT txn=2665 account=6 amount=175.55 DECLINED reason=LIMIT_DECLINE
AUDIT txn=2662 account=13 amount=43.85 DECLINED reason=LIMIT_DECLINE
AUDIT txn=2667 account=14 amount=391.99 DECLINED reason=LIMIT_DECLINE
AUDIT txn=2669 account=19 amount=141.92 DECLINED reason=SCORE_DECLINE
AUDIT txn=2664 account=14 amount=204.72 DECLINED reason=LIMIT_DECLINE
AUDIT txn=2666 account=13 amount=28.67 DECLINED reason=LIMIT_DECLINE
AUDIT txn=2668 account=9 amount=420.29 DECLINED reason=LIMIT_DECLINE
AUDIT txn=2670 account=16 amount=34.92 DECLINED reason=LIMIT_DECLINE
AUDIT txn=2674 account=20 amount=4.03 DECLINED reason=SCORE_DECLINE
AUDIT txn=2671 account=18 amount=111.35 DECLINED reason=LIMIT_DECLINE
AUDIT txn=2673 account=4 amount=10361.58 DECLINED reason=LIMIT_DECLINE
AUDIT txn=2672 account=9 amount=493.19 DECLINED reason=LIMIT_DECLINE
AUDIT txn=2676 account=5 amount=129.26 DECLINED reason=LIMIT_DECLINE
AUDIT txn=2677 account=14 amount=261.45 DECLINED reason=LIMIT_DECLINE
AUDIT txn=2680 account=7 amount=487.38 DECLINED reason=LIMIT_DECLINE
AUDIT txn=2678 account=6 amount=12.81 DECLINED reason=LIMIT_DECLINE
AUDIT txn=2675 account=17 amount=381.83 DECLINED reason=LIMIT_DECLINE
AUDIT txn=2679 account=8 amount=383.57 DECLINED reason=LIMIT_DECLINE
AUDIT txn=2690 account=5 amount=38.56 DECLINED reason=SCORE_DECLINE
AUDIT txn=2681 account=9 amount=343.21 DECLINED reason=LIMIT_DECLINE
AUDIT txn=2685 account=14 amount=414.97 DECLINED reason=LIMIT_DECLINE
AUDIT txn=2684 account=2 amount=18349.08 DECLINED reason=SCORE_DECLINE
AUDIT txn=2698 account=13 amount=234.19 DECLINED reason=LIMIT_DECLINE
AUDIT txn=2682 account=8 amount=70.63 DECLINED reason=LIMIT_DECLINE
AUDIT txn=2683 account=20 amount=72.89 DECLINED reason=LIMIT_DECLINE
AUDIT txn=2686 account=4 amount=310.77 DECLINED reason=LIMIT_DECLINE
AUDIT txn=2688 account=12 amount=307.94 DECLINED reason=LIMIT_DECLINE
AUDIT txn=2691 account=18 amount=278.10 DECLINED reason=SCORE_DECLINE
AUDIT txn=2694 account=9 amount=13935.39 DECLINED reason=LIMIT_DECLINE
AUDIT txn=2693 account=19 amount=38.43 DECLINED reason=SCORE_DECLINE
AUDIT txn=2687 account=4 amount=24.35 DECLINED reason=LIMIT_DECLINE
AUDIT txn=2696 account=2 amount=261.43 DECLINED reason=SCORE_DECLINE
AUDIT txn=2689 account=11 amount=55.83 DECLINED reason=LIMIT_DECLINE
AUDIT txn=2692 account=17 amount=36.38 DECLINED reason=LIMIT_DECLINE
AUDIT txn=2707 account=18 amount=48.96 DECLINED reason=LIMIT_DECLINE
AUDIT txn=2695 account=15 amount=105.63 DECLINED reason=CHECK_ERROR
AUDIT txn=2702 account=14 amount=355.81 DECLINED reason=SCORE_DECLINE
AUDIT txn=2697 account=19 amount=462.05 DECLINED reason=LIMIT_DECLINE
AUDIT txn=2699 account=8 amount=345.70 DECLINED reason=LIMIT_DECLINE
AUDIT txn=2701 account=20 amount=271.94 DECLINED reason=LIMIT_DECLINE
AUDIT txn=2706 account=1 amount=405.85 DECLINED reason=LIMIT_DECLINE
AUDIT txn=2705 account=15 amount=225.07 DECLINED reason=LIMIT_DECLINE
AUDIT txn=2703 account=14 amount=120.18 DECLINED reason=LIMIT_DECLINE
AUDIT txn=2714 account=8 amount=85.97 DECLINED reason=LIMIT_DECLINE
AUDIT txn=2710 account=15 amount=176.97 DECLINED reason=LIMIT_DECLINE
AUDIT txn=2708 account=9 amount=324.03 DECLINED reason=CHECK_ERROR
AUDIT txn=2704 account=16 amount=435.85 DECLINED reason=LIMIT_DECLINE
AUDIT txn=2700 account=20 amount=429.93 DECLINED reason=FRAUD_TIMEOUT
AUDIT txn=2711 account=19 amount=171.74 DECLINED reason=LIMIT_DECLINE
AUDIT txn=2712 account=7 amount=73.50 DECLINED reason=CHECK_ERROR
AUDIT txn=2713 account=15 amount=498.01 DECLINED reason=LIMIT_DECLINE
AUDIT txn=2709 account=7 amount=181.32 DECLINED reason=SCORE_DECLINE
AUDIT txn=2716 account=7 amount=95.16 DECLINED reason=LIMIT_DECLINE
AUDIT txn=2719 account=1 amount=367.17 DECLINED reason=LIMIT_DECLINE
AUDIT txn=2717 account=9 amount=455.06 DECLINED reason=LIMIT_DECLINE
AUDIT txn=2715 account=16 amount=174.28 DECLINED reason=LIMIT_DECLINE
AUDIT txn=2720 account=4 amount=402.99 DECLINED reason=LIMIT_DECLINE
AUDIT txn=2718 account=3 amount=233.73 DECLINED reason=CHECK_ERROR
AUDIT txn=2721 account=18 amount=50.46 DECLINED reason=LIMIT_DECLINE
AUDIT txn=2724 account=2 amount=168.67 DECLINED reason=SCORE_DECLINE
AUDIT txn=2725 account=6 amount=349.06 DECLINED reason=LIMIT_DECLINE
AUDIT txn=2723 account=8 amount=152.24 DECLINED reason=SCORE_DECLINE
AUDIT txn=2722 account=18 amount=31.22 DECLINED reason=LIMIT_DECLINE
AUDIT txn=2737 account=11 amount=54.38 DECLINED reason=LIMIT_DECLINE
AUDIT txn=2727 account=8 amount=475.09 DECLINED reason=SCORE_DECLINE
AUDIT txn=2730 account=20 amount=496.13 DECLINED reason=LIMIT_DECLINE
AUDIT txn=2726 account=12 amount=167.19 DECLINED reason=LIMIT_DECLINE
AUDIT txn=2733 account=10 amount=389.96 DECLINED reason=LIMIT_DECLINE
AUDIT txn=2729 account=10 amount=462.19 DECLINED reason=LIMIT_DECLINE
AUDIT txn=2728 account=14 amount=139.12 DECLINED reason=LIMIT_DECLINE
AUDIT txn=2731 account=8 amount=55.25 DECLINED reason=LIMIT_DECLINE
AUDIT txn=2734 account=10 amount=92.23 DECLINED reason=SCORE_DECLINE
AUDIT txn=2736 account=19 amount=96.31 DECLINED reason=LIMIT_DECLINE
AUDIT txn=2732 account=16 amount=476.91 DECLINED reason=LIMIT_DECLINE
AUDIT txn=2735 account=8 amount=206.01 DECLINED reason=LIMIT_DECLINE
AUDIT txn=2742 account=9 amount=93.25 DECLINED reason=LIMIT_DECLINE
AUDIT txn=2739 account=14 amount=499.35 DECLINED reason=LIMIT_DECLINE
AUDIT txn=2745 account=4 amount=478.23 DECLINED reason=LIMIT_DECLINE
AUDIT txn=2741 account=6 amount=222.68 DECLINED reason=LIMIT_DECLINE
AUDIT txn=2743 account=9 amount=119.46 DECLINED reason=LIMIT_DECLINE
AUDIT txn=2738 account=8 amount=235.32 DECLINED reason=FRAUD_TIMEOUT
AUDIT txn=2 account=6 amount=298.14 DECLINED reason=SCORE_DECLINE
AUDIT txn=3 account=18 amount=336.76 APPROVED
AUDIT txn=1 account=2 amount=247.37 APPROVED
AUDIT txn=4 account=15 amount=136.44 APPROVED
AUDIT txn=6 account=7 amount=37.04 APPROVED
AUDIT txn=7 account=9 amount=170.22 APPROVED
AUDIT txn=5 account=18 amount=169.69 APPROVED
AUDIT txn=8 account=13 amount=285.61 APPROVED
AUDIT txn=9 account=20 amount=470.15 APPROVED
AUDIT txn=10 account=19 amount=445.49 APPROVED
AUDIT txn=22 account=14 amount=469.88 DECLINED reason=SCORE_DECLINE
AUDIT txn=13 account=8 amount=365.83 APPROVED
AUDIT txn=25 account=19 amount=340.57 APPROVED
AUDIT txn=14 account=12 amount=499.97 DECLINED reason=CHECK_ERROR
AUDIT txn=11 account=20 amount=213.07 APPROVED
AUDIT txn=12 account=7 amount=18392.70 APPROVED
AUDIT txn=17 account=16 amount=497.39 APPROVED
AUDIT txn=29 account=2 amount=253.48 APPROVED
AUDIT txn=15 account=4 amount=493.54 APPROVED
AUDIT txn=18 account=5 amount=249.46 APPROVED
AUDIT txn=16 account=11 amount=361.81 DECLINED reason=CHECK_ERROR
AUDIT txn=20 account=13 amount=84.78 APPROVED
AUDIT txn=19 account=6 amount=186.40 APPROVED
AUDIT txn=33 account=20 amount=265.74 APPROVED
AUDIT txn=23 account=15 amount=360.50 APPROVED
AUDIT txn=26 account=9 amount=430.26 APPROVED
AUDIT txn=21 account=14 amount=458.01 DECLINED reason=SCORE_DECLINE
AUDIT txn=24 account=10 amount=351.19 APPROVED
AUDIT txn=28 account=11 amount=19679.22 APPROVED
AUDIT txn=27 account=20 amount=67.34 APPROVED
AUDIT txn=41 account=19 amount=494.64 DECLINED reason=CHECK_ERROR
AUDIT txn=30 account=12 amount=177.13 DECLINED reason=SCORE_DECLINE
AUDIT txn=35 account=18 amount=371.76 APPROVED
AUDIT txn=36 account=12 amount=309.50 APPROVED
AUDIT txn=32 account=19 amount=277.51 APPROVED
AUDIT txn=31 account=18 amount=325.41 APPROVED
AUDIT txn=34 account=12 amount=77.43 DECLINED reason=SCORE_DECLINE
AUDIT txn=39 account=14 amount=291.64 APPROVED
AUDIT txn=48 account=9 amount=272.43 APPROVED
AUDIT txn=40 account=14 amount=17898.65 APPROVED
AUDIT txn=43 account=1 amount=201.12 APPROVED
AUDIT txn=38 account=9 amount=157.41 APPROVED
AUDIT txn=42 account=13 amount=11028.16 DECLINED reason=SCORE_DECLINE
AUDIT txn=45 account=6 amount=378.58 DECLINED reason=CHECK_ERROR
AUDIT txn=37 account=9 amount=16217.49 APPROVED
AUDIT txn=46 account=17 amount=16729.59 APPROVED
AUDIT txn=49 account=19 amount=224.33 DECLINED reason=SCORE_DECLINE
AUDIT txn=44 account=3 amount=19.62 APPROVED
AUDIT txn=52 account=15 amount=434.38 DECLINED reason=CHECK_ERROR
AUDIT txn=51 account=13 amount=90.34 APPROVED
AUDIT txn=50 account=11 amount=419.94 APPROVED
AUDIT txn=47 account=6 amount=308.44 DECLINED reason=CHECK_ERROR
AUDIT txn=55 account=9 amount=103.80 APPROVED
AUDIT txn=53 account=6 amount=153.81 APPROVED
AUDIT txn=59 account=6 amount=15.22 APPROVED
AUDIT txn=54 account=20 amount=331.11 APPROVED
AUDIT txn=58 account=17 amount=63.18 APPROVED
AUDIT txn=61 account=3 amount=488.48 APPROVED
AUDIT txn=60 account=12 amount=422.68 APPROVED
AUDIT txn=56 account=20 amount=53.03 APPROVED
AUDIT txn=57 account=7 amount=209.52 APPROVED
AUDIT txn=63 account=16 amount=26.74 APPROVED
AUDIT txn=62 account=14 amount=498.33 APPROVED
AUDIT txn=64 account=20 amount=128.90 APPROVED
AUDIT txn=65 account=8 amount=398.80 APPROVED
AUDIT txn=69 account=12 amount=463.64 APPROVED
AUDIT txn=71 account=6 amount=76.17 APPROVED
AUDIT txn=68 account=20 amount=485.50 APPROVED
AUDIT txn=70 account=16 amount=225.20 APPROVED
AUDIT txn=67 account=10 amount=76.10 APPROVED
AUDIT txn=66 account=14 amount=270.44 APPROVED
AUDIT txn=74 account=18 amount=329.89 APPROVED
AUDIT txn=72 account=8 amount=142.76 APPROVED
AUDIT txn=75 account=12 amount=371.84 APPROVED
AUDIT txn=77 account=8 amount=397.18 APPROVED
AUDIT txn=78 account=3 amount=444.38 APPROVED
AUDIT txn=76 account=10 amount=369.30 APPROVED
AUDIT txn=73 account=18 amount=208.95 APPROVED
AUDIT txn=79 account=6 amount=301.07 APPROVED
AUDIT txn=80 account=13 amount=174.97 DECLINED reason=SCORE_DECLINE
AUDIT txn=82 account=1 amount=90.98 APPROVED
AUDIT txn=81 account=16 amount=183.16 APPROVED
AUDIT txn=85 account=11 amount=286.15 APPROVED
AUDIT txn=83 account=4 amount=258.14 APPROVED
AUDIT txn=86 account=11 amount=94.50 APPROVED
AUDIT txn=89 account=5 amount=458.68 APPROVED
AUDIT txn=84 account=8 amount=116.92 APPROVED
AUDIT txn=87 account=19 amount=199.06 APPROVED
AUDIT txn=88 account=4 amount=439.92 APPROVED
AUDIT txn=91 account=17 amount=419.69 APPROVED
AUDIT txn=93 account=9 amount=429.66 APPROVED
AUDIT txn=90 account=14 amount=346.04 APPROVED
AUDIT txn=92 account=1 amount=320.04 APPROVED
AUDIT txn=94 account=10 amount=86.22 APPROVED
AUDIT txn=97 account=18 amount=15707.05 APPROVED
AUDIT txn=96 account=20 amount=20.10 APPROVED
AUDIT txn=98 account=19 amount=479.75 APPROVED
AUDIT txn=95 account=9 amount=58.20 APPROVED
AUDIT txn=99 account=12 amount=225.17 APPROVED
AUDIT txn=102 account=20 amount=17291.56 DECLINED reason=SCORE_DECLINE
AUDIT txn=100 account=11 amount=330.01 APPROVED
AUDIT txn=104 account=12 amount=372.36 APPROVED
AUDIT txn=101 account=20 amount=17522.49 APPROVED
AUDIT txn=103 account=19 amount=144.16 APPROVED
AUDIT txn=108 account=6 amount=209.07 APPROVED
AUDIT txn=106 account=20 amount=182.37 DECLINED reason=CHECK_ERROR
AUDIT txn=105 account=16 amount=40.86 APPROVED
AUDIT txn=111 account=20 amount=376.20 APPROVED
AUDIT txn=107 account=11 amount=435.53 APPROVED
AUDIT txn=110 account=17 amount=26.56 APPROVED
AUDIT txn=109 account=5 amount=129.07 APPROVED
AUDIT txn=112 account=20 amount=216.55 APPROVED
AUDIT txn=117 account=12 amount=415.94 APPROVED
AUDIT txn=114 account=13 amount=491.03 APPROVED
AUDIT txn=115 account=9 amount=171.01 APPROVED
AUDIT txn=113 account=16 amount=127.22 APPROVED
AUDIT txn=118 account=2 amount=252.07 APPROVED
AUDIT txn=120 account=10 amount=369.74 APPROVED
AUDIT txn=122 account=14 amount=19500.05 DECLINED reason=LIMIT_DECLINE
AUDIT txn=121 account=14 amount=458.25 DECLINED reason=CHECK_ERROR
AUDIT txn=116 account=14 amount=192.21 APPROVED
AUDIT txn=126 account=17 amount=421.66 DECLINED reason=SCORE_DECLINE
AUDIT txn=119 account=2 amount=312.88 APPROVED
AUDIT txn=125 account=6 amount=121.83 DECLINED reason=SCORE_DECLINE
AUDIT txn=124 account=19 amount=280.11 APPROVED
AUDIT txn=127 account=15 amount=380.71 APPROVED
AUDIT txn=123 account=6 amount=88.14 DECLINED reason=SCORE_DECLINE
AUDIT txn=130 account=7 amount=90.42 APPROVED
AUDIT txn=129 account=6 amount=25.22 DECLINED reason=CHECK_ERROR
AUDIT txn=132 account=3 amount=331.95 APPROVED
AUDIT txn=131 account=1 amount=333.48 DECLINED reason=SCORE_DECLINE
AUDIT txn=134 account=16 amount=414.69 DECLINED reason=SCORE_DECLINE
AUDIT txn=135 account=11 amount=111.20 APPROVED
AUDIT txn=128 account=7 amount=202.68 APPROVED
AUDIT txn=137 account=7 amount=305.87 APPROVED
AUDIT txn=133 account=14 amount=323.89 APPROVED
AUDIT txn=142 account=3 amount=79.34 APPROVED
AUDIT txn=141 account=7 amount=321.58 DECLINED reason=CHECK_ERROR
AUDIT txn=136 account=5 amount=156.70 APPROVED
AUDIT txn=143 account=19 amount=440.60 APPROVED
AUDIT txn=140 account=14 amount=460.08 APPROVED
AUDIT txn=138 account=8 amount=422.11 APPROVED
AUDIT txn=144 account=1 amount=215.49 APPROVED
AUDIT txn=148 account=20 amount=362.21 APPROVED
AUDIT txn=145 account=14 amount=364.65 APPROVED
AUDIT txn=147 account=18 amount=355.89 APPROVED
AUDIT txn=150 account=12 amount=459.27 DECLINED reason=SCORE_DECLINE
AUDIT txn=139 account=14 amount=453.32 DECLINED reason=FRAUD_TIMEOUT
AUDIT txn=151 account=20 amount=389.37 DECLINED reason=SCORE_DECLINE
AUDIT txn=146 account=8 amount=311.05 APPROVED
AUDIT txn=152 account=20 amount=489.57 APPROVED
AUDIT txn=149 account=6 amount=459.26 APPROVED
AUDIT txn=155 account=18 amount=35.32 APPROVED
AUDIT txn=158 account=12 amount=10760.90 DECLINED reason=SCORE_DECLINE
AUDIT txn=153 account=19 amount=309.31 APPROVED
AUDIT txn=156 account=17 amount=14962.52 DECLINED reason=LIMIT_DECLINE
AUDIT txn=159 account=11 amount=188.58 APPROVED
AUDIT txn=160 account=4 amount=201.72 APPROVED
AUDIT txn=154 account=3 amount=235.17 DECLINED reason=FRAUD_TIMEOUT
AUDIT txn=161 account=13 amount=338.23 APPROVED
AUDIT txn=162 account=11 amount=15.68 APPROVED
AUDIT txn=157 account=14 amount=70.19 DECLINED reason=FRAUD_TIMEOUT
AUDIT txn=163 account=6 amount=88.78 APPROVED
AUDIT txn=164 account=1 amount=16490.59 APPROVED
AUDIT txn=166 account=5 amount=38.64 APPROVED
AUDIT txn=167 account=16 amount=172.34 APPROVED
AUDIT txn=165 account=10 amount=321.76 APPROVED
AUDIT txn=170 account=10 amount=231.56 APPROVED
AUDIT txn=168 account=8 amount=292.88 APPROVED
AUDIT txn=171 account=7 amount=199.68 APPROVED
AUDIT txn=169 account=19 amount=23.38 APPROVED
AUDIT txn=174 account=15 amount=61.34 APPROVED
AUDIT txn=173 account=6 amount=157.96 DECLINED reason=SCORE_DECLINE
AUDIT txn=172 account=11 amount=216.06 APPROVED
AUDIT txn=175 account=8 amount=57.01 APPROVED
AUDIT txn=180 account=15 amount=197.61 APPROVED
AUDIT txn=176 account=14 amount=406.73 APPROVED
AUDIT txn=181 account=18 amount=271.58 DECLINED reason=SCORE_DECLINE
AUDIT txn=178 account=10 amount=3.70 APPROVED
AUDIT txn=179 account=3 amount=202.01 APPROVED
AUDIT txn=186 account=5 amount=478.96 APPROVED
AUDIT txn=185 account=11 amount=51.22 APPROVED
AUDIT txn=184 account=14 amount=440.42 APPROVED
AUDIT txn=182 account=10 amount=339.36 APPROVED
AUDIT txn=177 account=14 amount=245.56 DECLINED reason=FRAUD_TIMEOUT
AUDIT txn=183 account=1 amount=163.66 DECLINED reason=SCORE_DECLINE
AUDIT txn=188 account=20 amount=441.50 APPROVED
AUDIT txn=191 account=14 amount=388.00 APPROVED
AUDIT txn=189 account=7 amount=445.53 APPROVED
AUDIT txn=187 account=13 amount=1.44 APPROVED
AUDIT txn=195 account=14 amount=315.46 APPROVED
AUDIT txn=193 account=17 amount=57.27 DECLINED reason=CHECK_ERROR
AUDIT txn=192 account=8 amount=466.93 APPROVED
AUDIT txn=190 account=8 amount=427.85 DECLINED reason=SCORE_DECLINE
AUDIT txn=194 account=9 amount=57.08 APPROVED
AUDIT txn=196 account=13 amount=486.52 APPROVED
AUDIT txn=197 account=13 amount=95.33 APPROVED
AUDIT txn=202 account=20 amount=29.93 DECLINED reason=CHECK_ERROR
AUDIT txn=198 account=13 amount=18.57 APPROVED
AUDIT txn=199 account=5 amount=68.46 APPROVED
AUDIT txn=200 account=16 amount=129.04 DECLINED reason=SCORE_DECLINE
AUDIT txn=201 account=16 amount=382.17 APPROVED
AUDIT txn=203 account=1 amount=72.10 DECLINED reason=SCORE_DECLINE
AUDIT txn=204 account=17 amount=236.39 DECLINED reason=SCORE_DECLINE
AUDIT txn=207 account=4 amount=461.73 DECLINED reason=CHECK_ERROR
AUDIT txn=205 account=15 amount=440.70 APPROVED
AUDIT txn=206 account=15 amount=177.98 APPROVED
AUDIT txn=212 account=1 amount=385.73 APPROVED
AUDIT txn=208 account=7 amount=6.01 APPROVED
AUDIT txn=213 account=17 amount=180.06 APPROVED
AUDIT txn=214 account=2 amount=438.38 APPROVED
AUDIT txn=209 account=3 amount=257.19 APPROVED
AUDIT txn=210 account=2 amount=324.66 APPROVED
AUDIT txn=211 account=8 amount=11941.38 DECLINED reason=SCORE_DECLINE
AUDIT txn=215 account=7 amount=111.29 APPROVED
AUDIT txn=225 account=12 amount=427.76 APPROVED
AUDIT txn=217 account=18 amount=103.97 APPROVED
AUDIT txn=216 account=10 amount=392.76 APPROVED
AUDIT txn=220 account=5 amount=286.09 APPROVED
AUDIT txn=218 account=15 amount=98.83 APPROVED
AUDIT txn=219 account=13 amount=51.23 APPROVED
AUDIT txn=223 account=4 amount=87.96 APPROVED
AUDIT txn=221 account=6 amount=10978.24 DECLINED reason=SCORE_DECLINE
AUDIT txn=224 account=16 amount=98.60 DECLINED reason=CHECK_ERROR
AUDIT txn=226 account=12 amount=170.17 APPROVED
AUDIT txn=227 account=10 amount=10.99 APPROVED
AUDIT txn=230 account=5 amount=42.47 APPROVED
AUDIT txn=222 account=8 amount=101.07 APPROVED
AUDIT txn=233 account=8 amount=344.80 APPROVED
AUDIT txn=229 account=19 amount=172.95 APPROVED
AUDIT txn=228 account=15 amount=191.47 DECLINED reason=SCORE_DECLINE
AUDIT txn=232 account=4 amount=129.91 APPROVED
AUDIT txn=231 account=6 amount=19094.23 APPROVED
AUDIT txn=237 account=19 amount=477.92 APPROVED
AUDIT txn=239 account=18 amount=52.88 APPROVED
AUDIT txn=234 account=8 amount=288.41 APPROVED
AUDIT txn=235 account=1 amount=418.52 APPROVED
AUDIT txn=241 account=10 amount=241.07 DECLINED reason=SCORE_DECLINE
AUDIT txn=238 account=9 amount=359.27 APPROVED
AUDIT txn=240 account=19 amount=409.88 APPROVED
AUDIT txn=242 account=6 amount=178.52 APPROVED
AUDIT txn=236 account=17 amount=303.40 APPROVED
AUDIT txn=243 account=8 amount=220.01 APPROVED
AUDIT txn=244 account=4 amount=449.95 APPROVED
AUDIT txn=245 account=16 amount=464.54 APPROVED
AUDIT txn=250 account=10 amount=3.59 DECLINED reason=SCORE_DECLINE
AUDIT txn=247 account=5 amount=336.73 APPROVED
AUDIT txn=246 account=19 amount=389.71 APPROVED
AUDIT txn=248 account=13 amount=407.84 APPROVED
AUDIT txn=251 account=4 amount=474.86 APPROVED
AUDIT txn=252 account=8 amount=267.12 DECLINED reason=SCORE_DECLINE
AUDIT txn=249 account=11 amount=14583.41 DECLINED reason=SCORE_DECLINE
AUDIT txn=258 account=13 amount=429.93 APPROVED
AUDIT txn=254 account=13 amount=283.42 APPROVED
AUDIT txn=255 account=13 amount=475.75 DECLINED reason=SCORE_DECLINE
AUDIT txn=256 account=19 amount=390.76 APPROVED
AUDIT txn=257 account=20 amount=19171.97 DECLINED reason=LIMIT_DECLINE
AUDIT txn=259 account=4 amount=54.41 APPROVED
AUDIT txn=253 account=11 amount=50.61 DECLINED reason=FRAUD_TIMEOUT
AUDIT txn=261 account=3 amount=217.18 APPROVED
AUDIT txn=260 account=15 amount=351.33 APPROVED
AUDIT txn=263 account=2 amount=130.06 APPROVED
AUDIT txn=262 account=11 amount=44.02 APPROVED
AUDIT txn=264 account=13 amount=164.90 APPROVED
AUDIT txn=265 account=7 amount=142.13 APPROVED
AUDIT txn=266 account=1 amount=464.59 APPROVED
AUDIT txn=274 account=10 amount=108.99 APPROVED
AUDIT txn=270 account=13 amount=74.90 APPROVED
AUDIT txn=269 account=18 amount=435.41 APPROVED
AUDIT txn=268 account=9 amount=270.02 APPROVED
AUDIT txn=267 account=3 amount=374.60 APPROVED
AUDIT txn=275 account=7 amount=330.80 APPROVED
AUDIT txn=272 account=7 amount=177.73 APPROVED
AUDIT txn=271 account=5 amount=349.57 APPROVED
AUDIT txn=276 account=17 amount=269.58 APPROVED
AUDIT txn=278 account=11 amount=183.25 DECLINED reason=CHECK_ERROR
AUDIT txn=273 account=6 amount=115.98 DECLINED reason=SCORE_DECLINE
AUDIT txn=281 account=1 amount=19983.10 DECLINED reason=LIMIT_DECLINE
AUDIT txn=277 account=7 amount=83.97 APPROVED
AUDIT txn=283 account=9 amount=489.64 DECLINED reason=CHECK_ERROR
AUDIT txn=279 account=12 amount=32.68 APPROVED
AUDIT txn=280 account=17 amount=272.26 APPROVED
AUDIT txn=284 account=8 amount=239.25 APPROVED
AUDIT txn=286 account=6 amount=321.48 APPROVED
AUDIT txn=282 account=2 amount=221.21 APPROVED
AUDIT txn=289 account=6 amount=410.86 APPROVED
AUDIT txn=288 account=15 amount=362.02 APPROVED
AUDIT txn=285 account=5 amount=475.98 APPROVED
AUDIT txn=290 account=11 amount=105.43 DECLINED reason=SCORE_DECLINE
AUDIT txn=291 account=13 amount=63.87 APPROVED
AUDIT txn=293 account=12 amount=161.28 DECLINED reason=SCORE_DECLINE
AUDIT txn=287 account=10 amount=124.65 DECLINED reason=FRAUD_TIMEOUT
AUDIT txn=295 account=9 amount=124.18 APPROVED
AUDIT txn=292 account=15 amount=382.11 APPROVED
AUDIT txn=294 account=20 amount=488.79 APPROVED
AUDIT txn=305 account=17 amount=246.64 APPROVED
AUDIT txn=296 account=11 amount=107.34 APPROVED
AUDIT txn=297 account=14 amount=368.39 APPROVED
AUDIT txn=302 account=6 amount=324.59 DECLINED reason=CHECK_ERROR
AUDIT txn=298 account=8 amount=250.66 APPROVED
AUDIT txn=300 account=14 amount=95.13 DECLINED reason=CHECK_ERROR
AUDIT txn=303 account=19 amount=336.11 APPROVED
AUDIT txn=313 account=1 amount=449.72 APPROVED
AUDIT txn=299 account=2 amount=247.04 APPROVED
AUDIT txn=304 account=17 amount=300.21 APPROVED
AUDIT txn=301 account=2 amount=190.25 APPROVED
AUDIT txn=307 account=3 amount=369.31 APPROVED
AUDIT txn=310 account=18 amount=6.19 APPROVED
AUDIT txn=309 account=14 amount=394.38 APPROVED
AUDIT txn=311 account=3 amount=481.90 APPROVED
AUDIT txn=323 account=18 amount=253.10 APPROVED
AUDIT txn=316 account=15 amount=249.84 DECLINED reason=SCORE_DECLINE
AUDIT txn=306 account=11 amount=2.69 DECLINED reason=FRAUD_TIMEOUT
AUDIT txn=312 account=2 amount=472.50 APPROVED
AUDIT txn=314 account=14 amount=135.41 APPROVED
AUDIT txn=308 account=8 amount=151.37 DECLINED reason=FRAUD_TIMEOUT
AUDIT txn=317 account=6 amount=16446.14 DECLINED reason=LIMIT_DECLINE
AUDIT txn=315 account=5 amount=441.37 APPROVED
AUDIT txn=328 account=6 amount=11.57 DECLINED reason=SCORE_DECLINE
AUDIT txn=321 account=1 amount=165.71 DECLINED reason=SCORE_DECLINE
AUDIT txn=324 account=2 amount=344.65 APPROVED
AUDIT txn=318 account=11 amount=97.73 APPROVED
AUDIT txn=336 account=19 amount=452.11 APPROVED
AUDIT txn=325 account=5 amount=27.46 APPROVED
AUDIT txn=320 account=8 amount=418.51 APPROVED
AUDIT txn=322 account=6 amount=311.71 APPROVED
AUDIT txn=329 account=17 amount=348.80 APPROVED
AUDIT txn=331 account=12 amount=308.40 APPROVED
AUDIT txn=319 account=17 amount=487.14 DECLINED reason=FRAUD_TIMEOUT
AUDIT txn=326 account=11 amount=496.38 DECLINED reason=SCORE_DECLINE
AUDIT txn=340 account=8 amount=189.43 APPROVED
AUDIT txn=327 account=17 amount=16701.18 DECLINED reason=LIMIT_DECLINE
AUDIT txn=332 account=7 amount=324.11 APPROVED
AUDIT txn=335 account=5 amount=445.01 APPROVED
AUDIT txn=334 account=11 amount=86.54 APPROVED
AUDIT txn=337 account=20 amount=160.51 APPROVED
AUDIT txn=333 account=8 amount=317.20 APPROVED
AUDIT txn=330 account=11 amount=327.09 APPROVED
AUDIT txn=341 account=16 amount=10965.82 DECLINED reason=SCORE_DECLINE
AUDIT txn=339 account=11 amount=488.54 APPROVED
AUDIT txn=343 account=4 amount=4.22 APPROVED
AUDIT txn=342 account=6 amount=308.76 APPROVED
AUDIT txn=345 account=8 amount=109.78 DECLINED reason=SCORE_DECLINE
AUDIT txn=338 account=20 amount=51.00 APPROVED
AUDIT txn=344 account=13 amount=434.68 APPROVED
AUDIT txn=350 account=13 amount=186.12 APPROVED
AUDIT txn=346 account=19 amount=411.06 DECLINED reason=SCORE_DECLINE
AUDIT txn=347 account=15 amount=128.62 APPROVED
AUDIT txn=349 account=12 amount=16947.13 APPROVED
AUDIT txn=348 account=7 amount=228.96 APPROVED
AUDIT txn=351 account=11 amount=181.26 APPROVED
AUDIT txn=353 account=19 amount=107.22 APPROVED
AUDIT txn=352 account=19 amount=26.28 APPROVED
AUDIT txn=356 account=6 amount=472.36 DECLINED reason=SCORE_DECLINE
AUDIT txn=354 account=7 amount=427.89 APPROVED
AUDIT txn=355 account=3 amount=169.58 APPROVED
AUDIT txn=360 account=8 amount=39.81 APPROVED
AUDIT txn=359 account=19 amount=407.21 APPROVED
AUDIT txn=357 account=20 amount=129.56 APPROVED
AUDIT txn=358 account=12 amount=453.87 APPROVED
AUDIT txn=368 account=3 amount=463.25 APPROVED
AUDIT txn=363 account=5 amount=173.27 APPROVED
AUDIT txn=361 account=1 amount=171.14 APPROVED
AUDIT txn=366 account=12 amount=134.52 APPROVED
AUDIT txn=367 account=17 amount=318.68 APPROVED
AUDIT txn=365 account=2 amount=286.70 APPROVED
AUDIT txn=364 account=20 amount=251.35 APPROVED
AUDIT txn=380 account=10 amount=413.46 APPROVED
AUDIT txn=370 account=19 amount=217.60 APPROVED
AUDIT txn=362 account=10 amount=108.99 DECLINED reason=FRAUD_TIMEOUT
AUDIT txn=372 account=6 amount=444.62 APPROVED
AUDIT txn=369 account=17 amount=316.99 APPROVED
AUDIT txn=371 account=3 amount=377.76 APPROVED
AUDIT txn=374 account=14 amount=188.21 DECLINED reason=SCORE_DECLINE
AUDIT txn=373 account=11 amount=368.15 APPROVED
AUDIT txn=375 account=3 amount=282.31 APPROVED
AUDIT txn=378 account=9 amount=184.18 APPROVED
AUDIT txn=385 account=4 amount=439.20 DECLINED reason=SCORE_DECLINE
AUDIT txn=377 account=5 amount=13.93 DECLINED reason=SCORE_DECLINE
AUDIT txn=376 account=4 amount=438.38 APPROVED
AUDIT txn=383 account=18 amount=292.04 APPROVED
AUDIT txn=379 account=3 amount=12.42 APPROVED
AUDIT txn=381 account=16 amount=300.61 APPROVED
AUDIT txn=395 account=10 amount=10006.52 DECLINED reason=SCORE_DECLINE
AUDIT txn=382 account=19 amount=26.75 APPROVED
AUDIT txn=386 account=8 amount=273.33 DECLINED reason=SCORE_DECLINE
AUDIT txn=389 account=11 amount=209.70 APPROVED
AUDIT txn=387 account=10 amount=143.30 APPROVED
AUDIT txn=384 account=14 amount=58.15 APPROVED
AUDIT txn=390 account=3 amount=53.00 APPROVED
AUDIT txn=391 account=16 amount=414.06 APPROVED
AUDIT txn=392 account=14 amount=347.25 APPROVED
AUDIT txn=388 account=10 amount=159.28 DECLINED reason=SCORE_DECLINE
AUDIT txn=396 account=20 amount=221.64 APPROVED
AUDIT txn=399 account=3 amount=425.30 APPROVED
AUDIT txn=393 account=20 amount=451.45 APPROVED
AUDIT txn=394 account=2 amount=460.89 APPROVED
AUDIT txn=401 account=4 amount=397.12 APPROVED
AUDIT txn=398 account=9 amount=347.08 APPROVED
AUDIT txn=402 account=5 amount=99.22 APPROVED
AUDIT txn=397 account=5 amount=360.02 APPROVED
AUDIT txn=404 account=10 amount=421.95 APPROVED
AUDIT txn=400 account=12 amount=336.64 DECLINED reason=SCORE_DECLINE
AUDIT txn=406 account=8 amount=79.48 APPROVED
AUDIT txn=403 account=14 amount=429.71 APPROVED
AUDIT txn=405 account=3 amount=206.32 APPROVED
AUDIT txn=409 account=17 amount=420.09 APPROVED
AUDIT txn=410 account=4 amount=305.03 APPROVED
AUDIT txn=407 account=15 amount=140.80 APPROVED
AUDIT txn=408 account=18 amount=301.24 DECLINED reason=SCORE_DECLINE
AUDIT txn=411 account=12 amount=499.00 DECLINED reason=SCORE_DECLINE
AUDIT txn=413 account=6 amount=241.33 APPROVED
AUDIT txn=414 account=18 amount=440.97 APPROVED
AUDIT txn=412 account=4 amount=401.02 APPROVED
AUDIT txn=415 account=17 amount=378.94 APPROVED
AUDIT txn=418 account=14 amount=117.46 APPROVED
AUDIT txn=416 account=20 amount=124.09 APPROVED
AUDIT txn=420 account=12 amount=204.57 APPROVED
AUDIT txn=417 account=13 amount=363.73 APPROVED
AUDIT txn=423 account=16 amount=187.99 APPROVED
AUDIT txn=419 account=13 amount=184.91 APPROVED
AUDIT txn=421 account=3 amount=223.35 APPROVED
AUDIT txn=422 account=2 amount=328.21 APPROVED
AUDIT txn=428 account=15 amount=197.01 APPROVED
AUDIT txn=426 account=12 amount=12739.67 DECLINED reason=LIMIT_DECLINE
AUDIT txn=424 account=9 amount=369.29 APPROVED
AUDIT txn=425 account=19 amount=81.77 APPROVED
AUDIT txn=429 account=3 amount=404.70 DECLINED reason=CHECK_ERROR
AUDIT txn=430 account=2 amount=398.47 DECLINED reason=SCORE_DECLINE
AUDIT txn=433 account=10 amount=186.17 APPROVED
AUDIT txn=427 account=18 amount=101.44 APPROVED
AUDIT txn=432 account=9 amount=13880.74 DECLINED reason=LIMIT_DECLINE
AUDIT txn=435 account=2 amount=209.38 APPROVED
AUDIT txn=431 account=7 amount=411.70 APPROVED
AUDIT txn=434 account=1 amount=33.23 APPROVED
AUDIT txn=437 account=9 amount=208.20 APPROVED
AUDIT txn=439 account=7 amount=153.29 APPROVED
AUDIT txn=440 account=1 amount=468.70 APPROVED
AUDIT txn=442 account=12 amount=132.22 APPROVED
AUDIT txn=436 account=11 amount=148.19 APPROVED
AUDIT txn=438 account=13 amount=315.83 APPROVED
AUDIT txn=444 account=18 amount=304.95 APPROVED
AUDIT txn=441 account=13 amount=482.14 DECLINED reason=CHECK_ERROR
AUDIT txn=443 account=17 amount=466.05 APPROVED
AUDIT txn=446 account=11 amount=291.34 APPROVED
AUDIT txn=448 account=4 amount=218.57 APPROVED
AUDIT txn=450 account=16 amount=10127.67 DECLINED reason=SCORE_DECLINE
AUDIT txn=445 account=8 amount=47.09 DECLINED reason=SCORE_DECLINE
AUDIT txn=447 account=1 amount=275.13 APPROVED
AUDIT txn=449 account=9 amount=84.49 APPROVED
AUDIT txn=452 account=2 amount=443.35 DECLINED reason=SCORE_DECLINE
AUDIT txn=451 account=3 amount=28.24 APPROVED
AUDIT txn=453 account=4 amount=464.19 APPROVED
AUDIT txn=454 account=20 amount=232.80 APPROVED
AUDIT txn=458 account=7 amount=22.71 APPROVED
AUDIT txn=467 account=7 amount=227.61 APPROVED
AUDIT txn=455 account=9 amount=450.51 APPROVED
AUDIT txn=456 account=18 amount=44.79 DECLINED reason=SCORE_DECLINE
AUDIT txn=457 account=8 amount=199.69 APPROVED
AUDIT txn=460 account=14 amount=81.56 APPROVED
AUDIT txn=465 account=3 amount=131.70 APPROVED
AUDIT txn=459 account=2 amount=13.50 APPROVED
AUDIT txn=462 account=1 amount=340.98 APPROVED
AUDIT txn=461 account=17 amount=231.82 APPROVED
AUDIT txn=464 account=6 amount=250.13 APPROVED
AUDIT txn=468 account=19 amount=19.90 APPROVED
AUDIT txn=470 account=9 amount=195.85 DECLINED reason=SCORE_DECLINE
AUDIT txn=469 account=16 amount=94.62 APPROVED
AUDIT txn=477 account=20 amount=411.36 APPROVED
AUDIT txn=463 account=15 amount=376.35 APPROVED
AUDIT txn=472 account=7 amount=493.20 APPROVED
AUDIT txn=466 account=12 amount=495.53 APPROVED
AUDIT txn=473 account=19 amount=136.07 APPROVED
AUDIT txn=474 account=5 amount=288.71 APPROVED
AUDIT txn=471 account=5 amount=420.62 DECLINED reason=CHECK_ERROR
AUDIT txn=479 account=12 amount=293.95 APPROVED
AUDIT txn=478 account=3 amount=224.59 DECLINED reason=SCORE_DECLINE
AUDIT txn=476 account=6 amount=441.50 APPROVED
AUDIT txn=475 account=7 amount=12409.12 DECLINED reason=LIMIT_DECLINE
AUDIT txn=482 account=5 amount=390.32 APPROVED
AUDIT txn=481 account=11 amount=242.32 DECLINED reason=SCORE_DECLINE
AUDIT txn=483 account=9 amount=430.78 APPROVED
AUDIT txn=485 account=8 amount=113.83 APPROVED
AUDIT txn=480 account=4 amount=474.11 APPROVED
AUDIT txn=484 account=17 amount=482.18 APPROVED
AUDIT txn=486 account=17 amount=337.24 APPROVED
AUDIT txn=488 account=5 amount=157.57 APPROVED
AUDIT txn=487 account=16 amount=92.46 APPROVED
AUDIT txn=489 account=2 amount=349.94 APPROVED
AUDIT txn=491 account=5 amount=254.37 APPROVED
AUDIT txn=490 account=20 amount=128.35 DECLINED reason=SCORE_DECLINE
AUDIT txn=492 account=2 amount=357.02 APPROVED
AUDIT txn=493 account=15 amount=414.15 APPROVED
AUDIT txn=498 account=15 amount=464.99 APPROVED
AUDIT txn=495 account=17 amount=99.43 APPROVED
AUDIT txn=494 account=14 amount=18931.85 DECLINED reason=SCORE_DECLINE
AUDIT txn=500 account=5 amount=25.28 APPROVED
AUDIT txn=497 account=1 amount=9.37 APPROVED
AUDIT txn=509 account=3 amount=430.97 APPROVED
AUDIT txn=503 account=3 amount=174.84 APPROVED
AUDIT txn=502 account=16 amount=145.33 APPROVED
AUDIT txn=499 account=12 amount=330.22 APPROVED
AUDIT txn=496 account=16 amount=97.72 DECLINED reason=FRAUD_TIMEOUT
AUDIT txn=516 account=14 amount=485.36 APPROVED
AUDIT txn=504 account=4 amount=11279.02 DECLINED reason=CHECK_ERROR
AUDIT txn=508 account=11 amount=169.70 APPROVED
AUDIT txn=505 account=18 amount=303.12 DECLINED reason=SCORE_DECLINE
AUDIT txn=501 account=3 amount=227.48 DECLINED reason=FRAUD_TIMEOUT
AUDIT txn=506 account=17 amount=17.57 APPROVED
AUDIT txn=507 account=5 amount=59.65 APPROVED
AUDIT txn=510 account=16 amount=422.27 APPROVED
AUDIT txn=514 account=12 amount=336.25 APPROVED
AUDIT txn=522 account=20 amount=13.89 APPROVED
AUDIT txn=511 account=19 amount=226.16 APPROVED
AUDIT txn=513 account=18 amount=336.19 APPROVED
AUDIT txn=512 account=2 amount=54.96 APPROVED
AUDIT txn=515 account=12 amount=249.65 APPROVED
AUDIT txn=518 account=8 amount=114.84 APPROVED
AUDIT txn=520 account=11 amount=16084.43 DECLINED reason=SCORE_DECLINE
AUDIT txn=517 account=16 amount=7.28 APPROVED
AUDIT txn=523 account=8 amount=230.83 APPROVED
AUDIT txn=521 account=12 amount=141.44 DECLINED reason=CHECK_ERROR
AUDIT txn=531 account=16 amount=386.60 APPROVED
AUDIT txn=519 account=18 amount=345.09 APPROVED
AUDIT txn=525 account=7 amount=119.60 APPROVED
AUDIT txn=524 account=9 amount=17.62 APPROVED
AUDIT txn=527 account=8 amount=261.92 APPROVED
AUDIT txn=530 account=2 amount=487.42 APPROVED
AUDIT txn=533 account=3 amount=122.96 APPROVED
AUDIT txn=529 account=8 amount=363.82 DECLINED reason=SCORE_DECLINE
AUDIT txn=528 account=5 amount=328.90 APPROVED
AUDIT txn=532 account=18 amount=268.94 DECLINED reason=SCORE_DECLINE
AUDIT txn=535 account=8 amount=99.06 APPROVED
AUDIT txn=534 account=9 amount=474.90 APPROVED
AUDIT txn=536 account=19 amount=274.92 APPROVED
AUDIT txn=526 account=3 amount=47.01 DECLINED reason=FRAUD_TIMEOUT
AUDIT txn=537 account=14 amount=220.76 APPROVED
AUDIT txn=539 account=15 amount=180.23 APPROVED
AUDIT txn=546 account=3 amount=282.91 APPROVED
AUDIT txn=542 account=8 amount=48.01 APPROVED
AUDIT txn=538 account=12 amount=487.34 APPROVED
AUDIT txn=545 account=3 amount=93.38 APPROVED
AUDIT txn=541 account=3 amount=424.47 APPROVED
AUDIT txn=540 account=20 amount=361.71 APPROVED
AUDIT txn=547 account=12 amount=377.69 APPROVED
AUDIT txn=548 account=1 amount=352.30 APPROVED
AUDIT txn=544 account=20 amount=181.14 APPROVED
AUDIT txn=543 account=5 amount=227.20 APPROVED
AUDIT txn=552 account=16 amount=70.86 APPROVED
AUDIT txn=551 account=10 amount=452.00 APPROVED
AUDIT txn=550 account=9 amount=307.15 APPROVED
AUDIT txn=554 account=1 amount=294.75 DECLINED reason=CHECK_ERROR
AUDIT txn=549 account=5 amount=185.50 APPROVED
AUDIT txn=553 account=1 amount=487.68 DECLINED reason=SCORE_DECLINE
AUDIT txn=555 account=13 amount=135.21 DECLINED reason=CHECK_ERROR
AUDIT txn=557 account=2 amount=132.96 APPROVED
AUDIT txn=560 account=16 amount=98.86 APPROVED
AUDIT txn=559 account=5 amount=351.50 APPROVED
AUDIT txn=556 account=5 amount=19549.20 DECLINED reason=LIMIT_DECLINE
AUDIT txn=561 account=16 amount=389.48 DECLINED reason=SCORE_DECLINE
AUDIT txn=558 account=14 amount=268.95 DECLINED reason=LIMIT_DECLINE
AUDIT txn=566 account=9 amount=209.47 APPROVED
AUDIT txn=563 account=16 amount=127.40 APPROVED
AUDIT txn=562 account=3 amount=150.78 APPROVED
AUDIT txn=565 account=12 amount=235.08 APPROVED
AUDIT txn=569 account=7 amount=259.25 APPROVED
AUDIT txn=564 account=17 amount=134.55 APPROVED
AUDIT txn=570 account=11 amount=369.50 APPROVED
AUDIT txn=568 account=17 amount=347.80 APPROVED
AUDIT txn=567 account=6 amount=373.18 APPROVED
AUDIT txn=571 account=7 amount=418.77 APPROVED
AUDIT txn=573 account=18 amount=64.42 DECLINED reason=CHECK_ERROR
AUDIT txn=572 account=7 amount=56.79 APPROVED
AUDIT txn=574 account=1 amount=104.53 APPROVED
AUDIT txn=575 account=17 amount=364.80 APPROVED
AUDIT txn=576 account=7 amount=153.34 APPROVED
AUDIT txn=578 account=10 amount=100.66 APPROVED
AUDIT txn=590 account=5 amount=137.31 APPROVED
AUDIT txn=580 account=16 amount=223.85 APPROVED
AUDIT txn=581 account=16 amount=347.58 APPROVED
AUDIT txn=577 account=5 amount=13.48 APPROVED
AUDIT txn=583 account=5 amount=76.54 APPROVED
AUDIT txn=579 account=14 amount=270.28 DECLINED reason=SCORE_DECLINE
AUDIT txn=586 account=10 amount=473.85 DECLINED reason=CHECK_ERROR
AUDIT txn=585 account=5 amount=13622.97 APPROVED
AUDIT txn=584 account=11 amount=20.98 APPROVED
AUDIT txn=582 account=14 amount=14039.47 DECLINED reason=SCORE_DECLINE
AUDIT txn=587 account=1 amount=493.33 APPROVED
AUDIT txn=588 account=18 amount=262.28 DECLINED reason=SCORE_DECLINE
AUDIT txn=589 account=15 amount=213.60 APPROVED
AUDIT txn=592 account=11 amount=428.86 DECLINED reason=LIMIT_DECLINE
AUDIT txn=591 account=10 amount=483.40 APPROVED
AUDIT txn=595 account=8 amount=411.01 APPROVED
AUDIT txn=596 account=19 amount=30.03 APPROVED
AUDIT txn=593 account=5 amount=493.92 APPROVED
AUDIT txn=594 account=19 amount=346.78 APPROVED
AUDIT txn=598 account=14 amount=12054.41 DECLINED reason=LIMIT_DECLINE
AUDIT txn=599 account=8 amount=449.40 APPROVED
AUDIT txn=601 account=16 amount=161.65 APPROVED
AUDIT txn=603 account=19 amount=180.01 APPROVED
AUDIT txn=602 account=13 amount=93.15 APPROVED
AUDIT txn=597 account=3 amount=316.16 DECLINED reason=CHECK_ERROR
AUDIT txn=604 account=13 amount=318.16 APPROVED
AUDIT txn=600 account=4 amount=246.22 APPROVED
AUDIT txn=607 account=18 amount=400.09 APPROVED
AUDIT txn=606 account=1 amount=19491.62 DECLINED reason=LIMIT_DECLINE
AUDIT txn=610 account=15 amount=384.23 APPROVED
AUDIT txn=605 account=15 amount=217.38 APPROVED
AUDIT txn=608 account=15 amount=417.90 APPROVED
AUDIT txn=612 account=16 amount=256.49 DECLINED reason=SCORE_DECLINE
AUDIT txn=611 account=6 amount=224.84 APPROVED
AUDIT txn=613 account=10 amount=222.65 APPROVED
AUDIT txn=609 account=14 amount=285.19 DECLINED reason=LIMIT_DECLINE
AUDIT txn=616 account=8 amount=293.32 APPROVED
AUDIT txn=614 account=18 amount=88.43 APPROVED
AUDIT txn=617 account=11 amount=50.99 DECLINED reason=SCORE_DECLINE
AUDIT txn=618 account=20 amount=326.03 APPROVED
AUDIT txn=620 account=9 amount=335.50 APPROVED
AUDIT txn=619 account=13 amount=402.61 APPROVED
AUDIT txn=623 account=1 amount=445.53 APPROVED
AUDIT txn=622 account=10 amount=312.51 APPROVED
AUDIT txn=624 account=17 amount=424.27 APPROVED
AUDIT txn=615 account=5 amount=294.86 DECLINED reason=FRAUD_TIMEOUT
AUDIT txn=621 account=19 amount=4.73 DECLINED reason=SCORE_DECLINE
AUDIT txn=625 account=9 amount=359.94 APPROVED
AUDIT txn=627 account=11 amount=321.93 DECLINED reason=LIMIT_DECLINE
AUDIT txn=628 account=2 amount=298.01 APPROVED
AUDIT txn=626 account=7 amount=407.12 APPROVED
AUDIT txn=632 account=15 amount=57.50 APPROVED
AUDIT txn=629 account=5 amount=410.44 APPROVED
AUDIT txn=630 account=10 amount=10.09 APPROVED
AUDIT txn=634 account=11 amount=78.49 APPROVED
AUDIT txn=631 account=17 amount=458.75 APPROVED
AUDIT txn=637 account=17 amount=430.41 APPROVED
AUDIT txn=636 account=5 amount=242.77 APPROVED
AUDIT txn=633 account=2 amount=192.65 APPROVED
AUDIT txn=638 account=4 amount=477.29 APPROVED
AUDIT txn=635 account=11 amount=483.30 DECLINED reason=LIMIT_DECLINE
AUDIT txn=640 account=1 amount=267.08 APPROVED
AUDIT txn=639 account=15 amount=331.60 APPROVED
AUDIT txn=645 account=17 amount=170.29 DECLINED reason=SCORE_DECLINE
AUDIT txn=643 account=7 amount=437.34 DECLINED reason=CHECK_ERROR
AUDIT txn=641 account=19 amount=5.46 APPROVED
AUDIT txn=642 account=2 amount=401.04 APPROVED
AUDIT txn=644 account=20 amount=87.02 APPROVED
AUDIT txn=647 account=13 amount=236.95 APPROVED
AUDIT txn=649 account=3 amount=406.34 APPROVED
AUDIT txn=646 account=3 amount=171.65 APPROVED
AUDIT txn=648 account=16 amount=264.64 APPROVED
AUDIT txn=651 account=3 amount=11517.36 APPROVED
AUDIT txn=662 account=6 amount=363.96 APPROVED
AUDIT txn=652 account=4 amount=55.27 DECLINED reason=CHECK_ERROR
AUDIT txn=650 account=13 amount=305.12 APPROVED
AUDIT txn=654 account=10 amount=235.00 APPROVED
AUDIT txn=655 account=3 amount=267.56 APPROVED
AUDIT txn=656 account=13 amount=335.73 APPROVED
AUDIT txn=658 account=13 amount=494.66 APPROVED
AUDIT txn=653 account=7 amount=90.46 APPROVED
AUDIT txn=661 account=10 amount=453.95 DECLINED reason=CHECK_ERROR
AUDIT txn=660 account=16 amount=429.88 APPROVED
AUDIT txn=657 account=13 amount=159.39 DECLINED reason=SCORE_DECLINE
AUDIT txn=659 account=15 amount=72.76 APPROVED
AUDIT txn=664 account=16 amount=109.90 APPROVED
AUDIT txn=663 account=16 amount=409.13 APPROVED
AUDIT txn=668 account=15 amount=139.78 APPROVED
AUDIT txn=667 account=7 amount=252.26 APPROVED
AUDIT txn=665 account=17 amount=90.22 DECLINED reason=SCORE_DECLINE
AUDIT txn=669 account=15 amount=64.22 APPROVED
AUDIT txn=670 account=9 amount=380.42 APPROVED
AUDIT txn=666 account=11 amount=87.86 APPROVED
AUDIT txn=675 account=2 amount=398.58 APPROVED
AUDIT txn=672 account=15 amount=485.94 APPROVED
AUDIT txn=676 account=15 amount=108.55 APPROVED
AUDIT txn=671 account=9 amount=477.32 DECLINED reason=CHECK_ERROR
AUDIT txn=674 account=7 amount=18548.37 DECLINED reason=SCORE_DECLINE
AUDIT txn=673 account=7 amount=360.96 DECLINED reason=LIMIT_DECLINE
AUDIT txn=679 account=3 amount=369.45 APPROVED
AUDIT txn=677 account=15 amount=293.97 DECLINED reason=SCORE_DECLINE
AUDIT txn=678 account=7 amount=466.87 DECLINED reason=LIMIT_DECLINE
AUDIT txn=680 account=8 amount=30.86 APPROVED
AUDIT txn=682 account=3 amount=75.74 APPROVED
AUDIT txn=681 account=14 amount=106.11 APPROVED
AUDIT txn=684 account=13 amount=446.15 APPROVED
AUDIT txn=685 account=11 amount=206.15 DECLINED reason=LIMIT_DECLINE
AUDIT txn=683 account=17 amount=487.75 APPROVED
AUDIT txn=687 account=17 amount=243.27 APPROVED
AUDIT txn=686 account=12 amount=455.49 APPROVED
AUDIT txn=690 account=17 amount=187.33 APPROVED
AUDIT txn=688 account=12 amount=413.59 APPROVED
AUDIT txn=689 account=9 amount=142.41 APPROVED
AUDIT txn=692 account=3 amount=489.64 APPROVED
AUDIT txn=691 account=18 amount=430.92 APPROVED
AUDIT txn=693 account=1 amount=311.20 APPROVED
AUDIT txn=694 account=6 amount=259.74 APPROVED
AUDIT txn=695 account=18 amount=319.20 APPROVED
AUDIT txn=696 account=18 amount=98.37 APPROVED
AUDIT txn=701 account=19 amount=449.53 APPROVED
AUDIT txn=697 account=8 amount=349.40 APPROVED
AUDIT txn=699 account=9 amount=241.95 APPROVED
AUDIT txn=698 account=12 amount=489.34 DECLINED reason=LIMIT_DECLINE
AUDIT txn=700 account=3 amount=131.03 APPROVED
AUDIT txn=713 account=12 amount=231.25 DECLINED reason=LIMIT_DECLINE
AUDIT txn=702 account=19 amount=479.16 APPROVED
AUDIT txn=705 account=17 amount=20.29 DECLINED reason=SCORE_DECLINE
AUDIT txn=704 account=3 amount=98.30 APPROVED
AUDIT txn=703 account=11 amount=398.58 DECLINED reason=LIMIT_DECLINE
AUDIT txn=706 account=14 amount=199.19 DECLINED reason=LIMIT_DECLINE
AUDIT txn=707 account=5 amount=249.42 DECLINED reason=SCORE_DECLINE
AUDIT txn=721 account=17 amount=431.87 DECLINED reason=LIMIT_DECLINE
AUDIT txn=711 account=3 amount=19704.89 DECLINED reason=SCORE_DECLINE
AUDIT txn=714 account=12 amount=337.54 DECLINED reason=CHECK_ERROR
AUDIT txn=709 account=15 amount=206.50 DECLINED reason=CHECK_ERROR
AUDIT txn=708 account=11 amount=442.30 DECLINED reason=CHECK_ERROR
AUDIT txn=712 account=15 amount=381.44 APPROVED
AUDIT txn=727 account=6 amount=114.27 APPROVED
AUDIT txn=710 account=17 amount=489.63 DECLINED reason=LIMIT_DECLINE
AUDIT txn=716 account=5 amount=199.06 APPROVED
AUDIT txn=715 account=16 amount=402.75 APPROVED
AUDIT txn=719 account=11 amount=299.25 DECLINED reason=LIMIT_DECLINE
AUDIT txn=717 account=17 amount=167.30 DECLINED reason=LIMIT_DECLINE
AUDIT txn=718 account=14 amount=10.66 DECLINED reason=SCORE_DECLINE
AUDIT txn=720 account=6 amount=98.72 APPROVED
AUDIT txn=722 account=2 amount=297.02 DECLINED reason=SCORE_DECLINE
AUDIT txn=723 account=3 amount=77.31 APPROVED
AUDIT txn=725 account=17 amount=419.83 DECLINED reason=LIMIT_DECLINE
AUDIT txn=726 account=16 amount=382.12 APPROVED
AUDIT txn=728 account=19 amount=272.52 APPROVED
AUDIT txn=724 account=1 amount=363.99 APPROVED
AUDIT txn=736 account=14 amount=401.72 DECLINED reason=LIMIT_DECLINE
AUDIT txn=732 account=9 amount=422.95 APPROVED
AUDIT txn=729 account=7 amount=409.06 DECLINED reason=SCORE_DECLINE
AUDIT txn=730 account=1 amount=87.18 APPROVED
AUDIT txn=734 account=19 amount=445.32 APPROVED
AUDIT txn=747 account=18 amount=96.44 APPROVED
AUDIT txn=731 account=7 amount=64.46 APPROVED
AUDIT txn=737 account=15 amount=469.67 APPROVED
AUDIT txn=735 account=16 amount=245.54 DECLINED reason=SCORE_DECLINE
AUDIT txn=738 account=20 amount=49.48 APPROVED
AUDIT txn=741 account=2 amount=495.67 APPROVED
AUDIT txn=733 account=18 amount=193.21 DECLINED reason=FRAUD_TIMEOUT
AUDIT txn=740 account=6 amount=179.35 DECLINED reason=LIMIT_DECLINE
AUDIT txn=742 account=1 amount=358.07 DECLINED reason=SCORE_DECLINE
AUDIT txn=739 account=20 amount=262.26 DECLINED reason=LIMIT_DECLINE
AUDIT txn=749 account=5 amount=275.79 APPROVED
AUDIT txn=744 account=8 amount=13689.99 APPROVED
AUDIT txn=743 account=8 amount=93.70 APPROVED
AUDIT txn=745 account=13 amount=409.58 APPROVED
AUDIT txn=746 account=5 amount=400.94 DECLINED reason=SCORE_DECLINE
AUDIT txn=748 account=9 amount=481.12 DECLINED reason=SCORE_DECLINE
AUDIT txn=754 account=6 amount=24.99 APPROVED
AUDIT txn=755 account=19 amount=410.54 DECLINED reason=FRAUD_TIMEOUT
AUDIT txn=750 account=10 amount=180.01 APPROVED
AUDIT txn=751 account=14 amount=284.66 DECLINED reason=SCORE_DECLINE
AUDIT txn=753 account=4 amount=340.16 APPROVED
AUDIT txn=752 account=4 amount=135.54 APPROVED
AUDIT txn=757 account=6 amount=99.92 DECLINED reason=LIMIT_DECLINE
AUDIT txn=766 account=19 amount=308.77 APPROVED
AUDIT txn=756 account=4 amount=459.60 APPROVED
AUDIT txn=758 account=12 amount=302.47 DECLINED reason=LIMIT_DECLINE
AUDIT txn=762 account=12 amount=13443.76 DECLINED reason=LIMIT_DECLINE
AUDIT txn=760 account=3 amount=236.43 APPROVED
AUDIT txn=759 account=11 amount=163.25 DECLINED reason=LIMIT_DECLINE
AUDIT txn=761 account=17 amount=454.45 DECLINED reason=LIMIT_DECLINE
AUDIT txn=767 account=16 amount=399.03 APPROVED
AUDIT txn=774 account=18 amount=261.70 APPROVED
AUDIT txn=763 account=1 amount=438.86 APPROVED
AUDIT txn=768 account=2 amount=458.38 APPROVED
AUDIT txn=764 account=6 amount=209.60 DECLINED reason=CHECK_ERROR
AUDIT txn=769 account=7 amount=270.71 DECLINED reason=SCORE_DECLINE
AUDIT txn=765 account=16 amount=398.31 APPROVED
AUDIT txn=782 account=2 amount=19215.63 DECLINED reason=LIMIT_DECLINE
AUDIT txn=775 account=3 amount=93.14 APPROVED
AUDIT txn=770 account=15 amount=356.01 APPROVED
AUDIT txn=773 account=3 amount=256.98 APPROVED
AUDIT txn=776 account=18 amount=360.34 DECLINED reason=CHECK_ERROR
AUDIT txn=771 account=4 amount=204.26 APPROVED
AUDIT txn=778 account=8 amount=436.53 APPROVED
AUDIT txn=772 account=16 amount=416.45 DECLINED reason=SCORE_DECLINE
AUDIT txn=777 account=16 amount=14072.82 DECLINED reason=SCORE_DECLINE
AUDIT txn=780 account=5 amount=310.63 APPROVED
AUDIT txn=788 account=1 amount=455.73 APPROVED
AUDIT txn=783 account=15 amount=287.00 DECLINED reason=SCORE_DECLINE
AUDIT txn=786 account=12 amount=231.87 DECLINED reason=LIMIT_DECLINE
AUDIT txn=784 account=15 amount=341.83 APPROVED
AUDIT txn=799 account=6 amount=478.86 DECLINED reason=LIMIT_DECLINE
AUDIT txn=787 account=20 amount=231.59 DECLINED reason=LIMIT_DECLINE
AUDIT txn=785 account=20 amount=200.07 DECLINED reason=LIMIT_DECLINE
AUDIT txn=790 account=6 amount=40.40 APPROVED
AUDIT txn=779 account=14 amount=451.69 DECLINED reason=FRAUD_TIMEOUT
AUDIT txn=781 account=7 amount=372.59 DECLINED reason=FRAUD_TIMEOUT
AUDIT txn=792 account=11 amount=488.78 DECLINED reason=LIMIT_DECLINE
AUDIT txn=802 account=8 amount=102.83 APPROVED
AUDIT txn=789 account=7 amount=302.47 DECLINED reason=LIMIT_DECLINE
AUDIT txn=791 account=6 amount=461.39 DECLINED reason=LIMIT_DECLINE
AUDIT txn=797 account=3 amount=17495.46 DECLINED reason=LIMIT_DECLINE
AUDIT txn=795 account=3 amount=88.16 APPROVED
AUDIT txn=796 account=17 amount=95.68 DECLINED reason=LIMIT_DECLINE
AUDIT txn=793 account=6 amount=396.93 DECLINED reason=LIMIT_DECLINE
AUDIT txn=794 account=3 amount=120.07 APPROVED
AUDIT txn=811 account=10 amount=378.44 APPROVED
AUDIT txn=805 account=7 amount=396.69 DECLINED reason=LIMIT_DECLINE
AUDIT txn=798 account=3 amount=231.04 APPROVED
AUDIT txn=800 account=4 amount=322.31 APPROVED
AUDIT txn=801 account=15 amount=284.85 APPROVED
AUDIT txn=817 account=15 amount=79.37 APPROVED
AUDIT txn=803 account=12 amount=369.60 DECLINED reason=LIMIT_DECLINE
AUDIT txn=807 account=20 amount=151.08 DECLINED reason=LIMIT_DECLINE
AUDIT txn=804 account=17 amount=53.88 DECLINED reason=SCORE_DECLINE
AUDIT txn=806 account=7 amount=152.88 APPROVED
AUDIT txn=810 account=16 amount=129.43 APPROVED
AUDIT txn=813 account=19 amount=164.54 DECLINED reason=SCORE_DECLINE
AUDIT txn=815 account=3 amount=186.94 APPROVED
AUDIT txn=809 account=19 amount=46.85 APPROVED
AUDIT txn=808 account=4 amount=109.01 APPROVED
AUDIT txn=814 account=9 amount=6.91 APPROVED
AUDIT txn=812 account=3 amount=66.63 DECLINED reason=SCORE_DECLINE
AUDIT txn=819 account=19 amount=429.05 APPROVED
AUDIT txn=816 account=4 amount=109.80 APPROVED
AUDIT txn=818 account=9 amount=345.21 APPROVED
AUDIT txn=831 account=15 amount=419.62 DECLINED reason=SCORE_DECLINE
AUDIT txn=821 account=8 amount=99.46 APPROVED
AUDIT txn=820 account=10 amount=282.81 APPROVED
AUDIT txn=822 account=9 amount=160.63 APPROVED
AUDIT txn=823 account=18 amount=67.08 APPROVED
AUDIT txn=824 account=13 amount=448.47 DECLINED reason=SCORE_DECLINE
AUDIT txn=826 account=16 amount=294.14 APPROVED
AUDIT txn=828 account=9 amount=28.12 APPROVED
AUDIT txn=825 account=15 amount=200.79 APPROVED
AUDIT txn=840 account=9 amount=411.74 APPROVED
AUDIT txn=833 account=16 amount=461.75 APPROVED
AUDIT txn=827 account=19 amount=17.30 APPROVED
AUDIT txn=832 account=14 amount=439.05 DECLINED reason=LIMIT_DECLINE
AUDIT txn=834 account=11 amount=10.53 APPROVED
AUDIT txn=829 account=18 amount=12.50 APPROVED
AUDIT txn=837 account=18 amount=331.63 APPROVED
AUDIT txn=830 account=14 amount=439.38 DECLINED reason=LIMIT_DECLINE
AUDIT txn=838 account=14 amount=188.33 DECLINED reason=LIMIT_DECLINE
AUDIT txn=835 account=20 amount=201.38 DECLINED reason=LIMIT_DECLINE
AUDIT txn=841 account=20 amount=171.77 DECLINED reason=LIMIT_DECLINE
AUDIT txn=842 account=1 amount=88.70 DECLINED reason=SCORE_DECLINE
AUDIT txn=843 account=18 amount=210.93 APPROVED
AUDIT txn=845 account=7 amount=280.39 DECLINED reason=LIMIT_DECLINE
AUDIT txn=836 account=15 amount=167.13 APPROVED
AUDIT txn=844 account=2 amount=307.41 APPROVED
AUDIT txn=839 account=17 amount=343.20 DECLINED reason=LIMIT_DECLINE
AUDIT txn=849 account=10 amount=316.31 APPROVED
AUDIT txn=848 account=3 amount=138.34 APPROVED
AUDIT txn=847 account=10 amount=311.09 APPROVED
AUDIT txn=846 account=18 amount=437.76 APPROVED
AUDIT txn=852 account=17 amount=383.66 DECLINED reason=LIMIT_DECLINE
AUDIT txn=853 account=16 amount=374.96 APPROVED
AUDIT txn=850 account=12 amount=98.77 DECLINED reason=LIMIT_DECLINE
AUDIT txn=851 account=11 amount=328.56 DECLINED reason=LIMIT_DECLINE
AUDIT txn=856 account=8 amount=10649.91 DECLINED reason=LIMIT_DECLINE
AUDIT txn=854 account=18 amount=45.61 APPROVED
AUDIT txn=855 account=17 amount=96.57 DECLINED reason=LIMIT_DECLINE
AUDIT txn=857 account=17 amount=382.57 DECLINED reason=LIMIT_DECLINE
AUDIT txn=860 account=8 amount=130.55 APPROVED
AUDIT txn=859 account=7 amount=292.68 DECLINED reason=SCORE_DECLINE
AUDIT txn=861 account=20 amount=496.71 DECLINED reason=SCORE_DECLINE
AUDIT txn=863 account=20 amount=413.70 DECLINED reason=LIMIT_DECLINE
AUDIT txn=862 account=6 amount=323.98 DECLINED reason=SCORE_DECLINE
AUDIT txn=865 account=4 amount=254.58 APPROVED
AUDIT txn=858 account=12 amount=399.90 DECLINED reason=FRAUD_TIMEOUT
AUDIT txn=867 account=12 amount=4.07 DECLINED reason=LIMIT_DECLINE
AUDIT txn=864 account=13 amount=76.91 APPROVED
AUDIT txn=866 account=5 amount=224.65 APPROVED
AUDIT txn=870 account=8 amount=46.23 APPROVED
AUDIT txn=871 account=15 amount=361.13 APPROVED
AUDIT txn=868 account=4 amount=2.78 APPROVED
AUDIT txn=872 account=18 amount=486.91 APPROVED
AUDIT txn=875 account=13 amount=370.05 APPROVED
AUDIT txn=876 account=12 amount=325.40 DECLINED reason=LIMIT_DECLINE
AUDIT txn=873 account=10 amount=431.03 APPROVED
AUDIT txn=869 account=15 amount=394.73 DECLINED reason=FRAUD_TIMEOUT
AUDIT txn=878 account=5 amount=467.51 APPROVED
AUDIT txn=877 account=6 amount=357.92 DECLINED reason=SCORE_DECLINE
AUDIT txn=881 account=2 amount=483.62 DECLINED reason=CHECK_ERROR
AUDIT txn=880 account=11 amount=499.70 DECLINED reason=LIMIT_DECLINE
AUDIT txn=874 account=18 amount=266.08 DECLINED reason=FRAUD_TIMEOUT
AUDIT txn=884 account=18 amount=149.04 APPROVED
AUDIT txn=889 account=10 amount=351.41 APPROVED
AUDIT txn=883 account=9 amount=250.93 APPROVED
AUDIT txn=882 account=2 amount=13503.66 DECLINED reason=SCORE_DECLINE
AUDIT txn=887 account=18 amount=446.79 APPROVED
AUDIT txn=886 account=10 amount=160.26 DECLINED reason=SCORE_DECLINE
AUDIT txn=885 account=15 amount=10818.59 DECLINED reason=SCORE_DECLINE
AUDIT txn=879 account=18 amount=19395.65 DECLINED reason=FRAUD_TIMEOUT
AUDIT txn=891 account=19 amount=127.44 APPROVED
AUDIT txn=899 account=3 amount=461.04 APPROVED
AUDIT txn=890 account=12 amount=309.15 DECLINED reason=LIMIT_DECLINE
AUDIT txn=888 account=7 amount=329.20 DECLINED reason=SCORE_DECLINE
AUDIT txn=892 account=18 amount=446.76 APPROVED
AUDIT txn=893 account=14 amount=102.17 DECLINED reason=LIMIT_DECLINE
AUDIT txn=898 account=16 amount=165.66 APPROVED
AUDIT txn=907 account=5 amount=128.50 DECLINED reason=SCORE_DECLINE
AUDIT txn=895 account=7 amount=450.90 DECLINED reason=LIMIT_DECLINE
AUDIT txn=894 account=20 amount=154.55 DECLINED reason=LIMIT_DECLINE
AUDIT txn=897 account=15 amount=55.23 APPROVED
AUDIT txn=896 account=18 amount=404.29 APPROVED
AUDIT txn=900 account=6 amount=55.20 DECLINED reason=SCORE_DECLINE
AUDIT txn=901 account=1 amount=163.19 APPROVED
AUDIT txn=903 account=6 amount=385.58 DECLINED reason=LIMIT_DECLINE
AUDIT txn=906 account=20 amount=331.75 DECLINED reason=LIMIT_DECLINE
AUDIT txn=905 account=6 amount=93.48 DECLINED reason=LIMIT_DECLINE
AUDIT txn=902 account=19 amount=253.34 APPROVED
AUDIT txn=904 account=19 amount=12607.32 DECLINED reason=SCORE_DECLINE
AUDIT txn=913 account=15 amount=69.03 APPROVED
AUDIT txn=908 account=6 amount=340.72 DECLINED reason=LIMIT_DECLINE
AUDIT txn=909 account=18 amount=35.50 DECLINED reason=LIMIT_DECLINE
AUDIT txn=912 account=1 amount=144.52 APPROVED
AUDIT txn=911 account=15 amount=70.24 APPROVED
AUDIT txn=914 account=7 amount=286.33 DECLINED reason=LIMIT_DECLINE
AUDIT txn=916 account=7 amount=357.20 DECLINED reason=LIMIT_DECLINE
AUDIT txn=910 account=15 amount=234.37 DECLINED reason=SCORE_DECLINE
AUDIT txn=915 account=9 amount=283.27 DECLINED reason=SCORE_DECLINE
AUDIT txn=918 account=12 amount=237.73 DECLINED reason=LIMIT_DECLINE
AUDIT txn=917 account=6 amount=437.90 DECLINED reason=LIMIT_DECLINE
AUDIT txn=920 account=1 amount=469.48 APPROVED
AUDIT txn=933 account=7 amount=382.61 DECLINED reason=LIMIT_DECLINE
AUDIT txn=921 account=15 amount=212.02 DECLINED reason=SCORE_DECLINE
AUDIT txn=919 account=3 amount=315.74 APPROVED
AUDIT txn=924 account=1 amount=421.87 APPROVED
AUDIT txn=922 account=17 amount=389.79 DECLINED reason=SCORE_DECLINE
AUDIT txn=925 account=18 amount=65.21 DECLINED reason=LIMIT_DECLINE
AUDIT txn=923 account=10 amount=205.56 APPROVED
AUDIT txn=927 account=1 amount=333.95 DECLINED reason=LIMIT_DECLINE
AUDIT txn=930 account=17 amount=426.02 DECLINED reason=LIMIT_DECLINE
AUDIT txn=928 account=6 amount=200.97 DECLINED reason=SCORE_DECLINE
AUDIT txn=929 account=9 amount=129.59 DECLINED reason=LIMIT_DECLINE
AUDIT txn=926 account=13 amount=69.36 APPROVED
AUDIT txn=932 account=9 amount=66.03 DECLINED reason=LIMIT_DECLINE
AUDIT txn=931 account=2 amount=190.84 APPROVED
AUDIT txn=936 account=10 amount=269.82 APPROVED
AUDIT txn=935 account=20 amount=318.37 DECLINED reason=LIMIT_DECLINE
AUDIT txn=934 account=12 amount=182.92 DECLINED reason=SCORE_DECLINE
AUDIT txn=938 account=3 amount=90.72 APPROVED
AUDIT txn=940 account=9 amount=125.60 DECLINED reason=LIMIT_DECLINE
AUDIT txn=941 account=14 amount=481.92 DECLINED reason=CHECK_ERROR
AUDIT txn=937 account=19 amount=470.72 APPROVED
AUDIT txn=939 account=4 amount=343.98 DECLINED reason=SCORE_DECLINE
AUDIT txn=944 account=13 amount=365.13 APPROVED
AUDIT txn=942 account=10 amount=87.87 APPROVED
AUDIT txn=946 account=6 amount=15165.00 DECLINED reason=LIMIT_DECLINE
AUDIT txn=943 account=14 amount=353.34 DECLINED reason=LIMIT_DECLINE
AUDIT txn=947 account=14 amount=2.63 APPROVED
AUDIT txn=950 account=3 amount=238.37 APPROVED
AUDIT txn=948 account=4 amount=358.12 DECLINED reason=SCORE_DECLINE
AUDIT txn=945 account=15 amount=12799.02 DECLINED reason=SCORE_DECLINE
AUDIT txn=951 account=8 amount=346.47 APPROVED
AUDIT txn=953 account=16 amount=1.33 APPROVED
AUDIT txn=952 account=10 amount=80.56 DECLINED reason=CHECK_ERROR
AUDIT txn=949 account=14 amount=298.06 DECLINED reason=LIMIT_DECLINE
AUDIT txn=957 account=4 amount=239.32 APPROVED
AUDIT txn=954 account=15 amount=90.38 APPROVED
AUDIT txn=956 account=7 amount=268.55 DECLINED reason=LIMIT_DECLINE
AUDIT txn=955 account=15 amount=365.34 APPROVED
AUDIT txn=960 account=10 amount=458.15 APPROVED
AUDIT txn=961 account=8 amount=402.41 APPROVED
AUDIT txn=963 account=16 amount=59.99 APPROVED
AUDIT txn=959 account=19 amount=18579.70 DECLINED reason=LIMIT_DECLINE
AUDIT txn=958 account=14 amount=449.11 DECLINED reason=LIMIT_DECLINE
AUDIT txn=964 account=12 amount=232.00 DECLINED reason=LIMIT_DECLINE
AUDIT txn=962 account=20 amount=396.09 DECLINED reason=LIMIT_DECLINE
AUDIT txn=966 account=18 amount=466.29 DECLINED reason=LIMIT_DECLINE
AUDIT txn=965 account=11 amount=291.00 DECLINED reason=LIMIT_DECLINE
AUDIT txn=967 account=1 amount=237.47 DECLINED reason=LIMIT_DECLINE
AUDIT txn=968 account=1 amount=18539.05 DECLINED reason=SCORE_DECLINE
AUDIT txn=970 account=14 amount=58.83 DECLINED reason=LIMIT_DECLINE
AUDIT txn=972 account=16 amount=237.09 APPROVED
AUDIT txn=971 account=2 amount=445.97 APPROVED
AUDIT txn=969 account=19 amount=173.93 APPROVED
AUDIT txn=975 account=1 amount=229.69 DECLINED reason=LIMIT_DECLINE
AUDIT txn=974 account=7 amount=386.41 DECLINED reason=LIMIT_DECLINE
AUDIT txn=973 account=1 amount=489.53 DECLINED reason=SCORE_DECLINE
AUDIT txn=978 account=16 amount=62.58 APPROVED
AUDIT txn=976 account=20 amount=162.12 DECLINED reason=LIMIT_DECLINE
AUDIT txn=981 account=3 amount=273.40 DECLINED reason=SCORE_DECLINE
AUDIT txn=979 account=1 amount=14946.76 DECLINED reason=LIMIT_DECLINE
AUDIT txn=983 account=13 amount=254.18 APPROVED
AUDIT txn=980 account=16 amount=16928.63 DECLINED reason=LIMIT_DECLINE
AUDIT txn=982 account=15 amount=432.53 APPROVED
AUDIT txn=984 account=17 amount=308.64 DECLINED reason=LIMIT_DECLINE
AUDIT txn=977 account=10 amount=288.58 DECLINED reason=FRAUD_TIMEOUT
AUDIT txn=986 account=1 amount=124.97 APPROVED
AUDIT txn=994 account=14 amount=496.23 DECLINED reason=LIMIT_DECLINE
AUDIT txn=987 account=16 amount=345.05 APPROVED
AUDIT txn=985 account=17 amount=106.54 DECLINED reason=LIMIT_DECLINE
AUDIT txn=989 account=18 amount=305.59 DECLINED reason=LIMIT_DECLINE
AUDIT txn=990 account=5 amount=423.44 APPROVED
AUDIT txn=988 account=19 amount=93.47 APPROVED
AUDIT txn=991 account=19 amount=300.47 APPROVED
AUDIT txn=997 account=8 amount=405.42 APPROVED
AUDIT txn=993 account=11 amount=54.98 APPROVED
AUDIT txn=995 account=2 amount=153.92 APPROVED
AUDIT txn=999 account=4 amount=61.17 APPROVED
AUDIT txn=992 account=5 amount=282.31 APPROVED
AUDIT txn=996 account=14 amount=56.09 APPROVED
AUDIT txn=998 account=4 amount=85.86 APPROVED
AUDIT txn=1000 account=12 amount=141.04 DECLINED reason=LIMIT_DECLINE
AUDIT txn=1003 account=17 amount=419.14 DECLINED reason=LIMIT_DECLINE
AUDIT txn=1001 account=5 amount=338.14 APPROVED
AUDIT txn=1002 account=4 amount=295.43 APPROVED
AUDIT txn=1005 account=6 amount=112.92 DECLINED reason=LIMIT_DECLINE
AUDIT txn=1007 account=7 amount=325.27 DECLINED reason=LIMIT_DECLINE
AUDIT txn=1004 account=1 amount=178.16 DECLINED reason=CHECK_ERROR
AUDIT txn=1006 account=8 amount=48.09 APPROVED
AUDIT txn=1011 account=9 amount=7.30 APPROVED
AUDIT txn=1009 account=8 amount=439.76 APPROVED
AUDIT txn=1008 account=5 amount=262.51 APPROVED
AUDIT txn=1013 account=15 amount=463.18 APPROVED
AUDIT txn=1010 account=15 amount=392.87 APPROVED
AUDIT txn=1012 account=5 amount=92.07 APPROVED
AUDIT txn=1016 account=14 amount=366.92 DECLINED reason=SCORE_DECLINE
AUDIT txn=1015 account=3 amount=350.10 DECLINED reason=SCORE_DECLINE
AUDIT txn=1014 account=17 amount=191.43 DECLINED reason=LIMIT_DECLINE
AUDIT txn=1021 account=1 amount=356.53 DECLINED reason=LIMIT_DECLINE
AUDIT txn=1020 account=11 amount=335.22 DECLINED reason=LIMIT_DECLINE
AUDIT txn=1018 account=16 amount=452.07 APPROVED
AUDIT txn=1017 account=20 amount=28.69 DECLINED reason=LIMIT_DECLINE
AUDIT txn=1019 account=17 amount=447.34 DECLINED reason=LIMIT_DECLINE
AUDIT txn=1022 account=12 amount=331.78 DECLINED reason=LIMIT_DECLINE
AUDIT txn=1033 account=4 amount=16880.10 DECLINED reason=LIMIT_DECLINE
AUDIT txn=1027 account=8 amount=80.83 APPROVED
AUDIT txn=1025 account=12 amount=107.55 DECLINED reason=LIMIT_DECLINE
AUDIT txn=1026 account=8 amount=268.68 DECLINED reason=SCORE_DECLINE
AUDIT txn=1023 account=8 amount=380.56 APPROVED
AUDIT txn=1028 account=8 amount=64.60 APPROVED
AUDIT txn=1029 account=10 amount=51.31 DECLINED reason=CHECK_ERROR
AUDIT txn=1024 account=13 amount=433.30 APPROVED
AUDIT txn=1040 account=3 amount=12699.48 DECLINED reason=LIMIT_DECLINE
AUDIT txn=1036 account=9 amount=122.71 DECLINED reason=LIMIT_DECLINE
AUDIT txn=1035 account=9 amount=40.85 DECLINED reason=LIMIT_DECLINE
AUDIT txn=1030 account=10 amount=456.34 DECLINED reason=SCORE_DECLINE
AUDIT txn=1031 account=2 amount=309.71 APPROVED
AUDIT txn=1032 account=5 amount=121.07 DECLINED reason=CHECK_ERROR
AUDIT txn=1034 account=14 amount=252.42 DECLINED reason=LIMIT_DECLINE
AUDIT txn=1039 account=18 amount=16696.52 DECLINED reason=LIMIT_DECLINE
AUDIT txn=1037 account=19 amount=16085.53 DECLINED reason=LIMIT_DECLINE
AUDIT txn=1041 account=5 amount=56.85 APPROVED
AUDIT txn=1043 account=7 amount=384.43 DECLINED reason=CHECK_ERROR
AUDIT txn=1038 account=12 amount=236.39 DECLINED reason=LIMIT_DECLINE
AUDIT txn=1044 account=14 amount=29.34 DECLINED reason=LIMIT_DECLINE
AUDIT txn=1054 account=2 amount=199.39 APPROVED
AUDIT txn=1046 account=16 amount=499.70 APPROVED
AUDIT txn=1047 account=14 amount=498.59 DECLINED reason=LIMIT_DECLINE
AUDIT txn=1042 account=19 amount=423.17 APPROVED
AUDIT txn=1045 account=12 amount=235.38 DECLINED reason=LIMIT_DECLINE
AUDIT txn=1050 account=11 amount=218.23 DECLINED reason=LIMIT_DECLINE
AUDIT txn=1049 account=8 amount=291.42 DECLINED reason=LIMIT_DECLINE
AUDIT txn=1051 account=5 amount=388.44 DECLINED reason=LIMIT_DECLINE
AUDIT txn=1053 account=12 amount=496.97 DECLINED reason=CHECK_ERROR
AUDIT txn=1048 account=12 amount=326.36 DECLINED reason=LIMIT_DECLINE
AUDIT txn=1055 account=19 amount=220.69 APPROVED
AUDIT txn=1057 account=13 amount=68.76 APPROVED
AUDIT txn=1056 account=7 amount=234.00 DECLINED reason=LIMIT_DECLINE
AUDIT txn=1058 account=9 amount=154.62 DECLINED reason=CHECK_ERROR
AUDIT txn=1059 account=17 amount=447.64 DECLINED reason=LIMIT_DECLINE
AUDIT txn=1061 account=1 amount=189.06 DECLINED reason=LIMIT_DECLINE
AUDIT txn=1052 account=16 amount=418.77 DECLINED reason=CHECK_ERROR
AUDIT txn=1062 account=11 amount=293.24 DECLINED reason=SCORE_DECLINE
AUDIT txn=1060 account=3 amount=270.54 DECLINED reason=SCORE_DECLINE
AUDIT txn=1065 account=20 amount=271.41 DECLINED reason=LIMIT_DECLINE
AUDIT txn=1064 account=1 amount=420.04 DECLINED reason=LIMIT_DECLINE
AUDIT txn=1063 account=8 amount=75.88 APPROVED
AUDIT txn=1066 account=12 amount=57.41 DECLINED reason=SCORE_DECLINE
AUDIT txn=1068 account=18 amount=258.83 DECLINED reason=LIMIT_DECLINE
AUDIT txn=1069 account=17 amount=233.45 DECLINED reason=LIMIT_DECLINE
AUDIT txn=1067 account=17 amount=6.73 DECLINED reason=LIMIT_DECLINE
AUDIT txn=1070 account=20 amount=328.63 DECLINED reason=LIMIT_DECLINE
AUDIT txn=1072 account=3 amount=345.19 DECLINED reason=SCORE_DECLINE
AUDIT txn=1071 account=16 amount=142.00 APPROVED
AUDIT txn=1075 account=19 amount=253.66 APPROVED
AUDIT txn=1077 account=4 amount=13901.41 APPROVED
AUDIT txn=1076 account=17 amount=417.75 DECLINED reason=LIMIT_DECLINE
AUDIT txn=1074 account=7 amount=302.54 DECLINED reason=LIMIT_DECLINE
AUDIT txn=1073 account=19 amount=416.88 APPROVED
AUDIT txn=1078 account=18 amount=452.84 DECLINED reason=LIMIT_DECLINE
AUDIT txn=1088 account=2 amount=379.79 APPROVED
AUDIT txn=1081 account=9 amount=495.76 DECLINED reason=LIMIT_DECLINE
AUDIT txn=1079 account=10 amount=37.38 DECLINED reason=SCORE_DECLINE
AUDIT txn=1080 account=4 amount=247.75 APPROVED
AUDIT txn=1083 account=15 amount=140.71 APPROVED
AUDIT txn=1084 account=12 amount=101.53 DECLINED reason=LIMIT_DECLINE
AUDIT txn=1082 account=10 amount=354.81 APPROVED
AUDIT txn=1085 account=9 amount=381.51 DECLINED reason=LIMIT_DECLINE
AUDIT txn=1086 account=9 amount=393.96 DECLINED reason=LIMIT_DECLINE
AUDIT txn=1092 account=12 amount=78.95 DECLINED reason=LIMIT_DECLINE
AUDIT txn=1089 account=8 amount=222.34 DECLINED reason=LIMIT_DECLINE
AUDIT txn=1087 account=15 amount=453.81 APPROVED
AUDIT txn=1094 account=20 amount=182.64 DECLINED reason=SCORE_DECLINE
AUDIT txn=1093 account=17 amount=2.79 DECLINED reason=LIMIT_DECLINE
AUDIT txn=1091 account=14 amount=172.39 DECLINED reason=LIMIT_DECLINE
AUDIT txn=1090 account=6 amount=136.14 DECLINED reason=LIMIT_DECLINE
AUDIT txn=1097 account=9 amount=226.46 DECLINED reason=LIMIT_DECLINE
AUDIT txn=1095 account=16 amount=287.80 DECLINED reason=SCORE_DECLINE
AUDIT txn=1102 account=1 amount=189.29 DECLINED reason=LIMIT_DECLINE
AUDIT txn=1100 account=14 amount=276.08 DECLINED reason=LIMIT_DECLINE
AUDIT txn=1098 account=3 amount=315.24 APPROVED
AUDIT txn=1099 account=16 amount=265.15 APPROVED
AUDIT txn=1096 account=18 amount=211.02 DECLINED reason=FRAUD_TIMEOUT
AUDIT txn=1101 account=19 amount=344.92 APPROVED
AUDIT txn=1103 account=19 amount=33.19 DECLINED reason=CHECK_ERROR
AUDIT txn=1104 account=20 amount=307.81 DECLINED reason=LIMIT_DECLINE
AUDIT txn=1107 account=8 amount=438.25 DECLINED reason=LIMIT_DECLINE
AUDIT txn=1108 account=12 amount=314.56 DECLINED reason=LIMIT_DECLINE
AUDIT txn=1106 account=5 amount=317.20 DECLINED reason=LIMIT_DECLINE
AUDIT txn=1109 account=15 amount=426.97 APPROVED
AUDIT txn=1105 account=16 amount=245.98 APPROVED
AUDIT txn=1114 account=5 amount=485.66 DECLINED reason=LIMIT_DECLINE
AUDIT txn=1112 account=5 amount=31.59 APPROVED
AUDIT txn=1110 account=11 amount=138.57 DECLINED reason=LIMIT_DECLINE
AUDIT txn=1113 account=15 amount=399.08 APPROVED
AUDIT txn=1115 account=15 amount=485.18 APPROVED
AUDIT txn=1111 account=15 amount=386.17 APPROVED
AUDIT txn=1118 account=20 amount=71.95 DECLINED reason=LIMIT_DECLINE
AUDIT txn=1121 account=20 amount=138.60 DECLINED reason=LIMIT_DECLINE
AUDIT txn=1116 account=17 amount=461.76 DECLINED reason=LIMIT_DECLINE
AUDIT txn=1117 account=2 amount=13040.13 APPROVED
AUDIT txn=1120 account=18 amount=203.14 DECLINED reason=LIMIT_DECLINE
AUDIT txn=1119 account=15 amount=307.20 APPROVED
AUDIT txn=1122 account=12 amount=461.85 DECLINED reason=SCORE_DECLINE
AUDIT txn=1123 account=19 amount=112.47 APPROVED
AUDIT txn=1124 account=9 amount=150.33 DECLINED reason=LIMIT_DECLINE
AUDIT txn=1125 account=4 amount=368.89 APPROVED
AUDIT txn=1128 account=4 amount=159.51 APPROVED
AUDIT txn=1126 account=11 amount=215.01 DECLINED reason=CHECK_ERROR
AUDIT txn=1127 account=19 amount=112.51 APPROVED
AUDIT txn=1130 account=8 amount=104.85 DECLINED reason=LIMIT_DECLINE
AUDIT txn=1138 account=4 amount=269.49 APPROVED
AUDIT txn=1129 account=9 amount=19.59 DECLINED reason=LIMIT_DECLINE
AUDIT txn=1134 account=7 amount=288.77 DECLINED reason=LIMIT_DECLINE
AUDIT txn=1132 account=5 amount=331.73 DECLINED reason=LIMIT_DECLINE
AUDIT txn=1135 account=6 amount=223.75 DECLINED reason=LIMIT_DECLINE
AUDIT txn=1131 account=19 amount=16985.25 DECLINED reason=LIMIT_DECLINE
AUDIT txn=1133 account=15 amount=150.56 APPROVED
AUDIT txn=1136 account=15 amount=59.40 APPROVED
AUDIT txn=1139 account=6 amount=50.13 DECLINED reason=LIMIT_DECLINE
AUDIT txn=1147 account=1 amount=137.16 DECLINED reason=CHECK_ERROR
AUDIT txn=1137 account=14 amount=325.63 DECLINED reason=LIMIT_DECLINE
AUDIT txn=1140 account=2 amount=343.10 DECLINED reason=SCORE_DECLINE
AUDIT txn=1142 account=5 amount=201.53 DECLINED reason=LIMIT_DECLINE
AUDIT txn=1141 account=3 amount=196.14 APPROVED
AUDIT txn=1144 account=2 amount=314.09 APPROVED
AUDIT txn=1143 account=11 amount=166.90 DECLINED reason=SCORE_DECLINE
AUDIT txn=1145 account=9 amount=355.27 DECLINED reason=LIMIT_DECLINE
AUDIT txn=1146 account=6 amount=495.84 DECLINED reason=LIMIT_DECLINE
AUDIT txn=1160 account=10 amount=436.10 APPROVED
AUDIT txn=1149 account=15 amount=81.46 APPROVED
AUDIT txn=1153 account=13 amount=227.56 APPROVED
AUDIT txn=1148 account=18 amount=202.91 DECLINED reason=LIMIT_DECLINE
AUDIT txn=1150 account=11 amount=277.75 DECLINED reason=LIMIT_DECLINE
AUDIT txn=1151 account=11 amount=28.35 APPROVED
AUDIT txn=1155 account=1 amount=336.36 DECLINED reason=CHECK_ERROR
AUDIT txn=1152 account=20 amount=391.53 DECLINED reason=LIMIT_DECLINE
AUDIT txn=1154 account=20 amount=38.71 DECLINED reason=LIMIT_DECLINE
AUDIT txn=1157 account=14 amount=475.18 DECLINED reason=LIMIT_DECLINE
AUDIT txn=1156 account=20 amount=273.65 DECLINED reason=LIMIT_DECLINE
AUDIT txn=1158 account=19 amount=241.63 APPROVED
AUDIT txn=1163 account=16 amount=46.98 APPROVED
AUDIT txn=1159 account=13 amount=347.09 APPROVED
AUDIT txn=1161 account=5 amount=458.08 DECLINED reason=LIMIT_DECLINE
AUDIT txn=1170 account=4 amount=492.78 APPROVED
AUDIT txn=1167 account=1 amount=292.40 DECLINED reason=LIMIT_DECLINE
AUDIT txn=1166 account=19 amount=360.09 APPROVED
AUDIT txn=1164 account=16 amount=101.50 APPROVED
AUDIT txn=1165 account=1 amount=109.96 DECLINED reason=LIMIT_DECLINE
AUDIT txn=1162 account=17 amount=392.00 DECLINED reason=LIMIT_DECLINE
AUDIT txn=1169 account=10 amount=165.77 DECLINED reason=CHECK_ERROR
AUDIT txn=1168 account=10 amount=142.99 APPROVED
AUDIT txn=1173 account=4 amount=264.67 APPROVED
AUDIT txn=1172 account=6 amount=425.98 DECLINED reason=LIMIT_DECLINE
AUDIT txn=1174 account=15 amount=59.95 APPROVED
AUDIT txn=1171 account=13 amount=18314.75 DECLINED reason=LIMIT_DECLINE
AUDIT txn=1177 account=14 amount=168.24 DECLINED reason=CHECK_ERROR
AUDIT txn=1178 account=6 amount=201.92 DECLINED reason=LIMIT_DECLINE
AUDIT txn=1179 account=8 amount=255.21 DECLINED reason=LIMIT_DECLINE
AUDIT txn=1181 account=17 amount=302.84 DECLINED reason=LIMIT_DECLINE
AUDIT txn=1175 account=11 amount=173.68 DECLINED reason=LIMIT_DECLINE
AUDIT txn=1182 account=12 amount=389.95 DECLINED reason=LIMIT_DECLINE
AUDIT txn=1176 account=15 amount=418.04 APPROVED
AUDIT txn=1180 account=9 amount=232.68 DECLINED reason=LIMIT_DECLINE
AUDIT txn=1183 account=1 amount=464.66 DECLINED reason=LIMIT_DECLINE
AUDIT txn=1184 account=16 amount=459.21 APPROVED
AUDIT txn=1186 account=15 amount=264.69 APPROVED
AUDIT txn=1185 account=15 amount=158.48 APPROVED
AUDIT txn=1189 account=13 amount=216.88 APPROVED
AUDIT txn=1187 account=12 amount=196.17 DECLINED reason=CHECK_ERROR
AUDIT txn=1188 account=15 amount=12434.96 DECLINED reason=LIMIT_DECLINE
AUDIT txn=1191 account=8 amount=217.68 DECLINED reason=LIMIT_DECLINE
AUDIT txn=1194 account=6 amount=331.13 DECLINED reason=LIMIT_DECLINE
AUDIT txn=1192 account=16 amount=160.71 APPROVED
AUDIT txn=1196 account=3 amount=77.76 APPROVED
AUDIT txn=1195 account=6 amount=231.62 DECLINED reason=LIMIT_DECLINE
AUDIT txn=1190 account=1 amount=159.77 DECLINED reason=FRAUD_TIMEOUT
AUDIT txn=1198 account=14 amount=470.03 DECLINED reason=LIMIT_DECLINE
AUDIT txn=1208 account=10 amount=160.24 APPROVED
AUDIT txn=1197 account=8 amount=469.77 DECLINED reason=SCORE_DECLINE
AUDIT txn=1193 account=20 amount=121.06 DECLINED reason=CHECK_ERROR
AUDIT txn=1201 account=15 amount=478.00 APPROVED
AUDIT txn=1199 account=5 amount=307.39 DECLINED reason=CHECK_ERROR
AUDIT txn=1204 account=16 amount=336.12 APPROVED
AUDIT txn=1200 account=16 amount=140.05 APPROVED
AUDIT txn=1205 account=5 amount=16926.23 DECLINED reason=SCORE_DECLINE
AUDIT txn=1216 account=2 amount=397.65 APPROVED
AUDIT txn=1207 account=19 amount=87.70 APPROVED
AUDIT txn=1203 account=4 amount=413.30 APPROVED
AUDIT txn=1206 account=8 amount=334.06 DECLINED reason=LIMIT_DECLINE
AUDIT txn=1209 account=5 amount=68.77 APPROVED
AUDIT txn=1222 account=19 amount=215.57 APPROVED
AUDIT txn=1202 account=1 amount=446.05 DECLINED reason=FRAUD_TIMEOUT
AUDIT txn=1211 account=3 amount=397.13 APPROVED
AUDIT txn=1210 account=15 amount=26.99 APPROVED
AUDIT txn=1213 account=16 amount=1.89 DECLINED reason=SCORE_DECLINE
AUDIT txn=1214 account=8 amount=455.12 DECLINED reason=LIMIT_DECLINE
AUDIT txn=1212 account=1 amount=336.42 DECLINED reason=LIMIT_DECLINE
AUDIT txn=1219 account=20 amount=275.41 DECLINED reason=LIMIT_DECLINE
AUDIT txn=1218 account=20 amount=475.26 DECLINED reason=LIMIT_DECLINE
AUDIT txn=1215 account=7 amount=356.48 DECLINED reason=LIMIT_DECLINE
AUDIT txn=1229 account=19 amount=317.94 DECLINED reason=SCORE_DECLINE
AUDIT txn=1223 account=2 amount=132.62 APPROVED
AUDIT txn=1224 account=7 amount=496.11 DECLINED reason=LIMIT_DECLINE
AUDIT txn=1217 account=17 amount=425.13 DECLINED reason=LIMIT_DECLINE
AUDIT txn=1226 account=20 amount=451.55 DECLINED reason=LIMIT_DECLINE
AUDIT txn=1227 account=16 amount=433.63 APPROVED
AUDIT txn=1220 account=13 amount=485.59 DECLINED reason=SCORE_DECLINE
AUDIT txn=1221 account=13 amount=89.44 APPROVED
AUDIT txn=1225 account=4 amount=142.56 DECLINED reason=CHECK_ERROR
AUDIT txn=1228 account=3 amount=71.18 APPROVED
AUDIT txn=1233 account=14 amount=251.60 DECLINED reason=LIMIT_DECLINE
AUDIT txn=1235 account=15 amount=227.57 APPROVED
AUDIT txn=1231 account=13 amount=473.60 APPROVED
AUDIT txn=1234 account=12 amount=205.91 DECLINED reason=LIMIT_DECLINE
AUDIT txn=1230 account=20 amount=399.26 DECLINED reason=LIMIT_DECLINE
AUDIT txn=1232 account=14 amount=42.18 DECLINED reason=LIMIT_DECLINE
AUDIT txn=1239 account=7 amount=383.45 DECLINED reason=LIMIT_DECLINE
AUDIT txn=1240 account=6 amount=446.59 DECLINED reason=LIMIT_DECLINE
AUDIT txn=1241 account=2 amount=196.19 DECLINED reason=SCORE_DECLINE
AUDIT txn=1238 account=11 amount=152.56 DECLINED reason=SCORE_DECLINE
AUDIT txn=1236 account=4 amount=376.20 DECLINED reason=SCORE_DECLINE
AUDIT txn=1237 account=7 amount=132.76 DECLINED reason=LIMIT_DECLINE
AUDIT txn=1244 account=12 amount=241.10 DECLINED reason=LIMIT_DECLINE
AUDIT txn=1242 account=16 amount=49.00 APPROVED
AUDIT txn=1243 account=8 amount=366.00 DECLINED reason=LIMIT_DECLINE
AUDIT txn=1246 account=18 amount=131.29 DECLINED reason=LIMIT_DECLINE
AUDIT txn=1248 account=4 amount=222.72 APPROVED
AUDIT txn=1245 account=10 amount=483.64 APPROVED
AUDIT txn=1253 account=3 amount=285.97 DECLINED reason=SCORE_DECLINE
AUDIT txn=1251 account=20 amount=185.59 DECLINED reason=CHECK_ERROR
AUDIT txn=1249 account=16 amount=99.41 APPROVED
AUDIT txn=1252 account=4 amount=2.98 APPROVED
AUDIT txn=1250 account=16 amount=240.97 DECLINED reason=SCORE_DECLINE
AUDIT txn=1258 account=15 amount=473.26 APPROVED
AUDIT txn=1247 account=16 amount=152.21 DECLINED reason=FRAUD_TIMEOUT
AUDIT txn=1256 account=18 amount=45.65 DECLINED reason=CHECK_ERROR
AUDIT txn=1255 account=12 amount=18.42 DECLINED reason=LIMIT_DECLINE
AUDIT txn=1257 account=12 amount=1.01 DECLINED reason=SCORE_DECLINE
AUDIT txn=1254 account=4 amount=13.88 APPROVED
AUDIT txn=1260 account=16 amount=498.66 APPROVED
AUDIT txn=1263 account=5 amount=392.91 DECLINED reason=LIMIT_DECLINE
AUDIT txn=1264 account=11 amount=420.65 DECLINED reason=LIMIT_DECLINE
AUDIT txn=1261 account=15 amount=266.74 APPROVED
AUDIT txn=1259 account=12 amount=88.62 DECLINED reason=LIMIT_DECLINE
AUDIT txn=1267 account=14 amount=343.90 DECLINED reason=LIMIT_DECLINE
AUDIT txn=1262 account=10 amount=241.31 APPROVED
AUDIT txn=1269 account=15 amount=93.79 APPROVED
AUDIT txn=1270 account=17 amount=466.70 DECLINED reason=LIMIT_DECLINE
AUDIT txn=1265 account=17 amount=92.73 DECLINED reason=SCORE_DECLINE
AUDIT txn=1268 account=5 amount=56.11 APPROVED
AUDIT txn=1272 account=11 amount=180.13 DECLINED reason=LIMIT_DECLINE
AUDIT txn=1266 account=17 amount=21.35 DECLINED reason=LIMIT_DECLINE
AUDIT txn=1274 account=9 amount=312.58 DECLINED reason=LIMIT_DECLINE
AUDIT txn=1271 account=13 amount=28.23 APPROVED
AUDIT txn=1273 account=20 amount=398.40 DECLINED reason=LIMIT_DECLINE
AUDIT txn=1275 account=12 amount=35.45 DECLINED reason=LIMIT_DECLINE
AUDIT txn=1280 account=19 amount=187.94 APPROVED
AUDIT txn=1277 account=9 amount=228.71 DECLINED reason=LIMIT_DECLINE
AUDIT txn=1276 account=20 amount=55.82 DECLINED reason=LIMIT_DECLINE
AUDIT txn=1278 account=7 amount=426.39 DECLINED reason=LIMIT_DECLINE
AUDIT txn=1279 account=12 amount=118.23 DECLINED reason=LIMIT_DECLINE
AUDIT txn=1282 account=6 amount=37.73 DECLINED reason=LIMIT_DECLINE
AUDIT txn=1281 account=1 amount=268.02 DECLINED reason=LIMIT_DECLINE
AUDIT txn=1291 account=18 amount=33.81 DECLINED reason=LIMIT_DECLINE
AUDIT txn=1287 account=8 amount=15739.98 DECLINED reason=LIMIT_DECLINE
AUDIT txn=3 account=19 amount=238.94 APPROVED
AUDIT txn=2 account=3 amount=118.27 APPROVED
AUDIT txn=1 account=12 amount=435.21 APPROVED
AUDIT txn=4 account=14 amount=276.83 APPROVED
AUDIT txn=5 account=9 amount=59.36 APPROVED
AUDIT txn=6 account=12 amount=256.61 DECLINED reason=SCORE_DECLINE
AUDIT txn=8 account=15 amount=228.80 APPROVED
AUDIT txn=7 account=3 amount=354.21 DECLINED reason=SCORE_DECLINE
AUDIT txn=9 account=3 amount=226.82 APPROVED
AUDIT txn=21 account=17 amount=313.68 APPROVED
AUDIT txn=20 account=6 amount=10243.99 DECLINED reason=SCORE_DECLINE
AUDIT txn=13 account=20 amount=426.35 APPROVED
AUDIT txn=10 account=10 amount=365.03 APPROVED
AUDIT txn=11 account=7 amount=448.49 APPROVED
AUDIT txn=12 account=18 amount=491.87 APPROVED
AUDIT txn=15 account=20 amount=116.41 APPROVED
AUDIT txn=17 account=14 amount=117.09 APPROVED
AUDIT txn=14 account=16 amount=155.53 APPROVED
AUDIT txn=25 account=17 amount=481.93 DECLINED reason=SCORE_DECLINE
AUDIT txn=23 account=17 amount=225.54 APPROVED
AUDIT txn=22 account=16 amount=213.80 DECLINED reason=FRAUD_TIMEOUT
AUDIT txn=24 account=14 amount=207.78 APPROVED
AUDIT txn=16 account=17 amount=313.59 APPROVED
AUDIT txn=19 account=1 amount=348.57 APPROVED
AUDIT txn=36 account=7 amount=292.84 DECLINED reason=CHECK_ERROR
AUDIT txn=18 account=17 amount=232.64 APPROVED
AUDIT txn=26 account=14 amount=430.14 DECLINED reason=SCORE_DECLINE
AUDIT txn=29 account=2 amount=211.99 APPROVED
AUDIT txn=27 account=5 amount=262.87 APPROVED
AUDIT txn=28 account=19 amount=224.54 APPROVED
AUDIT txn=30 account=8 amount=389.19 APPROVED
AUDIT txn=43 account=15 amount=125.64 APPROVED
AUDIT txn=31 account=13 amount=238.92 APPROVED
AUDIT txn=34 account=18 amount=65.25 DECLINED reason=CHECK_ERROR
AUDIT txn=35 account=7 amount=398.58 APPROVED
AUDIT txn=32 account=16 amount=31.27 APPROVED
AUDIT txn=38 account=13 amount=300.54 DECLINED reason=CHECK_ERROR
AUDIT txn=33 account=3 amount=409.01 APPROVED
AUDIT txn=37 account=15 amount=477.81 APPROVED
AUDIT txn=39 account=9 amount=255.37 APPROVED
AUDIT txn=41 account=2 amount=260.21 DECLINED reason=SCORE_DECLINE
AUDIT txn=42 account=9 amount=11044.72 DECLINED reason=SCORE_DECLINE
AUDIT txn=49 account=7 amount=372.02 APPROVED
AUDIT txn=45 account=4 amount=22.39 APPROVED
AUDIT txn=40 account=16 amount=455.30 APPROVED
AUDIT txn=48 account=9 amount=209.68 APPROVED
AUDIT txn=44 account=13 amount=420.10 APPROVED
AUDIT txn=46 account=9 amount=177.10 APPROVED
AUDIT txn=47 account=5 amount=426.91 DECLINED reason=CHECK_ERROR
AUDIT txn=50 account=18 amount=378.88 APPROVED
AUDIT txn=51 account=16 amount=447.90 APPROVED
AUDIT txn=54 account=11 amount=14.22 APPROVED
AUDIT txn=56 account=7 amount=329.14 DECLINED reason=SCORE_DECLINE
AUDIT txn=52 account=4 amount=410.24 APPROVED
AUDIT txn=53 account=9 amount=32.29 DECLINED reason=SCORE_DECLINE
AUDIT txn=57 account=6 amount=167.49 APPROVED
AUDIT txn=60 account=5 amount=417.43 DECLINED reason=FRAUD_TIMEOUT
AUDIT txn=58 account=8 amount=187.56 APPROVED
AUDIT txn=59 account=5 amount=264.21 APPROVED
AUDIT txn=61 account=12 amount=95.27 APPROVED
AUDIT txn=71 account=13 amount=336.53 APPROVED
AUDIT txn=63 account=1 amount=111.41 APPROVED
AUDIT txn=55 account=12 amount=227.77 DECLINED reason=FRAUD_TIMEOUT
AUDIT txn=62 account=6 amount=163.97 DECLINED reason=CHECK_ERROR
AUDIT txn=78 account=17 amount=13776.38 DECLINED reason=SCORE_DECLINE
AUDIT txn=64 account=14 amount=78.73 APPROVED
AUDIT txn=65 account=7 amount=418.16 APPROVED
AUDIT txn=66 account=9 amount=14520.68 DECLINED reason=SCORE_DECLINE
AUDIT txn=67 account=14 amount=99.21 APPROVED
AUDIT txn=83 account=10 amount=443.67 APPROVED
AUDIT txn=68 account=4 amount=204.19 APPROVED
AUDIT txn=72 account=10 amount=66.04 APPROVED
AUDIT txn=70 account=6 amount=235.93 APPROVED
AUDIT txn=69 account=15 amount=161.74 APPROVED
AUDIT txn=74 account=20 amount=92.20 APPROVED
AUDIT txn=76 account=7 amount=35.38 DECLINED reason=SCORE_DECLINE
AUDIT txn=75 account=3 amount=418.52 APPROVED
AUDIT txn=73 account=4 amount=231.59 APPROVED
AUDIT txn=87 account=7 amount=437.71 APPROVED
AUDIT txn=80 account=18 amount=36.06 DECLINED reason=CHECK_ERROR
AUDIT txn=84 account=6 amount=355.21 APPROVED
AUDIT txn=77 account=8 amount=371.83 APPROVED
AUDIT txn=79 account=2 amount=80.27 DECLINED reason=SCORE_DECLINE
AUDIT txn=82 account=12 amount=218.77 APPROVED
AUDIT txn=81 account=16 amount=40.90 APPROVED
AUDIT txn=89 account=7 amount=286.15 DECLINED reason=CHECK_ERROR
AUDIT txn=86 account=1 amount=361.93 APPROVED
AUDIT txn=88 account=7 amount=367.45 APPROVED
AUDIT txn=85 account=7 amount=128.81 APPROVED
AUDIT txn=91 account=6 amount=362.02 APPROVED
AUDIT txn=90 account=12 amount=487.81 APPROVED
AUDIT txn=93 account=15 amount=241.56 APPROVED
AUDIT txn=92 account=17 amount=55.70 APPROVED
AUDIT txn=97 account=11 amount=103.33 APPROVED
AUDIT txn=98 account=15 amount=188.05 APPROVED
AUDIT txn=99 account=1 amount=81.92 APPROVED
AUDIT txn=95 account=11 amount=85.41 APPROVED
AUDIT txn=94 account=8 amount=264.20 APPROVED
AUDIT txn=96 account=20 amount=354.62 APPROVED
AUDIT txn=102 account=3 amount=299.19 APPROVED
AUDIT txn=101 account=15 amount=19768.60 APPROVED
AUDIT txn=100 account=3 amount=6.54 APPROVED
AUDIT txn=104 account=20 amount=252.77 DECLINED reason=SCORE_DECLINE
AUDIT txn=107 account=12 amount=16.37 APPROVED
AUDIT txn=103 account=15 amount=335.31 APPROVED
AUDIT txn=110 account=16 amount=277.09 APPROVED
AUDIT txn=105 account=13 amount=335.35 APPROVED
AUDIT txn=106 account=15 amount=13825.83 DECLINED reason=LIMIT_DECLINE
AUDIT txn=111 account=6 amount=181.18 DECLINED reason=SCORE_DECLINE
AUDIT txn=108 account=8 amount=462.30 DECLINED reason=CHECK_ERROR
AUDIT txn=114 account=3 amount=66.61 APPROVED
AUDIT txn=109 account=14 amount=194.52 APPROVED
AUDIT txn=113 account=10 amount=483.36 APPROVED
AUDIT txn=112 account=14 amount=39.03 DECLINED reason=CHECK_ERROR
AUDIT txn=115 account=13 amount=166.36 APPROVED
AUDIT txn=120 account=6 amount=22.19 APPROVED
AUDIT txn=116 account=4 amount=361.35 APPROVED
AUDIT txn=118 account=9 amount=132.93 APPROVED
AUDIT txn=119 account=9 amount=211.56 APPROVED
AUDIT txn=121 account=17 amount=76.65 APPROVED
AUDIT txn=123 account=2 amount=370.63 APPROVED
AUDIT txn=131 account=5 amount=393.87 DECLINED reason=SCORE_DECLINE
AUDIT txn=125 account=5 amount=221.64 APPROVED
AUDIT txn=117 account=8 amount=66.09 DECLINED reason=FRAUD_TIMEOUT
AUDIT txn=127 account=10 amount=302.89 APPROVED
AUDIT txn=124 account=17 amount=190.90 APPROVED
AUDIT txn=122 account=1 amount=15225.72 APPROVED
AUDIT txn=130 account=18 amount=415.35 APPROVED
AUDIT txn=139 account=10 amount=366.73 DECLINED reason=CHECK_ERROR
AUDIT txn=126 account=19 amount=355.06 APPROVED
AUDIT txn=128 account=4 amount=298.19 APPROVED
AUDIT txn=134 account=3 amount=493.07 APPROVED
AUDIT txn=135 account=15 amount=106.57 APPROVED
AUDIT txn=132 account=14 amount=171.32 APPROVED
AUDIT txn=129 account=15 amount=341.28 APPROVED
AUDIT txn=137 account=12 amount=493.10 APPROVED
AUDIT txn=138 account=5 amount=229.37 APPROVED
AUDIT txn=133 account=13 amount=121.71 APPROVED
AUDIT txn=140 account=9 amount=337.81 APPROVED
AUDIT txn=136 account=6 amount=167.47 APPROVED
AUDIT txn=144 account=15 amount=12833.81 DECLINED reason=LIMIT_DECLINE
AUDIT txn=145 account=16 amount=483.99 APPROVED
AUDIT txn=143 account=5 amount=95.73 DECLINED reason=CHECK_ERROR
AUDIT txn=141 account=5 amount=252.35 DECLINED reason=SCORE_DECLINE
AUDIT txn=146 account=14 amount=16.60 APPROVED
AUDIT txn=142 account=12 amount=323.22 APPROVED
AUDIT txn=148 account=11 amount=312.65 APPROVED
AUDIT txn=147 account=4 amount=356.18 APPROVED
AUDIT txn=149 account=17 amount=12306.97 APPROVED
AUDIT txn=151 account=3 amount=162.38 APPROVED
AUDIT txn=150 account=5 amount=268.69 APPROVED
AUDIT txn=153 account=11 amount=333.61 APPROVED
AUDIT txn=155 account=3 amount=304.63 APPROVED
AUDIT txn=156 account=7 amount=370.18 APPROVED
AUDIT txn=152 account=1 amount=105.37 DECLINED reason=SCORE_DECLINE
AUDIT txn=160 account=9 amount=16174.87 DECLINED reason=CHECK_ERROR
AUDIT txn=154 account=9 amount=121.54 APPROVED
AUDIT txn=158 account=7 amount=485.69 APPROVED
AUDIT txn=157 account=20 amount=291.38 APPROVED
AUDIT txn=161 account=4 amount=181.33 APPROVED
AUDIT txn=163 account=2 amount=340.90 DECLINED reason=CHECK_ERROR
AUDIT txn=162 account=7 amount=406.88 APPROVED
AUDIT txn=166 account=18 amount=314.34 APPROVED
AUDIT txn=165 account=12 amount=356.14 APPROVED
AUDIT txn=168 account=18 amount=277.08 APPROVED
AUDIT txn=164 account=5 amount=133.14 APPROVED
AUDIT txn=167 account=11 amount=479.39 APPROVED
AUDIT txn=159 account=12 amount=415.80 DECLINED reason=FRAUD_TIMEOUT
AUDIT txn=169 account=20 amount=14721.66 APPROVED
AUDIT txn=174 account=10 amount=361.07 APPROVED
AUDIT txn=171 account=12 amount=17144.57 APPROVED
AUDIT txn=172 account=10 amount=255.82 APPROVED
AUDIT txn=173 account=6 amount=301.61 DECLINED reason=SCORE_DECLINE
AUDIT txn=170 account=10 amount=106.76 APPROVED
AUDIT txn=175 account=10 amount=90.57 APPROVED
AUDIT txn=176 account=18 amount=37.02 APPROVED
AUDIT txn=179 account=14 amount=446.71 APPROVED
AUDIT txn=177 account=5 amount=112.37 APPROVED
AUDIT txn=178 account=20 amount=272.92 APPROVED
AUDIT txn=180 account=9 amount=62.63 APPROVED
AUDIT txn=185 account=9 amount=18238.49 APPROVED
AUDIT txn=183 account=10 amount=287.30 APPROVED
AUDIT txn=181 account=18 amount=111.71 APPROVED
AUDIT txn=182 account=6 amount=3.01 APPROVED
AUDIT txn=184 account=4 amount=301.12 APPROVED
AUDIT txn=188 account=7 amount=409.01 APPROVED
AUDIT txn=189 account=1 amount=74.58 APPROVED
AUDIT txn=187 account=11 amount=308.61 APPROVED
AUDIT txn=190 account=16 amount=32.63 DECLINED reason=CHECK_ERROR
AUDIT txn=186 account=4 amount=334.96 APPROVED
AUDIT txn=193 account=15 amount=44.66 APPROVED
AUDIT txn=191 account=14 amount=190.62 APPROVED
AUDIT txn=192 account=3 amount=430.03 APPROVED
AUDIT txn=195 account=5 amount=401.05 DECLINED reason=CHECK_ERROR
AUDIT txn=197 account=14 amount=30.93 APPROVED
AUDIT txn=196 account=18 amount=198.97 APPROVED
AUDIT txn=194 account=12 amount=198.20 APPROVED
AUDIT txn=198 account=17 amount=272.95 APPROVED
AUDIT txn=199 account=15 amount=425.95 APPROVED
AUDIT txn=203 account=6 amount=369.89 APPROVED
AUDIT txn=202 account=18 amount=443.80 APPROVED
AUDIT txn=204 account=4 amount=385.61 APPROVED
AUDIT txn=206 account=15 amount=82.84 DECLINED reason=SCORE_DECLINE
AUDIT txn=200 account=5 amount=45.60 DECLINED reason=SCORE_DECLINE
AUDIT txn=201 account=4 amount=49.96 APPROVED
AUDIT txn=207 account=7 amount=468.84 APPROVED
AUDIT txn=209 account=16 amount=116.99 DECLINED reason=SCORE_DECLINE
AUDIT txn=208 account=2 amount=11.96 APPROVED
AUDIT txn=212 account=17 amount=133.70 APPROVED
AUDIT txn=210 account=20 amount=9.49 APPROVED
AUDIT txn=211 account=13 amount=495.16 APPROVED
AUDIT txn=205 account=12 amount=254.95 DECLINED reason=FRAUD_TIMEOUT
AUDIT txn=214 account=5 amount=284.62 APPROVED
AUDIT txn=224 account=3 amount=117.46 APPROVED
AUDIT txn=213 account=7 amount=271.99 APPROVED
AUDIT txn=215 account=15 amount=219.39 APPROVED
AUDIT txn=219 account=7 amount=4.32 APPROVED
AUDIT txn=217 account=11 amount=196.45 APPROVED
AUDIT txn=216 account=10 amount=129.61 APPROVED
AUDIT txn=218 account=20 amount=60.45 APPROVED
AUDIT txn=222 account=1 amount=167.98 APPROVED
AUDIT txn=221 account=18 amount=241.88 DECLINED reason=SCORE_DECLINE
AUDIT txn=225 account=11 amount=301.97 APPROVED
AUDIT txn=227 account=18 amount=92.95 DECLINED reason=CHECK_ERROR
AUDIT txn=223 account=16 amount=111.52 APPROVED
AUDIT txn=236 account=16 amount=23.05 APPROVED
AUDIT txn=226 account=9 amount=321.31 APPROVED
AUDIT txn=220 account=7 amount=139.86 DECLINED reason=FRAUD_TIMEOUT
AUDIT txn=230 account=12 amount=433.39 APPROVED
AUDIT txn=228 account=7 amount=483.59 APPROVED
AUDIT txn=229 account=1 amount=46.02 APPROVED
AUDIT txn=233 account=15 amount=439.13 DECLINED reason=SCORE_DECLINE
AUDIT txn=231 account=13 amount=17.92 APPROVED
AUDIT txn=243 account=5 amount=119.36 APPROVED
AUDIT txn=232 account=2 amount=109.46 APPROVED
AUDIT txn=235 account=2 amount=7.77 APPROVED
AUDIT txn=237 account=13 amount=257.92 APPROVED
AUDIT txn=238 account=13 amount=398.92 APPROVED
AUDIT txn=234 account=8 amount=297.84 APPROVED
AUDIT txn=239 account=3 amount=260.57 APPROVED
AUDIT txn=244 account=1 amount=101.10 APPROVED
AUDIT txn=251 account=18 amount=95.63 APPROVED
AUDIT txn=240 account=9 amount=408.95 APPROVED
AUDIT txn=242 account=14 amount=145.35 APPROVED
AUDIT txn=245 account=9 amount=352.54 APPROVED
AUDIT txn=246 account=4 amount=342.36 APPROVED
AUDIT txn=241 account=7 amount=482.29 APPROVED
AUDIT txn=250 account=11 amount=86.20 APPROVED
AUDIT txn=249 account=1 amount=396.80 APPROVED
AUDIT txn=247 account=15 amount=208.56 APPROVED
AUDIT txn=259 account=14 amount=409.80 APPROVED
AUDIT txn=248 account=11 amount=290.89 APPROVED
AUDIT txn=253 account=5 amount=3.19 APPROVED
AUDIT txn=252 account=16 amount=205.57 APPROVED
AUDIT txn=257 account=6 amount=145.66 APPROVED
AUDIT txn=255 account=8 amount=425.66 APPROVED
AUDIT txn=260 account=3 amount=46.21 APPROVED
AUDIT txn=256 account=6 amount=13.01 APPROVED
AUDIT txn=268 account=3 amount=301.41 APPROVED
AUDIT txn=261 account=19 amount=157.67 APPROVED
AUDIT txn=264 account=9 amount=114.31 APPROVED
AUDIT txn=258 account=8 amount=466.53 APPROVED
AUDIT txn=263 account=18 amount=150.61 APPROVED
AUDIT txn=254 account=8 amount=291.41 DECLINED reason=FRAUD_TIMEOUT
AUDIT txn=262 account=13 amount=143.71 APPROVED
AUDIT txn=267 account=11 amount=255.88 APPROVED
AUDIT txn=271 account=15 amount=35.79 APPROVED
AUDIT txn=276 account=8 amount=17231.86 DECLINED reason=SCORE_DECLINE
AUDIT txn=266 account=2 amount=283.21 APPROVED
AUDIT txn=265 account=13 amount=414.84 APPROVED
AUDIT txn=269 account=8 amount=297.44 APPROVED
AUDIT txn=274 account=12 amount=368.22 APPROVED
AUDIT txn=270 account=6 amount=135.85 APPROVED
AUDIT txn=285 account=2 amount=261.27 APPROVED
AUDIT txn=278 account=2 amount=226.74 APPROVED
AUDIT txn=272 account=18 amount=80.77 APPROVED
AUDIT txn=277 account=16 amount=316.50 APPROVED
AUDIT txn=273 account=12 amount=226.94 APPROVED
AUDIT txn=280 account=17 amount=491.72 APPROVED
AUDIT txn=279 account=15 amount=77.99 APPROVED
AUDIT txn=275 account=16 amount=304.58 APPROVED
AUDIT txn=291 account=19 amount=415.54 APPROVED
AUDIT txn=282 account=1 amount=273.86 APPROVED
AUDIT txn=284 account=15 amount=64.00 APPROVED
AUDIT txn=286 account=12 amount=462.23 APPROVED
AUDIT txn=281 account=14 amount=131.99 APPROVED
AUDIT txn=283 account=8 amount=153.58 APPROVED
AUDIT txn=289 account=11 amount=194.50 DECLINED reason=CHECK_ERROR
AUDIT txn=290 account=1 amount=221.75 APPROVED
AUDIT txn=287 account=5 amount=174.34 APPROVED
AUDIT txn=299 account=16 amount=275.90 APPROVED
AUDIT txn=294 account=2 amount=265.02 APPROVED
AUDIT txn=292 account=16 amount=95.83 APPROVED
AUDIT txn=293 account=16 amount=46.47 APPROVED
AUDIT txn=308 account=11 amount=34.04 APPROVED
AUDIT txn=295 account=7 amount=114.24 APPROVED
AUDIT txn=297 account=1 amount=40.33 APPROVED
AUDIT txn=288 account=12 amount=35.30 DECLINED reason=FRAUD_TIMEOUT
AUDIT txn=296 account=5 amount=322.19 DECLINED reason=SCORE_DECLINE
AUDIT txn=298 account=17 amount=398.31 APPROVED
AUDIT txn=300 account=8 amount=122.02 APPROVED
AUDIT txn=312 account=1 amount=173.97 DECLINED reason=SCORE_DECLINE
AUDIT txn=303 account=2 amount=68.62 APPROVED
AUDIT txn=302 account=8 amount=17208.40 APPROVED
AUDIT txn=319 account=11 amount=89.90 APPROVED
AUDIT txn=301 account=5 amount=483.85 DECLINED reason=SCORE_DECLINE
AUDIT txn=306 account=3 amount=470.69 APPROVED
AUDIT txn=304 account=4 amount=130.15 APPROVED
AUDIT txn=307 account=7 amount=235.41 APPROVED
AUDIT txn=305 account=5 amount=166.35 DECLINED reason=CHECK_ERROR
AUDIT txn=309 account=12 amount=485.30 DECLINED reason=SCORE_DECLINE
AUDIT txn=311 account=18 amount=24.02 APPROVED
AUDIT txn=310 account=2 amount=488.66 APPROVED
AUDIT txn=313 account=12 amount=372.14 APPROVED
AUDIT txn=322 account=17 amount=125.61 APPROVED
AUDIT txn=314 account=14 amount=115.68 APPROVED
AUDIT txn=315 account=9 amount=129.40 APPROVED
AUDIT txn=318 account=19 amount=188.36 APPROVED
AUDIT txn=316 account=4 amount=211.86 DECLINED reason=CHECK_ERROR
AUDIT txn=317 account=13 amount=186.37 DECLINED reason=SCORE_DECLINE
AUDIT txn=321 account=18 amount=479.57 APPROVED
AUDIT txn=320 account=4 amount=44.49 APPROVED
AUDIT txn=332 account=11 amount=454.14 APPROVED
AUDIT txn=324 account=14 amount=183.24 APPROVED
AUDIT txn=323 account=1 amount=343.85 DECLINED reason=SCORE_DECLINE
AUDIT txn=326 account=2 amount=430.39 APPROVED
AUDIT txn=325 account=20 amount=19388.56 DECLINED reason=CHECK_ERROR
AUDIT txn=328 account=17 amount=251.89 APPROVED
AUDIT txn=327 account=7 amount=77.18 DECLINED reason=SCORE_DECLINE
AUDIT txn=333 account=3 amount=143.05 APPROVED
AUDIT txn=331 account=6 amount=447.20 DECLINED reason=SCORE_DECLINE
AUDIT txn=329 account=18 amount=182.70 APPROVED
AUDIT txn=334 account=12 amount=153.25 APPROVED
AUDIT txn=330 account=4 amount=28.09 APPROVED
AUDIT txn=335 account=3 amount=232.27 DECLINED reason=SCORE_DECLINE
AUDIT txn=337 account=3 amount=149.89 APPROVED
AUDIT txn=339 account=5 amount=382.77 APPROVED
AUDIT txn=336 account=12 amount=19600.43 DECLINED reason=SCORE_DECLINE
AUDIT txn=342 account=3 amount=173.04 APPROVED
AUDIT txn=340 account=18 amount=107.25 APPROVED
AUDIT txn=338 account=4 amount=306.81 DECLINED reason=SCORE_DECLINE
AUDIT txn=343 account=10 amount=372.57 APPROVED
AUDIT txn=345 account=5 amount=487.39 APPROVED
AUDIT txn=344 account=2 amount=257.74 APPROVED
AUDIT txn=351 account=6 amount=446.14 APPROVED
AUDIT txn=341 account=7 amount=471.51 APPROVED
AUDIT txn=346 account=18 amount=41.38 DECLINED reason=SCORE_DECLINE
AUDIT txn=347 account=1 amount=55.56 APPROVED
AUDIT txn=348 account=6 amount=294.43 APPROVED
AUDIT txn=352 account=19 amount=127.98 APPROVED
AUDIT txn=350 account=13 amount=31.29 APPROVED
AUDIT txn=349 account=14 amount=328.37 DECLINED reason=CHECK_ERROR
AUDIT txn=355 account=14 amount=211.20 APPROVED
AUDIT txn=363 account=4 amount=497.65 APPROVED
AUDIT txn=354 account=4 amount=13487.04 APPROVED
AUDIT txn=358 account=19 amount=401.79 APPROVED
AUDIT txn=356 account=13 amount=230.55 APPROVED
AUDIT txn=353 account=9 amount=178.12 APPROVED
AUDIT txn=360 account=17 amount=375.82 APPROVED
AUDIT txn=357 account=1 amount=206.68 APPROVED
AUDIT txn=362 account=8 amount=421.28 APPROVED
AUDIT txn=364 account=9 amount=58.17 APPROVED
AUDIT txn=361 account=4 amount=340.02 APPROVED
AUDIT txn=365 account=8 amount=336.79 APPROVED
AUDIT txn=359 account=20 amount=227.68 APPROVED
AUDIT txn=367 account=1 amount=454.16 APPROVED
AUDIT txn=370 account=6 amount=168.59 APPROVED
AUDIT txn=369 account=2 amount=327.19 APPROVED
AUDIT txn=368 account=19 amount=386.11 APPROVED
AUDIT txn=376 account=11 amount=430.09 APPROVED
AUDIT txn=371 account=5 amount=148.44 APPROVED
AUDIT txn=372 account=13 amount=317.90 APPROVED
AUDIT txn=375 account=13 amount=150.25 DECLINED reason=SCORE_DECLINE
AUDIT txn=374 account=9 amount=441.73 APPROVED
AUDIT txn=366 account=20 amount=208.86 DECLINED reason=FRAUD_TIMEOUT
AUDIT txn=388 account=11 amount=37.82 APPROVED
AUDIT txn=373 account=17 amount=454.40 APPROVED
AUDIT txn=377 account=12 amount=49.64 APPROVED
AUDIT txn=378 account=12 amount=273.88 APPROVED
AUDIT txn=380 account=19 amount=298.72 APPROVED
AUDIT txn=382 account=8 amount=426.25 APPROVED
AUDIT txn=381 account=18 amount=36.56 APPROVED
AUDIT txn=379 account=13 amount=267.03 DECLINED reason=CHECK_ERROR
AUDIT txn=387 account=13 amount=59.11 APPROVED
AUDIT txn=394 account=20 amount=419.50 APPROVED
AUDIT txn=383 account=20 amount=382.16 APPROVED
AUDIT txn=386 account=4 amount=287.64 APPROVED
AUDIT txn=385 account=16 amount=292.38 APPROVED
AUDIT txn=384 account=10 amount=244.95 APPROVED
AUDIT txn=402 account=20 amount=452.62 APPROVED
AUDIT txn=389 account=4 amount=225.75 APPROVED
AUDIT txn=392 account=11 amount=101.91 APPROVED
AUDIT txn=390 account=13 amount=303.59 APPROVED
AUDIT txn=393 account=9 amount=492.11 APPROVED
AUDIT txn=398 account=2 amount=284.98 APPROVED
AUDIT txn=391 account=14 amount=71.99 APPROVED
AUDIT txn=396 account=6 amount=109.92 DECLINED reason=CHECK_ERROR
AUDIT txn=395 account=3 amount=283.05 APPROVED
AUDIT txn=397 account=13 amount=414.09 APPROVED
AUDIT txn=401 account=4 amount=175.55 APPROVED
AUDIT txn=403 account=9 amount=240.56 APPROVED
AUDIT txn=399 account=17 amount=121.11 APPROVED
AUDIT txn=404 account=12 amount=80.52 APPROVED
AUDIT txn=400 account=5 amount=382.73 DECLINED reason=SCORE_DECLINE
AUDIT txn=405 account=16 amount=284.25 APPROVED
AUDIT txn=407 account=12 amount=157.76 DECLINED reason=CHECK_ERROR
AUDIT txn=406 account=6 amount=198.64 APPROVED
AUDIT txn=408 account=3 amount=17092.10 APPROVED
AUDIT txn=411 account=1 amount=112.96 APPROVED
AUDIT txn=409 account=19 amount=229.60 APPROVED
AUDIT txn=414 account=19 amount=479.71 APPROVED
AUDIT txn=412 account=6 amount=43.83 APPROVED
AUDIT txn=410 account=20 amount=13493.50 DECLINED reason=LIMIT_DECLINE
AUDIT txn=417 account=3 amount=182.65 APPROVED
AUDIT txn=416 account=16 amount=82.78 APPROVED
AUDIT txn=415 account=13 amount=336.92 APPROVED
AUDIT txn=413 account=17 amount=492.80 APPROVED
AUDIT txn=418 account=3 amount=16.32 APPROVED
AUDIT txn=423 account=20 amount=73.49 APPROVED
AUDIT txn=419 account=17 amount=206.97 APPROVED
AUDIT txn=421 account=15 amount=41.74 APPROVED
AUDIT txn=424 account=6 amount=406.68 APPROVED
AUDIT txn=420 account=7 amount=41.44 APPROVED
AUDIT txn=426 account=15 amount=474.70 APPROVED
AUDIT txn=422 account=6 amount=447.18 APPROVED
AUDIT txn=425 account=16 amount=106.90 APPROVED
AUDIT txn=429 account=6 amount=162.55 APPROVED
AUDIT txn=431 account=19 amount=23.96 APPROVED
AUDIT txn=428 account=7 amount=65.55 APPROVED
AUDIT txn=427 account=16 amount=338.89 DECLINED reason=CHECK_ERROR
AUDIT txn=430 account=4 amount=269.75 APPROVED
AUDIT txn=436 account=20 amount=156.91 APPROVED
AUDIT txn=432 account=7 amount=289.41 APPROVED
AUDIT txn=439 account=10 amount=239.79 APPROVED
AUDIT txn=433 account=12 amount=279.87 APPROVED
AUDIT txn=437 account=2 amount=274.13 APPROVED
AUDIT txn=440 account=11 amount=324.19 APPROVED
AUDIT txn=438 account=19 amount=269.83 APPROVED
AUDIT txn=443 account=7 amount=188.86 APPROVED
AUDIT txn=442 account=8 amount=303.33 APPROVED
AUDIT txn=450 account=7 amount=252.34 APPROVED
AUDIT txn=434 account=6 amount=343.87 DECLINED reason=FRAUD_TIMEOUT
AUDIT txn=435 account=9 amount=155.47 DECLINED reason=FRAUD_TIMEOUT
AUDIT txn=441 account=8 amount=448.44 APPROVED
AUDIT txn=444 account=16 amount=306.54 APPROVED
AUDIT txn=445 account=18 amount=485.79 APPROVED
AUDIT txn=448 account=13 amount=16586.45 DECLINED reason=SCORE_DECLINE
AUDIT txn=446 account=2 amount=326.10 APPROVED
AUDIT txn=449 account=8 amount=28.16 APPROVED
AUDIT txn=452 account=15 amount=320.53 APPROVED
AUDIT txn=447 account=8 amount=59.96 DECLINED reason=SCORE_DECLINE
AUDIT txn=451 account=10 amount=325.75 APPROVED
AUDIT txn=453 account=4 amount=413.38 DECLINED reason=CHECK_ERROR
AUDIT txn=455 account=2 amount=121.35 APPROVED
AUDIT txn=454 account=3 amount=358.98 APPROVED
AUDIT txn=459 account=19 amount=306.15 APPROVED
AUDIT txn=457 account=8 amount=187.49 APPROVED
AUDIT txn=456 account=9 amount=315.90 APPROVED
AUDIT txn=463 account=8 amount=110.01 APPROVED
AUDIT txn=458 account=2 amount=441.45 APPROVED
AUDIT txn=460 account=3 amount=15.24 APPROVED
AUDIT txn=462 account=19 amount=319.89 APPROVED
AUDIT txn=461 account=20 amount=216.40 APPROVED
AUDIT txn=464 account=18 amount=456.84 APPROVED
AUDIT txn=467 account=6 amount=475.71 APPROVED
AUDIT txn=468 account=11 amount=284.89 DECLINED reason=SCORE_DECLINE
AUDIT txn=465 account=11 amount=124.41 DECLINED reason=SCORE_DECLINE
AUDIT txn=466 account=9 amount=463.77 APPROVED
AUDIT txn=470 account=5 amount=442.29 APPROVED
AUDIT txn=472 account=1 amount=11540.29 DECLINED reason=CHECK_ERROR
AUDIT txn=474 account=2 amount=148.76 APPROVED
AUDIT txn=471 account=11 amount=415.15 APPROVED
AUDIT txn=469 account=17 amount=61.05 DECLINED reason=CHECK_ERROR
AUDIT txn=476 account=11 amount=17558.43 DECLINED reason=SCORE_DECLINE
AUDIT txn=473 account=20 amount=26.04 DECLINED reason=CHECK_ERROR
AUDIT txn=477 account=16 amount=18.20 APPROVED
AUDIT txn=475 account=10 amount=472.77 DECLINED reason=CHECK_ERROR
AUDIT txn=478 account=7 amount=447.90 APPROVED
AUDIT txn=482 account=19 amount=345.71 APPROVED
AUDIT txn=479 account=18 amount=222.11 APPROVED
AUDIT txn=481 account=4 amount=387.48 APPROVED
AUDIT txn=480 account=7 amount=97.15 APPROVED
AUDIT txn=485 account=6 amount=459.91 APPROVED
AUDIT txn=483 account=6 amount=408.04 APPROVED
AUDIT txn=484 account=11 amount=238.06 DECLINED reason=CHECK_ERROR
AUDIT txn=486 account=6 amount=192.06 APPROVED
AUDIT txn=488 account=20 amount=71.41 APPROVED
AUDIT txn=487 account=8 amount=14304.80 DECLINED reason=LIMIT_DECLINE
AUDIT txn=490 account=7 amount=179.73 APPROVED
AUDIT txn=489 account=1 amount=136.09 APPROVED
AUDIT txn=493 account=16 amount=419.79 APPROVED
AUDIT txn=491 account=13 amount=306.07 APPROVED
AUDIT txn=492 account=3 amount=328.42 DECLINED reason=SCORE_DECLINE
AUDIT txn=497 account=10 amount=126.53 APPROVED
AUDIT txn=499 account=1 amount=381.58 APPROVED
AUDIT txn=495 account=4 amount=431.71 APPROVED
AUDIT txn=504 account=19 amount=105.11 APPROVED
AUDIT txn=494 account=19 amount=220.09 APPROVED
AUDIT txn=496 account=11 amount=208.18 DECLINED reason=SCORE_DECLINE
AUDIT txn=498 account=14 amount=250.46 APPROVED
AUDIT txn=501 account=14 amount=30.71 APPROVED
AUDIT txn=502 account=5 amount=10146.81 APPROVED
AUDIT txn=505 account=7 amount=41.94 APPROVED
AUDIT txn=514 account=18 amount=380.46 APPROVED
AUDIT txn=500 account=18 amount=191.79 APPROVED
AUDIT txn=508 account=8 amount=484.55 APPROVED
AUDIT txn=503 account=20 amount=209.29 DECLINED reason=CHECK_ERROR
AUDIT txn=510 account=18 amount=327.55 APPROVED
AUDIT txn=509 account=7 amount=266.17 APPROVED
AUDIT txn=507 account=12 amount=201.14 APPROVED
AUDIT txn=506 account=11 amount=280.25 APPROVED
AUDIT txn=516 account=4 amount=328.39 APPROVED
AUDIT txn=511 account=15 amount=224.46 APPROVED
AUDIT txn=512 account=12 amount=453.84 DECLINED reason=SCORE_DECLINE
AUDIT txn=513 account=11 amount=161.38 APPROVED
AUDIT txn=517 account=4 amount=185.70 DECLINED reason=SCORE_DECLINE
AUDIT txn=518 account=3 amount=111.86 APPROVED
AUDIT txn=521 account=11 amount=475.86 APPROVED
AUDIT txn=515 account=7 amount=419.11 APPROVED
AUDIT txn=519 account=19 amount=450.76 DECLINED reason=SCORE_DECLINE
AUDIT txn=520 account=20 amount=71.64 APPROVED
AUDIT txn=523 account=11 amount=339.06 APPROVED
AUDIT txn=525 account=15 amount=68.32 APPROVED
AUDIT txn=522 account=12 amount=220.09 APPROVED
AUDIT txn=526 account=5 amount=273.56 APPROVED
AUDIT txn=528 account=18 amount=420.15 APPROVED
AUDIT txn=530 account=8 amount=453.88 APPROVED
AUDIT txn=524 account=6 amount=211.20 DECLINED reason=CHECK_ERROR
AUDIT txn=527 account=3 amount=105.56 APPROVED
AUDIT txn=532 account=18 amount=88.16 APPROVED
AUDIT txn=534 account=16 amount=56.71 APPROVED
AUDIT txn=529 account=17 amount=248.89 APPROVED
AUDIT txn=533 account=5 amount=364.67 DECLINED reason=SCORE_DECLINE
AUDIT txn=531 account=19 amount=355.31 DECLINED reason=SCORE_DECLINE
AUDIT txn=536 account=13 amount=469.87 DECLINED reason=SCORE_DECLINE
AUDIT txn=539 account=16 amount=411.95 APPROVED
AUDIT txn=535 account=12 amount=14008.24 DECLINED reason=SCORE_DECLINE
AUDIT txn=538 account=2 amount=305.54 APPROVED
AUDIT txn=537 account=1 amount=401.48 APPROVED
AUDIT txn=540 account=17 amount=150.37 APPROVED
AUDIT txn=551 account=18 amount=10.37 APPROVED
AUDIT txn=541 account=4 amount=331.88 APPROVED
AUDIT txn=545 account=2 amount=177.45 APPROVED
AUDIT txn=543 account=19 amount=327.59 DECLINED reason=CHECK_ERROR
AUDIT txn=542 account=11 amount=428.34 APPROVED
AUDIT txn=544 account=10 amount=369.79 APPROVED
AUDIT txn=558 account=1 amount=205.98 DECLINED reason=SCORE_DECLINE
AUDIT txn=548 account=11 amount=461.22 APPROVED
AUDIT txn=546 account=10 amount=371.49 APPROVED
AUDIT txn=547 account=11 amount=191.96 APPROVED
AUDIT txn=550 account=17 amount=451.35 APPROVED
AUDIT txn=549 account=2 amount=437.80 APPROVED
AUDIT txn=552 account=18 amount=273.35 DECLINED reason=SCORE_DECLINE
AUDIT txn=555 account=10 amount=310.12 APPROVED
AUDIT txn=554 account=19 amount=165.03 APPROVED
AUDIT txn=564 account=4 amount=305.70 APPROVED
AUDIT txn=556 account=16 amount=175.10 APPROVED
AUDIT txn=560 account=11 amount=116.81 APPROVED
AUDIT txn=553 account=13 amount=399.95 APPROVED
AUDIT txn=559 account=10 amount=400.39 APPROVED
AUDIT txn=557 account=7 amount=17275.63 DECLINED reason=LIMIT_DECLINE
AUDIT txn=573 account=10 amount=26.22 APPROVED
AUDIT txn=561 account=9 amount=28.96 APPROVED
AUDIT txn=566 account=15 amount=343.07 APPROVED
AUDIT txn=562 account=16 amount=412.70 APPROVED
AUDIT txn=565 account=13 amount=440.48 APPROVED
AUDIT txn=568 account=1 amount=15437.47 DECLINED reason=LIMIT_DECLINE
AUDIT txn=572 account=8 amount=189.15 APPROVED
AUDIT txn=563 account=12 amount=220.34 APPROVED
AUDIT txn=567 account=9 amount=74.51 APPROVED
AUDIT txn=569 account=7 amount=123.59 APPROVED
AUDIT txn=571 account=3 amount=40.65 APPROVED
AUDIT txn=570 account=17 amount=50.15 APPROVED
AUDIT txn=574 account=19 amount=400.62 APPROVED
AUDIT txn=577 account=16 amount=185.48 APPROVED
AUDIT txn=580 account=1 amount=450.86 APPROVED
AUDIT txn=578 account=1 amount=384.06 APPROVED
AUDIT txn=575 account=20 amount=188.55 APPROVED
AUDIT txn=576 account=17 amount=4.13 DECLINED reason=SCORE_DECLINE
AUDIT txn=579 account=6 amount=75.39 APPROVED
AUDIT txn=581 account=16 amount=26.45 APPROVED
AUDIT txn=585 account=3 amount=335.67 APPROVED
AUDIT txn=584 account=19 amount=163.27 DECLINED reason=CHECK_ERROR
AUDIT txn=582 account=15 amount=300.67 APPROVED
AUDIT txn=583 account=19 amount=43.18 APPROVED
AUDIT txn=587 account=15 amount=114.90 APPROVED
AUDIT txn=586 account=10 amount=446.94 APPROVED
AUDIT txn=590 account=10 amount=13635.03 DECLINED reason=SCORE_DECLINE
AUDIT txn=591 account=6 amount=50.33 DECLINED reason=SCORE_DECLINE
AUDIT txn=589 account=8 amount=11.95 APPROVED
AUDIT txn=588 account=1 amount=311.86 APPROVED
AUDIT txn=593 account=14 amount=89.38 APPROVED
AUDIT txn=592 account=3 amount=25.20 APPROVED
AUDIT txn=594 account=14 amount=411.06 APPROVED
AUDIT txn=597 account=4 amount=11519.49 DECLINED reason=LIMIT_DECLINE
AUDIT txn=596 account=8 amount=297.62 APPROVED
AUDIT txn=595 account=14 amount=17170.22 DECLINED reason=SCORE_DECLINE
AUDIT txn=601 account=8 amount=105.97 DECLINED reason=CHECK_ERROR
AUDIT txn=598 account=20 amount=52.68 DECLINED reason=SCORE_DECLINE
AUDIT txn=600 account=6 amount=220.52 APPROVED
AUDIT txn=599 account=14 amount=28.61 APPROVED
AUDIT txn=603 account=11 amount=409.91 APPROVED
AUDIT txn=602 account=9 amount=308.03 APPROVED
AUDIT txn=604 account=20 amount=482.29 APPROVED
AUDIT txn=608 account=11 amount=293.23 APPROVED
AUDIT txn=607 account=14 amount=165.34 APPROVED
AUDIT txn=605 account=13 amount=325.63 APPROVED
AUDIT txn=606 account=15 amount=277.73 DECLINED reason=SCORE_DECLINE
AUDIT txn=609 account=20 amount=155.97 APPROVED
AUDIT txn=610 account=7 amount=168.91 APPROVED
AUDIT txn=612 account=3 amount=321.87 DECLINED reason=CHECK_ERROR
AUDIT txn=613 account=4 amount=59.06 APPROVED
AUDIT txn=611 account=11 amount=381.83 APPROVED
AUDIT txn=615 account=8 amount=396.57 APPROVED
AUDIT txn=616 account=2 amount=43.03 APPROVED
AUDIT txn=619 account=19 amount=222.37 APPROVED
AUDIT txn=614 account=3 amount=262.33 APPROVED
AUDIT txn=621 account=7 amount=417.46 DECLINED reason=CHECK_ERROR
AUDIT txn=617 account=18 amount=18599.18 DECLINED reason=SCORE_DECLINE
AUDIT txn=618 account=3 amount=97.79 APPROVED
AUDIT txn=620 account=8 amount=223.21 DECLINED reason=SCORE_DECLINE
AUDIT txn=624 account=5 amount=259.00 APPROVED
AUDIT txn=623 account=17 amount=464.64 APPROVED
AUDIT txn=627 account=6 amount=222.42 APPROVED
AUDIT txn=626 account=20 amount=14.64 APPROVED
AUDIT txn=628 account=18 amount=147.97 DECLINED reason=SCORE_DECLINE
AUDIT txn=629 account=13 amount=259.68 APPROVED
AUDIT txn=630 account=10 amount=481.60 APPROVED
AUDIT txn=622 account=13 amount=400.04 APPROVED
AUDIT txn=625 account=14 amount=391.26 APPROVED
AUDIT txn=634 account=14 amount=175.30 APPROVED
AUDIT txn=632 account=8 amount=26.45 APPROVED
AUDIT txn=633 account=5 amount=83.48 DECLINED reason=SCORE_DECLINE
AUDIT txn=638 account=7 amount=287.11 APPROVED
AUDIT txn=636 account=1 amount=110.91 APPROVED
AUDIT txn=635 account=9 amount=403.35 APPROVED
AUDIT txn=637 account=2 amount=496.89 APPROVED
AUDIT txn=641 account=20 amount=292.72 APPROVED
AUDIT txn=631 account=12 amount=126.59 DECLINED reason=FRAUD_TIMEOUT
AUDIT txn=639 account=15 amount=411.67 DECLINED reason=CHECK_ERROR
AUDIT txn=640 account=19 amount=463.21 APPROVED
AUDIT txn=642 account=6 amount=492.60 APPROVED
AUDIT txn=646 account=3 amount=247.42 DECLINED reason=SCORE_DECLINE
AUDIT txn=644 account=9 amount=270.93 APPROVED
AUDIT txn=645 account=6 amount=13.95 APPROVED
AUDIT txn=648 account=4 amount=208.73 DECLINED reason=SCORE_DECLINE
AUDIT txn=643 account=19 amount=498.96 DECLINED reason=CHECK_ERROR
AUDIT txn=647 account=6 amount=341.89 APPROVED
AUDIT txn=650 account=2 amount=46.00 DECLINED reason=SCORE_DECLINE
AUDIT txn=651 account=20 amount=74.34 APPROVED
AUDIT txn=649 account=19 amount=136.42 APPROVED
AUDIT txn=652 account=9 amount=241.76 APPROVED
AUDIT txn=653 account=11 amount=357.65 DECLINED reason=CHECK_ERROR
AUDIT txn=654 account=1 amount=40.37 APPROVED
AUDIT txn=655 account=9 amount=378.76 APPROVED
AUDIT txn=656 account=16 amount=19584.95 DECLINED reason=LIMIT_DECLINE
AUDIT txn=658 account=2 amount=465.82 APPROVED
AUDIT txn=660 account=3 amount=188.94 APPROVED
AUDIT txn=657 account=15 amount=55.59 APPROVED
AUDIT txn=663 account=5 amount=414.85 APPROVED
AUDIT txn=659 account=2 amount=149.96 APPROVED
AUDIT txn=661 account=18 amount=78.86 DECLINED reason=SCORE_DECLINE
AUDIT txn=665 account=14 amount=263.26 APPROVED
AUDIT txn=664 account=16 amount=16251.06 APPROVED
AUDIT txn=662 account=8 amount=24.90 APPROVED
AUDIT txn=666 account=1 amount=340.62 APPROVED
AUDIT txn=667 account=12 amount=368.12 APPROVED
AUDIT txn=672 account=5 amount=351.41 APPROVED
AUDIT txn=670 account=16 amount=40.67 DECLINED reason=SCORE_DECLINE
AUDIT txn=668 account=13 amount=360.73 APPROVED
AUDIT txn=669 account=8 amount=79.91 APPROVED
AUDIT txn=671 account=13 amount=404.81 APPROVED
AUDIT txn=673 account=16 amount=175.98 DECLINED reason=CHECK_ERROR
AUDIT txn=674 account=14 amount=157.53 APPROVED
AUDIT txn=677 account=13 amount=178.91 APPROVED
AUDIT txn=679 account=9 amount=330.56 DECLINED reason=LIMIT_DECLINE
AUDIT txn=680 account=8 amount=457.86 APPROVED
AUDIT txn=675 account=3 amount=330.79 APPROVED
AUDIT txn=676 account=17 amount=164.65 APPROVED
AUDIT txn=681 account=12 amount=437.50 APPROVED
AUDIT txn=682 account=9 amount=495.86 DECLINED reason=LIMIT_DECLINE
AUDIT txn=678 account=1 amount=441.13 APPROVED
AUDIT txn=685 account=18 amount=73.68 DECLINED reason=SCORE_DECLINE
AUDIT txn=687 account=7 amount=128.86 APPROVED
AUDIT txn=684 account=2 amount=29.44 APPROVED
AUDIT txn=686 account=15 amount=173.65 DECLINED reason=LIMIT_DECLINE
AUDIT txn=683 account=6 amount=66.07 APPROVED
AUDIT txn=691 account=9 amount=390.80 DECLINED reason=LIMIT_DECLINE
AUDIT txn=688 account=18 amount=329.68 APPROVED
AUDIT txn=692 account=7 amount=481.32 APPROVED
AUDIT txn=690 account=17 amount=332.13 APPROVED
AUDIT txn=693 account=11 amount=26.00 APPROVED
AUDIT txn=695 account=10 amount=432.02 APPROVED
AUDIT txn=689 account=4 amount=352.16 DECLINED reason=SCORE_DECLINE
AUDIT txn=694 account=8 amount=355.32 DECLINED reason=CHECK_ERROR
AUDIT txn=696 account=8 amount=267.06 DECLINED reason=LIMIT_DECLINE
AUDIT txn=700 account=9 amount=277.29 DECLINED reason=LIMIT_DECLINE
AUDIT txn=698 account=17 amount=157.63 APPROVED
AUDIT txn=699 account=1 amount=209.69 APPROVED
AUDIT txn=701 account=8 amount=487.37 DECLINED reason=LIMIT_DECLINE
AUDIT txn=705 account=13 amount=253.42 APPROVED
AUDIT txn=697 account=10 amount=112.89 DECLINED reason=FRAUD_TIMEOUT
AUDIT txn=704 account=16 amount=459.40 APPROVED
AUDIT txn=703 account=4 amount=390.80 APPROVED
AUDIT txn=707 account=5 amount=483.55 APPROVED
AUDIT txn=706 account=3 amount=90.76 APPROVED
AUDIT txn=708 account=16 amount=377.84 APPROVED
AUDIT txn=702 account=3 amount=271.86 DECLINED reason=FRAUD_TIMEOUT
AUDIT txn=710 account=11 amount=177.56 APPROVED
AUDIT txn=709 account=3 amount=325.22 APPROVED
AUDIT txn=711 account=3 amount=226.16 APPROVED
AUDIT txn=712 account=2 amount=332.82 APPROVED
AUDIT txn=714 account=19 amount=72.07 APPROVED
AUDIT txn=715 account=5 amount=55.08 APPROVED
AUDIT txn=713 account=4 amount=17.51 DECLINED reason=SCORE_DECLINE
AUDIT txn=716 account=2 amount=343.52 APPROVED
AUDIT txn=717 account=4 amount=164.87 APPROVED
AUDIT txn=729 account=13 amount=368.16 APPROVED
AUDIT txn=720 account=11 amount=57.32 APPROVED
AUDIT txn=719 account=10 amount=72.87 APPROVED
AUDIT txn=721 account=10 amount=373.53 APPROVED
AUDIT txn=735 account=13 amount=279.59 APPROVED
AUDIT txn=723 account=14 amount=107.18 APPROVED
AUDIT txn=722 account=12 amount=389.36 APPROVED
AUDIT txn=724 account=9 amount=112.06 DECLINED reason=LIMIT_DECLINE
AUDIT txn=718 account=6 amount=96.34 DECLINED reason=FRAUD_TIMEOUT
AUDIT txn=725 account=8 amount=411.12 DECLINED reason=LIMIT_DECLINE
AUDIT txn=739 account=5 amount=196.78 APPROVED
AUDIT txn=726 account=8 amount=15905.34 DECLINED reason=LIMIT_DECLINE
AUDIT txn=727 account=14 amount=18.37 APPROVED
AUDIT txn=731 account=13 amount=452.31 DECLINED reason=SCORE_DECLINE
AUDIT txn=728 account=15 amount=302.12 DECLINED reason=LIMIT_DECLINE
AUDIT txn=733 account=7 amount=163.18 APPROVED
AUDIT txn=734 account=19 amount=151.49 APPROVED
AUDIT txn=732 account=1 amount=377.33 APPROVED
AUDIT txn=730 account=12 amount=367.02 APPROVED
AUDIT txn=737 account=14 amount=119.65 APPROVED
AUDIT txn=736 account=19 amount=125.66 APPROVED
AUDIT txn=740 account=16 amount=135.45 APPROVED
AUDIT txn=742 account=6 amount=52.89 APPROVED
AUDIT txn=741 account=8 amount=97.56 APPROVED
AUDIT txn=743 account=2 amount=492.36 APPROVED
AUDIT txn=738 account=9 amount=177.79 DECLINED reason=SCORE_DECLINE
AUDIT txn=744 account=12 amount=26.13 APPROVED
AUDIT txn=746 account=15 amount=32.15 DECLINED reason=LIMIT_DECLINE
AUDIT txn=747 account=20 amount=472.49 APPROVED
AUDIT txn=745 account=13 amount=303.48 APPROVED
AUDIT txn=749 account=1 amount=240.20 APPROVED
AUDIT txn=751 account=13 amount=410.90 APPROVED
AUDIT txn=748 account=5 amount=30.40 APPROVED
AUDIT txn=750 account=8 amount=12.29 APPROVED
AUDIT txn=754 account=9 amount=232.39 DECLINED reason=SCORE_DECLINE
AUDIT txn=753 account=5 amount=368.40 DECLINED reason=SCORE_DECLINE
AUDIT txn=755 account=13 amount=175.18 APPROVED
AUDIT txn=756 account=17 amount=475.50 DECLINED reason=SCORE_DECLINE
AUDIT txn=752 account=13 amount=471.99 DECLINED reason=SCORE_DECLINE
AUDIT txn=759 account=10 amount=54.42 APPROVED
AUDIT txn=758 account=4 amount=346.47 APPROVED
AUDIT txn=761 account=16 amount=461.76 APPROVED
AUDIT txn=757 account=15 amount=380.81 DECLINED reason=LIMIT_DECLINE
AUDIT txn=762 account=19 amount=454.60 APPROVED
AUDIT txn=760 account=16 amount=15344.97 DECLINED reason=LIMIT_DECLINE
AUDIT txn=766 account=18 amount=217.49 APPROVED
AUDIT txn=764 account=5 amount=198.49 APPROVED
AUDIT txn=763 account=20 amount=201.26 APPROVED
AUDIT txn=765 account=3 amount=14016.41 DECLINED reason=SCORE_DECLINE
AUDIT txn=767 account=5 amount=225.76 APPROVED
AUDIT txn=770 account=17 amount=327.86 APPROVED
AUDIT txn=769 account=7 amount=221.55 APPROVED
AUDIT txn=771 account=20 amount=446.41 APPROVED
AUDIT txn=768 account=14 amount=270.99 APPROVED
AUDIT txn=772 account=16 amount=82.10 APPROVED
AUDIT txn=773 account=9 amount=359.75 DECLINED reason=SCORE_DECLINE
AUDIT txn=775 account=16 amount=13413.40 DECLINED reason=LIMIT_DECLINE
AUDIT txn=777 account=20 amount=300.85 APPROVED
AUDIT txn=774 account=15 amount=18935.25 DECLINED reason=LIMIT_DECLINE
AUDIT txn=781 account=16 amount=81.48 APPROVED
AUDIT txn=778 account=14 amount=456.42 DECLINED reason=SCORE_DECLINE
AUDIT txn=782 account=8 amount=256.62 DECLINED reason=LIMIT_DECLINE
AUDIT txn=776 account=20 amount=470.33 DECLINED reason=SCORE_DECLINE
AUDIT txn=780 account=20 amount=155.62 DECLINED reason=SCORE_DECLINE
AUDIT txn=779 account=18 amount=162.13 DECLINED reason=SCORE_DECLINE
AUDIT txn=783 account=17 amount=309.21 APPROVED
AUDIT txn=788 account=3 amount=130.78 APPROVED
AUDIT txn=785 account=20 amount=491.34 DECLINED reason=SCORE_DECLINE
AUDIT txn=784 account=13 amount=226.65 DECLINED reason=CHECK_ERROR
AUDIT txn=787 account=7 amount=228.52 APPROVED
AUDIT txn=786 account=16 amount=23.50 DECLINED reason=CHECK_ERROR
AUDIT txn=789 account=17 amount=254.29 APPROVED
AUDIT txn=791 account=11 amount=25.26 APPROVED
AUDIT txn=790 account=7 amount=184.44 APPROVED
AUDIT txn=793 account=19 amount=487.59 APPROVED
AUDIT txn=792 account=15 amount=365.41 DECLINED reason=LIMIT_DECLINE
AUDIT txn=796 account=15 amount=486.34 DECLINED reason=LIMIT_DECLINE
AUDIT txn=797 account=20 amount=399.34 APPROVED
AUDIT txn=795 account=14 amount=29.58 DECLINED reason=SCORE_DECLINE
AUDIT txn=794 account=18 amount=424.41 APPROVED
AUDIT txn=800 account=16 amount=62.73 APPROVED
AUDIT txn=801 account=11 amount=471.37 APPROVED
AUDIT txn=798 account=13 amount=345.02 DECLINED reason=SCORE_DECLINE
AUDIT txn=804 account=7 amount=419.12 APPROVED
AUDIT txn=799 account=14 amount=463.41 DECLINED reason=SCORE_DECLINE
AUDIT txn=805 account=2 amount=116.49 APPROVED
AUDIT txn=802 account=13 amount=113.00 APPROVED
AUDIT txn=806 account=15 amount=408.69 DECLINED reason=LIMIT_DECLINE
AUDIT txn=803 account=11 amount=490.29 APPROVED
AUDIT txn=807 account=10 amount=56.75 DECLINED reason=SCORE_DECLINE
AUDIT txn=809 account=10 amount=94.65 APPROVED
AUDIT txn=808 account=15 amount=412.39 DECLINED reason=LIMIT_DECLINE
AUDIT txn=811 account=8 amount=366.59 DECLINED reason=LIMIT_DECLINE
AUDIT txn=810 account=10 amount=363.35 APPROVED
AUDIT txn=812 account=12 amount=468.70 DECLINED reason=LIMIT_DECLINE
AUDIT txn=813 account=5 amount=259.26 APPROVED
AUDIT txn=815 account=2 amount=437.40 APPROVED
AUDIT txn=816 account=7 amount=448.88 APPROVED
AUDIT txn=814 account=17 amount=124.51 APPROVED
AUDIT txn=818 account=10 amount=484.51 APPROVED
AUDIT txn=819 account=9 amount=247.74 DECLINED reason=LIMIT_DECLINE
AUDIT txn=817 account=14 amount=200.96 APPROVED
AUDIT txn=820 account=6 amount=172.23 DECLINED reason=CHECK_ERROR
AUDIT txn=822 account=15 amount=395.59 DECLINED reason=SCORE_DECLINE
AUDIT txn=823 account=20 amount=240.34 APPROVED
AUDIT txn=824 account=19 amount=396.95 APPROVED
AUDIT txn=826 account=10 amount=266.25 DECLINED reason=CHECK_ERROR
AUDIT txn=827 account=6 amount=77.76 APPROVED
AUDIT txn=825 account=14 amount=212.12 APPROVED
AUDIT txn=821 account=12 amount=264.96 APPROVED
AUDIT txn=828 account=18 amount=283.65 APPROVED
AUDIT txn=834 account=12 amount=280.24 DECLINED reason=LIMIT_DECLINE
AUDIT txn=831 account=6 amount=368.38 APPROVED
AUDIT txn=829 account=6 amount=364.83 APPROVED
AUDIT txn=830 account=14 amount=318.51 APPROVED
AUDIT txn=832 account=11 amount=17475.22 DECLINED reason=SCORE_DECLINE
AUDIT txn=833 account=1 amount=131.39 APPROVED
AUDIT txn=837 account=19 amount=336.81 APPROVED
AUDIT txn=839 account=11 amount=426.05 APPROVED
AUDIT txn=836 account=12 amount=146.75 DECLINED reason=CHECK_ERROR
AUDIT txn=835 account=13 amount=194.41 DECLINED reason=SCORE_DECLINE
AUDIT txn=838 account=7 amount=361.30 APPROVED
AUDIT txn=840 account=11 amount=475.59 APPROVED
AUDIT txn=841 account=19 amount=327.39 APPROVED
AUDIT txn=842 account=2 amount=47.85 APPROVED
AUDIT txn=847 account=6 amount=14532.74 APPROVED
AUDIT txn=845 account=1 amount=8.84 APPROVED
AUDIT txn=844 account=19 amount=492.58 APPROVED
AUDIT txn=843 account=10 amount=426.62 APPROVED
AUDIT txn=851 account=14 amount=139.11 APPROVED
AUDIT txn=849 account=20 amount=473.81 APPROVED
AUDIT txn=846 account=5 amount=213.42 DECLINED reason=CHECK_ERROR
AUDIT txn=852 account=2 amount=404.15 APPROVED
AUDIT txn=848 account=17 amount=414.86 APPROVED
AUDIT txn=855 account=7 amount=6.51 APPROVED
AUDIT txn=854 account=3 amount=199.35 DECLINED reason=LIMIT_DECLINE
AUDIT txn=850 account=10 amount=340.21 APPROVED
AUDIT txn=856 account=18 amount=225.99 APPROVED
AUDIT txn=853 account=16 amount=468.93 APPROVED
AUDIT txn=859 account=3 amount=452.00 DECLINED reason=LIMIT_DECLINE
AUDIT txn=860 account=10 amount=223.02 APPROVED
AUDIT txn=858 account=7 amount=15997.50 DECLINED reason=LIMIT_DECLINE
AUDIT txn=861 account=4 amount=301.15 APPROVED
AUDIT txn=857 account=17 amount=278.95 APPROVED
AUDIT txn=862 account=3 amount=24.33 APPROVED
AUDIT txn=867 account=3 amount=427.30 DECLINED reason=SCORE_DECLINE
AUDIT txn=866 account=20 amount=156.97 APPROVED
AUDIT txn=863 account=18 amount=418.25 APPROVED
AUDIT txn=864 account=13 amount=413.84 APPROVED
AUDIT txn=865 account=8 amount=214.17 DECLINED reason=LIMIT_DECLINE
AUDIT txn=868 account=8 amount=132.65 DECLINED reason=LIMIT_DECLINE
AUDIT txn=870 account=6 amount=141.41 APPROVED
AUDIT txn=869 account=1 amount=72.04 APPROVED
AUDIT txn=872 account=15 amount=363.17 DECLINED reason=LIMIT_DECLINE
AUDIT txn=874 account=13 amount=113.39 APPROVED
AUDIT txn=875 account=14 amount=216.53 APPROVED
AUDIT txn=873 account=11 amount=88.00 APPROVED
AUDIT txn=877 account=8 amount=59.98 DECLINED reason=LIMIT_DECLINE
AUDIT txn=871 account=12 amount=219.03 DECLINED reason=LIMIT_DECLINE
AUDIT txn=879 account=4 amount=244.95 APPROVED
AUDIT txn=878 account=14 amount=232.15 APPROVED
AUDIT txn=883 account=18 amount=322.72 APPROVED
AUDIT txn=876 account=1 amount=468.38 APPROVED
AUDIT txn=882 account=10 amount=348.94 APPROVED
AUDIT txn=881 account=6 amount=45.37 APPROVED
AUDIT txn=884 account=3 amount=327.29 DECLINED reason=LIMIT_DECLINE
AUDIT txn=880 account=4 amount=156.76 APPROVED
AUDIT txn=886 account=13 amount=161.28 APPROVED
AUDIT txn=890 account=4 amount=456.97 APPROVED
AUDIT txn=889 account=8 amount=489.62 DECLINED reason=LIMIT_DECLINE
AUDIT txn=887 account=20 amount=490.49 APPROVED
AUDIT txn=891 account=4 amount=188.28 APPROVED
AUDIT txn=885 account=11 amount=133.81 APPROVED
AUDIT txn=888 account=6 amount=440.39 APPROVED
AUDIT txn=892 account=10 amount=349.27 DECLINED reason=SCORE_DECLINE
AUDIT txn=896 account=5 amount=11053.34 DECLINED reason=LIMIT_DECLINE
AUDIT txn=893 account=7 amount=50.29 APPROVED
AUDIT txn=898 account=12 amount=84.00 DECLINED reason=LIMIT_DECLINE
AUDIT txn=894 account=13 amount=425.29 APPROVED
AUDIT txn=900 account=11 amount=412.58 APPROVED
AUDIT txn=895 account=4 amount=13126.90 DECLINED reason=LIMIT_DECLINE
AUDIT txn=897 account=2 amount=405.73 APPROVED
AUDIT txn=899 account=7 amount=23.61 APPROVED
AUDIT txn=904 account=7 amount=94.93 APPROVED
AUDIT txn=903 account=19 amount=292.33 APPROVED
AUDIT txn=902 account=17 amount=308.26 APPROVED
AUDIT txn=901 account=16 amount=15839.79 DECLINED reason=LIMIT_DECLINE
AUDIT txn=905 account=2 amount=81.01 APPROVED
AUDIT txn=908 account=9 amount=424.16 DECLINED reason=LIMIT_DECLINE
AUDIT txn=907 account=1 amount=105.37 APPROVED
AUDIT txn=911 account=6 amount=89.19 APPROVED
AUDIT txn=912 account=7 amount=468.75 APPROVED
AUDIT txn=906 account=19 amount=57.94 APPROVED
AUDIT txn=913 account=19 amount=386.11 APPROVED
AUDIT txn=910 account=1 amount=307.00 APPROVED
AUDIT txn=915 account=14 amount=43.93 APPROVED
AUDIT txn=909 account=3 amount=88.78 DECLINED reason=FRAUD_TIMEOUT
AUDIT txn=914 account=6 amount=163.74 DECLINED reason=SCORE_DECLINE
AUDIT txn=919 account=14 amount=10922.75 APPROVED
AUDIT txn=916 account=20 amount=461.90 APPROVED
AUDIT txn=918 account=15 amount=475.63 DECLINED reason=SCORE_DECLINE
AUDIT txn=917 account=5 amount=70.06 APPROVED
AUDIT txn=924 account=20 amount=271.96 APPROVED
AUDIT txn=922 account=19 amount=94.71 APPROVED
AUDIT txn=927 account=18 amount=451.38 APPROVED
AUDIT txn=926 account=10 amount=411.18 DECLINED reason=SCORE_DECLINE
AUDIT txn=925 account=11 amount=214.77 APPROVED
AUDIT txn=920 account=19 amount=235.44 DECLINED reason=FRAUD_TIMEOUT
AUDIT txn=938 account=19 amount=132.06 APPROVED
AUDIT txn=929 account=4 amount=241.01 APPROVED
AUDIT txn=921 account=3 amount=481.16 DECLINED reason=CHECK_ERROR
AUDIT txn=930 account=16 amount=41.74 APPROVED
AUDIT txn=923 account=12 amount=389.26 DECLINED reason=FRAUD_TIMEOUT
AUDIT txn=931 account=3 amount=346.87 DECLINED reason=LIMIT_DECLINE
AUDIT txn=928 account=19 amount=444.91 APPROVED
AUDIT txn=932 account=6 amount=152.16 APPROVED
AUDIT txn=933 account=13 amount=470.57 APPROVED
AUDIT txn=936 account=3 amount=318.75 DECLINED reason=LIMIT_DECLINE
AUDIT txn=935 account=11 amount=366.86 DECLINED reason=SCORE_DECLINE
AUDIT txn=940 account=4 amount=446.60 APPROVED
AUDIT txn=934 account=18 amount=493.27 APPROVED
AUDIT txn=939 account=9 amount=498.60 DECLINED reason=CHECK_ERROR
AUDIT txn=937 account=14 amount=489.66 APPROVED
AUDIT txn=944 account=2 amount=332.88 APPROVED
AUDIT txn=941 account=14 amount=156.96 APPROVED
AUDIT txn=945 account=12 amount=59.16 DECLINED reason=LIMIT_DECLINE
AUDIT txn=943 account=11 amount=157.77 APPROVED
AUDIT txn=951 account=10 amount=499.35 APPROVED
AUDIT txn=942 account=14 amount=221.23 APPROVED
AUDIT txn=946 account=16 amount=95.02 APPROVED
AUDIT txn=947 account=6 amount=204.06 DECLINED reason=CHECK_ERROR
AUDIT txn=950 account=1 amount=47.83 APPROVED
AUDIT txn=949 account=10 amount=303.65 APPROVED
AUDIT txn=948 account=6 amount=455.33 APPROVED
AUDIT txn=955 account=12 amount=453.79 DECLINED reason=LIMIT_DECLINE
AUDIT txn=952 account=2 amount=342.38 APPROVED
AUDIT txn=954 account=16 amount=300.08 APPROVED
AUDIT txn=964 account=11 amount=272.11 APPROVED
AUDIT txn=957 account=3 amount=14.91 APPROVED
AUDIT txn=960 account=1 amount=53.63 APPROVED
AUDIT txn=961 account=10 amount=89.92 APPROVED
AUDIT txn=959 account=15 amount=40.84 DECLINED reason=LIMIT_DECLINE
AUDIT txn=956 account=6 amount=359.73 APPROVED
AUDIT txn=958 account=11 amount=90.51 APPROVED
AUDIT txn=953 account=14 amount=439.33 DECLINED reason=FRAUD_TIMEOUT
AUDIT txn=966 account=5 amount=224.58 APPROVED
AUDIT txn=967 account=18 amount=230.99 APPROVED
AUDIT txn=963 account=2 amount=220.74 APPROVED
AUDIT txn=965 account=6 amount=16314.66 DECLINED reason=SCORE_DECLINE
AUDIT txn=962 account=13 amount=489.50 APPROVED
AUDIT txn=970 account=14 amount=34.93 APPROVED
AUDIT txn=969 account=13 amount=382.75 APPROVED
AUDIT txn=972 account=10 amount=424.67 APPROVED
AUDIT txn=971 account=12 amount=153.49 DECLINED reason=LIMIT_DECLINE
AUDIT txn=968 account=2 amount=335.99 APPROVED
AUDIT txn=977 account=8 amount=80.26 DECLINED reason=SCORE_DECLINE
AUDIT txn=974 account=3 amount=368.74 DECLINED reason=LIMIT_DECLINE
AUDIT txn=973 account=18 amount=223.85 APPROVED
AUDIT txn=975 account=2 amount=402.78 APPROVED
AUDIT txn=976 account=15 amount=281.59 DECLINED reason=LIMIT_DECLINE
AUDIT txn=978 account=5 amount=79.33 DECLINED reason=SCORE_DECLINE
AUDIT txn=979 account=4 amount=303.46 APPROVED
AUDIT txn=982 account=17 amount=492.73 APPROVED
AUDIT txn=980 account=7 amount=67.06 APPROVED
AUDIT txn=989 account=2 amount=90.89 APPROVED
AUDIT txn=981 account=19 amount=175.94 APPROVED
AUDIT txn=985 account=12 amount=403.19 DECLINED reason=LIMIT_DECLINE
AUDIT txn=984 account=11 amount=299.99 APPROVED
AUDIT txn=987 account=11 amount=459.85 APPROVED
AUDIT txn=999 account=5 amount=56.99 DECLINED reason=SCORE_DECLINE
AUDIT txn=983 account=7 amount=337.89 APPROVED
AUDIT txn=992 account=16 amount=424.41 DECLINED reason=LIMIT_DECLINE
AUDIT txn=986 account=17 amount=157.63 APPROVED
AUDIT txn=990 account=3 amount=289.83 DECLINED reason=LIMIT_DECLINE
AUDIT txn=988 account=15 amount=3.34 APPROVED
AUDIT txn=994 account=10 amount=167.90 APPROVED
AUDIT txn=991 account=1 amount=257.84 DECLINED reason=SCORE_DECLINE
AUDIT txn=993 account=17 amount=385.41 APPROVED
AUDIT txn=1005 account=18 amount=14887.05 APPROVED
AUDIT txn=998 account=12 amount=472.16 DECLINED reason=LIMIT_DECLINE
AUDIT txn=996 account=11 amount=266.81 APPROVED
AUDIT txn=995 account=17 amount=443.25 APPROVED
AUDIT txn=1001 account=18 amount=113.30 APPROVED
AUDIT txn=1013 account=11 amount=447.51 APPROVED
AUDIT txn=1000 account=1 amount=493.91 APPROVED
AUDIT txn=997 account=17 amount=468.65 DECLINED reason=CHECK_ERROR
AUDIT txn=1002 account=4 amount=40.73 DECLINED reason=SCORE_DECLINE
AUDIT txn=1007 account=7 amount=156.54 DECLINED reason=CHECK_ERROR
AUDIT txn=1008 account=7 amount=457.70 APPROVED
AUDIT txn=1003 account=2 amount=269.25 APPROVED
AUDIT txn=1006 account=8 amount=265.15 DECLINED reason=SCORE_DECLINE
AUDIT txn=1004 account=13 amount=334.01 DECLINED reason=CHECK_ERROR
AUDIT txn=1011 account=3 amount=231.96 DECLINED reason=SCORE_DECLINE
AUDIT txn=1012 account=20 amount=132.02 APPROVED
AUDIT txn=1009 account=5 amount=190.98 APPROVED
AUDIT txn=1010 account=18 amount=70.31 DECLINED reason=LIMIT_DECLINE
AUDIT txn=1022 account=13 amount=282.46 APPROVED
AUDIT txn=1014 account=4 amount=334.36 APPROVED
AUDIT txn=1015 account=18 amount=92.79 DECLINED reason=LIMIT_DECLINE
AUDIT txn=1016 account=11 amount=252.43 DECLINED reason=SCORE_DECLINE
AUDIT txn=1018 account=11 amount=419.69 APPROVED
AUDIT txn=1017 account=12 amount=361.25 DECLINED reason=LIMIT_DECLINE
AUDIT txn=1019 account=12 amount=454.73 DECLINED reason=SCORE_DECLINE
AUDIT txn=1031 account=3 amount=326.58 DECLINED reason=LIMIT_DECLINE
AUDIT txn=1025 account=14 amount=291.77 APPROVED
AUDIT txn=1024 account=6 amount=68.93 APPROVED
AUDIT txn=1023 account=4 amount=64.12 APPROVED
AUDIT txn=1020 account=13 amount=293.12 APPROVED
AUDIT txn=1021 account=19 amount=318.65 APPROVED
AUDIT txn=1027 account=17 amount=402.45 APPROVED
AUDIT txn=1028 account=6 amount=300.05 APPROVED
AUDIT txn=1026 account=8 amount=466.31 DECLINED reason=LIMIT_DECLINE
AUDIT txn=1038 account=3 amount=288.24 DECLINED reason=LIMIT_DECLINE
AUDIT txn=1030 account=15 amount=104.84 DECLINED reason=LIMIT_DECLINE
AUDIT txn=1032 account=2 amount=475.64 APPROVED
AUDIT txn=1047 account=6 amount=441.64 DECLINED reason=LIMIT_DECLINE
AUDIT txn=1035 account=9 amount=133.77 DECLINED reason=LIMIT_DECLINE
AUDIT txn=1029 account=1 amount=105.10 APPROVED
AUDIT txn=1033 account=2 amount=449.24 DECLINED reason=CHECK_ERROR
AUDIT txn=1034 account=6 amount=435.75 DECLINED reason=SCORE_DECLINE
AUDIT txn=1050 account=15 amount=472.19 DECLINED reason=CHECK_ERROR
AUDIT txn=1036 account=3 amount=165.32 DECLINED reason=LIMIT_DECLINE
AUDIT txn=1037 account=6 amount=378.09 APPROVED
AUDIT txn=1042 account=14 amount=181.99 DECLINED reason=SCORE_DECLINE
AUDIT txn=1040 account=9 amount=269.74 DECLINED reason=SCORE_DECLINE
AUDIT txn=1039 account=19 amount=471.18 APPROVED
AUDIT txn=1045 account=17 amount=393.15 APPROVED
AUDIT txn=1041 account=19 amount=10707.60 APPROVED
AUDIT txn=1044 account=20 amount=71.83 APPROVED
AUDIT txn=1043 account=6 amount=311.02 DECLINED reason=LIMIT_DECLINE
AUDIT txn=1048 account=9 amount=208.73 DECLINED reason=LIMIT_DECLINE
AUDIT txn=1051 account=7 amount=274.40 APPROVED
AUDIT txn=1055 account=4 amount=329.11 APPROVED
AUDIT txn=1046 account=15 amount=447.82 DECLINED reason=SCORE_DECLINE
AUDIT txn=1054 account=2 amount=10733.11 DECLINED reason=SCORE_DECLINE
AUDIT txn=1049 account=8 amount=43.59 DECLINED reason=LIMIT_DECLINE
AUDIT txn=1056 account=11 amount=78.53 APPROVED
AUDIT txn=1052 account=16 amount=138.41 DECLINED reason=LIMIT_DECLINE
AUDIT txn=1053 account=11 amount=164.78 DECLINED reason=SCORE_DECLINE
AUDIT txn=1057 account=17 amount=333.78 APPROVED
AUDIT txn=1058 account=15 amount=419.66 DECLINED reason=LIMIT_DECLINE
AUDIT txn=1062 account=17 amount=230.32 APPROVED
AUDIT txn=1059 account=8 amount=192.04 DECLINED reason=LIMIT_DECLINE
AUDIT txn=1061 account=11 amount=108.48 APPROVED
AUDIT txn=1060 account=9 amount=162.52 DECLINED reason=SCORE_DECLINE
AUDIT txn=1063 account=18 amount=3.79 DECLINED reason=LIMIT_DECLINE
AUDIT txn=1064 account=19 amount=63.05 APPROVED
AUDIT txn=1075 account=9 amount=244.00 DECLINED reason=LIMIT_DECLINE
AUDIT txn=1068 account=12 amount=94.65 DECLINED reason=LIMIT_DECLINE
AUDIT txn=1065 account=8 amount=13714.24 DECLINED reason=CHECK_ERROR
AUDIT txn=1067 account=10 amount=253.90 APPROVED
AUDIT txn=1066 account=10 amount=257.65 APPROVED
AUDIT txn=1072 account=17 amount=230.98 APPROVED
AUDIT txn=1071 account=7 amount=90.60 DECLINED reason=SCORE_DECLINE
AUDIT txn=1070 account=5 amount=438.45 APPROVED
AUDIT txn=1074 account=5 amount=6.62 DECLINED reason=SCORE_DECLINE
AUDIT txn=1073 account=8 amount=99.42 DECLINED reason=LIMIT_DECLINE
AUDIT txn=1078 account=19 amount=260.13 APPROVED
AUDIT txn=1069 account=2 amount=231.85 DECLINED reason=FRAUD_TIMEOUT
AUDIT txn=1088 account=13 amount=10.27 APPROVED
AUDIT txn=1077 account=15 amount=362.49 DECLINED reason=LIMIT_DECLINE
AUDIT txn=1082 account=8 amount=434.09 DECLINED reason=LIMIT_DECLINE
AUDIT txn=1094 account=3 amount=200.95 DECLINED reason=SCORE_DECLINE
AUDIT txn=1079 account=2 amount=406.29 APPROVED
AUDIT txn=1081 account=20 amount=125.08 APPROVED
AUDIT txn=1080 account=4 amount=228.99 DECLINED reason=LIMIT_DECLINE
AUDIT txn=1083 account=15 amount=429.09 DECLINED reason=LIMIT_DECLINE
AUDIT txn=1076 account=15 amount=425.58 DECLINED reason=FRAUD_TIMEOUT
AUDIT txn=1084 account=20 amount=8.52 DECLINED reason=CHECK_ERROR
AUDIT txn=1085 account=10 amount=247.95 APPROVED
AUDIT txn=1086 account=2 amount=270.30 APPROVED
AUDIT txn=1089 account=7 amount=134.64 APPROVED
AUDIT txn=1090 account=2 amount=172.77 APPROVED
AUDIT txn=1097 account=13 amount=300.32 APPROVED
AUDIT txn=1091 account=10 amount=274.64 APPROVED
AUDIT txn=1087 account=19 amount=144.74 APPROVED
AUDIT txn=1095 account=6 amount=84.25 DECLINED reason=LIMIT_DECLINE
AUDIT txn=1092 account=7 amount=240.50 APPROVED
AUDIT txn=1093 account=20 amount=216.75 APPROVED
AUDIT txn=1096 account=10 amount=496.31 APPROVED
AUDIT txn=1098 account=1 amount=168.52 APPROVED
AUDIT txn=1100 account=3 amount=140.42 APPROVED
AUDIT txn=1110 account=19 amount=11130.49 DECLINED reason=SCORE_DECLINE
AUDIT txn=1103 account=4 amount=133.05 APPROVED
AUDIT txn=1099 account=8 amount=21.24 APPROVED
AUDIT txn=1105 account=4 amount=367.82 DECLINED reason=CHECK_ERROR
AUDIT txn=1104 account=16 amount=11703.24 DECLINED reason=SCORE_DECLINE
AUDIT txn=1101 account=7 amount=247.73 APPROVED
AUDIT txn=1106 account=18 amount=479.20 DECLINED reason=LIMIT_DECLINE
AUDIT txn=1111 account=19 amount=102.29 APPROVED
AUDIT txn=1102 account=4 amount=78.28 APPROVED
AUDIT txn=1107 account=7 amount=299.33 APPROVED
AUDIT txn=1108 account=1 amount=15.58 APPROVED
AUDIT txn=1109 account=18 amount=334.79 DECLINED reason=SCORE_DECLINE
AUDIT txn=1113 account=9 amount=169.75 DECLINED reason=LIMIT_DECLINE
AUDIT txn=1114 account=12 amount=361.41 DECLINED reason=LIMIT_DECLINE
AUDIT txn=1116 account=9 amount=171.52 DECLINED reason=LIMIT_DECLINE
AUDIT txn=1115 account=18 amount=254.02 DECLINED reason=LIMIT_DECLINE
AUDIT txn=1117 account=5 amount=298.02 APPROVED
AUDIT txn=1119 account=11 amount=12131.61 DECLINED reason=LIMIT_DECLINE
AUDIT txn=1118 account=12 amount=197.62 DECLINED reason=LIMIT_DECLINE
AUDIT txn=1112 account=14 amount=189.80 DECLINED reason=FRAUD_TIMEOUT
AUDIT txn=1120 account=10 amount=375.74 APPROVED
AUDIT txn=1121 account=10 amount=198.01 DECLINED reason=CHECK_ERROR
AUDIT txn=1122 account=9 amount=489.79 DECLINED reason=LIMIT_DECLINE
AUDIT txn=1123 account=6 amount=324.06 DECLINED reason=LIMIT_DECLINE
AUDIT txn=1125 account=10 amount=460.79 APPROVED
AUDIT txn=1127 account=8 amount=379.81 DECLINED reason=LIMIT_DECLINE
AUDIT txn=1129 account=5 amount=484.30 APPROVED
AUDIT txn=1139 account=17 amount=189.02 APPROVED
AUDIT txn=1126 account=16 amount=185.70 DECLINED reason=LIMIT_DECLINE
AUDIT txn=1124 account=14 amount=284.34 DECLINED reason=FRAUD_TIMEOUT
AUDIT txn=1132 account=12 amount=393.07 DECLINED reason=CHECK_ERROR
AUDIT txn=1130 account=3 amount=6.57 DECLINED reason=LIMIT_DECLINE
AUDIT txn=1131 account=15 amount=380.13 DECLINED reason=LIMIT_DECLINE
AUDIT txn=1134 account=17 amount=308.75 APPROVED
AUDIT txn=1128 account=10 amount=193.78 DECLINED reason=FRAUD_TIMEOUT
AUDIT txn=1136 account=16 amount=444.78 DECLINED reason=LIMIT_DECLINE
AUDIT txn=1133 account=17 amount=46.99 APPROVED
AUDIT txn=1144 account=1 amount=32.25 APPROVED
AUDIT txn=1135 account=19 amount=297.18 APPROVED
AUDIT txn=1138 account=7 amount=10660.73 DECLINED reason=LIMIT_DECLINE
AUDIT txn=1137 account=4 amount=205.84 DECLINED reason=LIMIT_DECLINE
AUDIT txn=1145 account=6 amount=327.24 DECLINED reason=LIMIT_DECLINE
AUDIT txn=1156 account=15 amount=150.08 DECLINED reason=LIMIT_DECLINE
AUDIT txn=1141 account=20 amount=146.91 APPROVED
AUDIT txn=1142 account=20 amount=217.46 APPROVED
AUDIT txn=1140 account=6 amount=379.15 DECLINED reason=LIMIT_DECLINE
AUDIT txn=1147 account=13 amount=325.76 APPROVED
AUDIT txn=1143 account=13 amount=10.08 DECLINED reason=SCORE_DECLINE
AUDIT txn=1146 account=1 amount=245.71 DECLINED reason=SCORE_DECLINE
AUDIT txn=1150 account=7 amount=234.97 APPROVED
AUDIT txn=1151 account=3 amount=246.62 DECLINED reason=LIMIT_DECLINE
AUDIT txn=1159 account=5 amount=119.00 DECLINED reason=SCORE_DECLINE
AUDIT txn=1149 account=13 amount=379.14 APPROVED
AUDIT txn=1148 account=7 amount=283.16 APPROVED
AUDIT txn=1152 account=1 amount=10.48 APPROVED
AUDIT txn=1155 account=3 amount=192.46 DECLINED reason=LIMIT_DECLINE
AUDIT txn=1153 account=20 amount=407.15 APPROVED
AUDIT txn=1154 account=12 amount=55.04 DECLINED reason=LIMIT_DECLINE
AUDIT txn=1157 account=6 amount=390.70 DECLINED reason=LIMIT_DECLINE
AUDIT txn=1162 account=1 amount=412.97 APPROVED
AUDIT txn=1158 account=4 amount=17555.58 DECLINED reason=LIMIT_DECLINE
AUDIT txn=1164 account=15 amount=34.48 DECLINED reason=LIMIT_DECLINE
AUDIT txn=1160 account=18 amount=473.98 DECLINED reason=LIMIT_DECLINE
AUDIT txn=1170 account=17 amount=154.41 DECLINED reason=SCORE_DECLINE
AUDIT txn=1163 account=4 amount=205.95 DECLINED reason=LIMIT_DECLINE
AUDIT txn=1161 account=17 amount=376.79 DECLINED reason=SCORE_DECLINE
AUDIT txn=1166 account=7 amount=393.28 APPROVED
AUDIT txn=1165 account=18 amount=473.88 DECLINED reason=SCORE_DECLINE
AUDIT txn=1167 account=16 amount=364.44 DECLINED reason=LIMIT_DECLINE
AUDIT txn=1169 account=10 amount=237.77 APPROVED
AUDIT txn=1184 account=14 amount=288.22 APPROVED
AUDIT txn=1168 account=12 amount=86.05 DECLINED reason=LIMIT_DECLINE
AUDIT txn=1171 account=18 amount=369.00 DECLINED reason=SCORE_DECLINE
AUDIT txn=1172 account=9 amount=273.79 DECLINED reason=LIMIT_DECLINE
AUDIT txn=1173 account=14 amount=15124.91 DECLINED reason=SCORE_DECLINE
AUDIT txn=1175 account=10 amount=75.09 APPROVED
AUDIT txn=1174 account=8 amount=454.53 DECLINED reason=LIMIT_DECLINE
AUDIT txn=1176 account=6 amount=104.11 DECLINED reason=LIMIT_DECLINE
AUDIT txn=1188 account=8 amount=247.87 DECLINED reason=LIMIT_DECLINE
AUDIT txn=1177 account=5 amount=140.32 APPROVED
AUDIT txn=1180 account=11 amount=20.77 APPROVED
AUDIT txn=1182 account=13 amount=238.70 APPROVED
AUDIT txn=1179 account=20 amount=182.56 DECLINED reason=LIMIT_DECLINE
AUDIT txn=1181 account=13 amount=19655.48 DECLINED reason=LIMIT_DECLINE
AUDIT txn=1178 account=1 amount=381.48 APPROVED
AUDIT txn=1185 account=18 amount=255.13 DECLINED reason=LIMIT_DECLINE
AUDIT txn=1183 account=9 amount=222.92 DECLINED reason=LIMIT_DECLINE
AUDIT txn=1195 account=2 amount=248.78 APPROVED
AUDIT txn=1190 account=7 amount=103.97 APPROVED
AUDIT txn=1187 account=1 amount=451.01 DECLINED reason=LIMIT_DECLINE
AUDIT txn=1204 account=16 amount=114.49 DECLINED reason=CHECK_ERROR
AUDIT txn=1186 account=9 amount=470.02 DECLINED reason=LIMIT_DECLINE
AUDIT txn=1189 account=10 amount=70.70 APPROVED
AUDIT txn=1192 account=18 amount=256.01 DECLINED reason=LIMIT_DECLINE
AUDIT txn=1193 account=15 amount=298.08 DECLINED reason=LIMIT_DECLINE
AUDIT txn=1191 account=1 amount=10473.33 DECLINED reason=LIMIT_DECLINE
AUDIT txn=1207 account=16 amount=94.51 APPROVED
AUDIT txn=1196 account=4 amount=154.78 DECLINED reason=LIMIT_DECLINE
AUDIT txn=1200 account=13 amount=489.28 APPROVED
AUDIT txn=1197 account=20 amount=120.45 DECLINED reason=SCORE_DECLINE
AUDIT txn=1213 account=15 amount=437.02 DECLINED reason=LIMIT_DECLINE
AUDIT txn=1201 account=1 amount=336.33 DECLINED reason=LIMIT_DECLINE
AUDIT txn=1198 account=16 amount=388.30 DECLINED reason=LIMIT_DECLINE
AUDIT txn=1202 account=16 amount=161.28 DECLINED reason=LIMIT_DECLINE
AUDIT txn=1199 account=9 amount=325.10 DECLINED reason=CHECK_ERROR
AUDIT txn=1194 account=6 amount=211.34 DECLINED reason=FRAUD_TIMEOUT
AUDIT txn=1205 account=5 amount=168.08 APPROVED
AUDIT txn=1209 account=13 amount=482.58 APPROVED
AUDIT txn=1206 account=14 amount=382.94 APPROVED
AUDIT txn=1203 account=9 amount=199.72 DECLINED reason=LIMIT_DECLINE
AUDIT txn=1211 account=15 amount=383.98 DECLINED reason=LIMIT_DECLINE
AUDIT txn=1212 account=6 amount=133.84 DECLINED reason=LIMIT_DECLINE
AUDIT txn=1208 account=4 amount=302.43 DECLINED reason=LIMIT_DECLINE
AUDIT txn=1210 account=7 amount=74.68 APPROVED
AUDIT txn=1217 account=16 amount=105.64 DECLINED reason=LIMIT_DECLINE
AUDIT txn=1214 account=18 amount=19075.74 DECLINED reason=LIMIT_DECLINE
AUDIT txn=1218 account=9 amount=19.93 DECLINED reason=FRAUD_TIMEOUT
AUDIT txn=1216 account=7 amount=67.70 APPROVED
AUDIT txn=1215 account=2 amount=119.61 APPROVED
AUDIT txn=1222 account=7 amount=346.02 APPROVED
AUDIT txn=1219 account=10 amount=57.20 APPROVED
AUDIT txn=1221 account=16 amount=476.77 DECLINED reason=LIMIT_DECLINE
AUDIT txn=1229 account=2 amount=301.80 APPROVED
AUDIT txn=1224 account=11 amount=430.21 APPROVED
AUDIT txn=1223 account=3 amount=417.65 DECLINED reason=LIMIT_DECLINE
AUDIT txn=1226 account=1 amount=243.25 DECLINED reason=LIMIT_DECLINE
AUDIT txn=1220 account=16 amount=208.24 DECLINED reason=LIMIT_DECLINE
AUDIT txn=1228 account=15 amount=354.01 DECLINED reason=LIMIT_DECLINE
AUDIT txn=1230 account=13 amount=220.82 APPROVED
AUDIT txn=1231 account=17 amount=132.87 APPROVED
AUDIT txn=1232 account=13 amount=397.15 APPROVED
AUDIT txn=1227 account=7 amount=442.45 APPROVED
AUDIT txn=1225 account=6 amount=154.54 DECLINED reason=CHECK_ERROR
AUDIT txn=1233 account=20 amount=472.05 DECLINED reason=LIMIT_DECLINE
AUDIT txn=1234 account=11 amount=299.77 DECLINED reason=CHECK_ERROR
AUDIT txn=1239 account=16 amount=12428.07 DECLINED reason=LIMIT_DECLINE
AUDIT txn=1235 account=19 amount=329.47 APPROVED
AUDIT txn=1236 account=18 amount=378.84 DECLINED reason=LIMIT_DECLINE
AUDIT txn=1241 account=3 amount=467.53 DECLINED reason=LIMIT_DECLINE
AUDIT txn=1242 account=18 amount=83.66 DECLINED reason=LIMIT_DECLINE
AUDIT txn=1240 account=17 amount=139.79 APPROVED
AUDIT txn=1237 account=6 amount=493.60 DECLINED reason=LIMIT_DECLINE
AUDIT txn=1243 account=15 amount=213.08 DECLINED reason=LIMIT_DECLINE
AUDIT txn=1245 account=13 amount=264.40 DECLINED reason=SCORE_DECLINE
AUDIT txn=1247 account=5 amount=164.18 APPROVED
AUDIT txn=1248 account=14 amount=377.50 APPROVED
AUDIT txn=1246 account=3 amount=471.72 DECLINED reason=LIMIT_DECLINE
AUDIT txn=1238 account=15 amount=410.54 DECLINED reason=FRAUD_TIMEOUT
AUDIT txn=1250 account=6 amount=290.09 DECLINED reason=LIMIT_DECLINE
AUDIT txn=1244 account=15 amount=125.93 DECLINED reason=LIMIT_DECLINE
AUDIT txn=1249 account=7 amount=226.51 APPROVED
AUDIT txn=1253 account=6 amount=465.92 DECLINED reason=LIMIT_DECLINE
AUDIT txn=1251 account=19 amount=81.27 APPROVED
AUDIT txn=1256 account=10 amount=273.35 DECLINED reason=CHECK_ERROR
AUDIT txn=1257 account=15 amount=15752.58 DECLINED reason=SCORE_DECLINE
AUDIT txn=1252 account=12 amount=228.78 DECLINED reason=LIMIT_DECLINE
AUDIT txn=1255 account=14 amount=386.94 APPROVED
AUDIT txn=1254 account=20 amount=499.68 DECLINED reason=LIMIT_DECLINE
AUDIT txn=1261 account=14 amount=162.90 APPROVED
AUDIT txn=1259 account=19 amount=14843.45 DECLINED reason=SCORE_DECLINE
AUDIT txn=1258 account=13 amount=401.39 APPROVED
AUDIT txn=1266 account=6 amount=488.73 DECLINED reason=LIMIT_DECLINE
AUDIT txn=1260 account=5 amount=31.32 DECLINED reason=CHECK_ERROR
AUDIT txn=1264 account=10 amount=418.94 APPROVED
AUDIT txn=1263 account=11 amount=160.85 APPROVED
AUDIT txn=1267 account=20 amount=47.53 APPROVED
AUDIT txn=1265 account=1 amount=126.46 DECLINED reason=LIMIT_DECLINE
AUDIT txn=1270 account=4 amount=25.78 DECLINED reason=LIMIT_DECLINE
AUDIT txn=1269 account=7 amount=384.46 APPROVED
AUDIT txn=1268 account=17 amount=13.17 APPROVED
AUDIT txn=1262 account=16 amount=142.91 DECLINED reason=FRAUD_TIMEOUT
AUDIT txn=1271 account=13 amount=341.93 APPROVED
AUDIT txn=1276 account=1 amount=121.67 DECLINED reason=LIMIT_DECLINE
AUDIT txn=1272 account=5 amount=327.87 DECLINED reason=SCORE_DECLINE
AUDIT txn=1279 account=14 amount=121.72 APPROVED
AUDIT txn=1273 account=14 amount=243.36 APPROVED
AUDIT txn=1274 account=5 amount=435.24 APPROVED
AUDIT txn=1275 account=10 amount=389.50 APPROVED
AUDIT txn=1278 account=1 amount=193.19 DECLINED reason=LIMIT_DECLINE
AUDIT txn=1277 account=11 amount=251.01 APPROVED
AUDIT txn=1291 account=16 amount=338.26 DECLINED reason=CHECK_ERROR
AUDIT txn=1284 account=15 amount=309.40 DECLINED reason=LIMIT_DECLINE
AUDIT txn=1281 account=6 amount=15634.40 DECLINED reason=LIMIT_DECLINE
AUDIT txn=1280 account=2 amount=177.09 APPROVED
AUDIT txn=1282 account=17 amount=192.17 DECLINED reason=LIMIT_DECLINE
AUDIT txn=1285 account=19 amount=61.75 APPROVED
AUDIT txn=1283 account=9 amount=250.92 DECLINED reason=SCORE_DECLINE
AUDIT txn=1286 account=7 amount=15.05 APPROVED
AUDIT txn=1297 account=3 amount=120.10 DECLINED reason=LIMIT_DECLINE
AUDIT txn=1290 account=4 amount=40.23 DECLINED reason=LIMIT_DECLINE
AUDIT txn=1287 account=8 amount=324.65 DECLINED reason=LIMIT_DECLINE
AUDIT txn=1289 account=11 amount=327.07 APPROVED
AUDIT txn=1288 account=4 amount=411.84 DECLINED reason=LIMIT_DECLINE
AUDIT txn=1292 account=7 amount=491.67 APPROVED
AUDIT txn=1293 account=11 amount=131.43 APPROVED
AUDIT txn=1296 account=15 amount=157.63 DECLINED reason=LIMIT_DECLINE
AUDIT txn=1295 account=17 amount=125.25 DECLINED reason=LIMIT_DECLINE
AUDIT txn=1299 account=20 amount=265.77 DECLINED reason=SCORE_DECLINE
AUDIT txn=1305 account=4 amount=10030.81 DECLINED reason=CHECK_ERROR
AUDIT txn=1298 account=1 amount=103.32 DECLINED reason=LIMIT_DECLINE
AUDIT txn=1300 account=8 amount=315.14 DECLINED reason=LIMIT_DECLINE
AUDIT txn=1302 account=5 amount=239.83 APPROVED
AUDIT txn=1304 account=11 amount=128.24 APPROVED
AUDIT txn=1301 account=15 amount=291.82 DECLINED reason=CHECK_ERROR
AUDIT txn=1294 account=14 amount=102.93 DECLINED reason=FRAUD_TIMEOUT
AUDIT txn=1306 account=12 amount=302.94 DECLINED reason=LIMIT_DECLINE
AUDIT txn=1316 account=1 amount=179.11 DECLINED reason=LIMIT_DECLINE
AUDIT txn=1308 account=15 amount=70.56 DECLINED reason=LIMIT_DECLINE
AUDIT txn=1309 account=6 amount=466.96 DECLINED reason=LIMIT_DECLINE
AUDIT txn=1311 account=16 amount=452.54 DECLINED reason=LIMIT_DECLINE
AUDIT txn=1307 account=5 amount=282.72 APPROVED
AUDIT txn=1303 account=11 amount=32.23 DECLINED reason=FRAUD_TIMEOUT
AUDIT txn=1313 account=3 amount=262.85 DECLINED reason=LIMIT_DECLINE
AUDIT txn=1315 account=7 amount=181.07 APPROVED
AUDIT txn=1312 account=4 amount=319.64 DECLINED reason=LIMIT_DECLINE
AUDIT txn=1310 account=11 amount=184.75 APPROVED
AUDIT txn=1323 account=5 amount=211.50 APPROVED
AUDIT txn=1319 account=17 amount=432.05 DECLINED reason=LIMIT_DECLINE
AUDIT txn=1314 account=3 amount=78.05 DECLINED reason=LIMIT_DECLINE
AUDIT txn=1320 account=13 amount=358.51 APPROVED
AUDIT txn=1318 account=17 amount=181.94 DECLINED reason=LIMIT_DECLINE
AUDIT txn=1321 account=9 amount=459.60 DECLINED reason=LIMIT_DECLINE
AUDIT txn=1317 account=3 amount=127.71 DECLINED reason=LIMIT_DECLINE
AUDIT txn=1322 account=15 amount=18357.75 DECLINED reason=LIMIT_DECLINE
AUDIT txn=1327 account=6 amount=217.95 DECLINED reason=LIMIT_DECLINE
AUDIT txn=1324 account=2 amount=13806.26 DECLINED reason=LIMIT_DECLINE
AUDIT txn=1326 account=4 amount=130.89 DECLINED reason=SCORE_DECLINE
AUDIT txn=1329 account=14 amount=418.32 APPROVED
AUDIT txn=1325 account=19 amount=349.02 APPROVED
AUDIT txn=1330 account=1 amount=62.22 APPROVED
AUDIT txn=1332 account=3 amount=140.73 DECLINED reason=LIMIT_DECLINE
AUDIT txn=1328 account=9 amount=14862.13 DECLINED reason=SCORE_DECLINE
AUDIT txn=1331 account=9 amount=303.14 DECLINED reason=LIMIT_DECLINE
AUDIT txn=1333 account=4 amount=313.62 DECLINED reason=LIMIT_DECLINE
AUDIT txn=1334 account=19 amount=215.49 APPROVED
AUDIT txn=1339 account=15 amount=39.50 DECLINED reason=LIMIT_DECLINE
AUDIT txn=1337 account=10 amount=50.75 APPROVED
AUDIT txn=1336 account=8 amount=323.78 DECLINED reason=LIMIT_DECLINE
AUDIT txn=1340 account=14 amount=350.00 APPROVED
AUDIT txn=1335 account=10 amount=432.56 APPROVED
AUDIT txn=1338 account=5 amount=153.50 APPROVED
AUDIT txn=1341 account=2 amount=327.94 APPROVED
AUDIT txn=1342 account=13 amount=92.53 APPROVED
AUDIT txn=1346 account=2 amount=213.01 APPROVED
AUDIT txn=1343 account=6 amount=352.18 DECLINED reason=LIMIT_DECLINE
AUDIT txn=1345 account=17 amount=421.22 DECLINED reason=SCORE_DECLINE
AUDIT txn=1344 account=2 amount=152.02 APPROVED
AUDIT txn=1347 account=9 amount=286.97 DECLINED reason=LIMIT_DECLINE
AUDIT txn=1348 account=19 amount=487.58 APPROVED
AUDIT txn=1351 account=2 amount=465.65 APPROVED
AUDIT txn=1349 account=15 amount=288.47 DECLINED reason=LIMIT_DECLINE
AUDIT txn=1353 account=10 amount=483.06 DECLINED reason=SCORE_DECLINE
AUDIT txn=1355 account=16 amount=325.22 DECLINED reason=LIMIT_DECLINE
AUDIT txn=1350 account=18 amount=329.99 DECLINED reason=CHECK_ERROR
AUDIT txn=1354 account=20 amount=456.53 DECLINED reason=LIMIT_DECLINE
AUDIT txn=1352 account=16 amount=91.70 DECLINED reason=LIMIT_DECLINE
AUDIT txn=1357 account=14 amount=35.60 APPROVED
AUDIT txn=1359 account=17 amount=128.53 DECLINED reason=LIMIT_DECLINE
AUDIT txn=1356 account=8 amount=365.14 DECLINED reason=LIMIT_DECLINE
AUDIT txn=1358 account=12 amount=473.26 DECLINED reason=LIMIT_DECLINE
AUDIT txn=1360 account=15 amount=121.59 DECLINED reason=LIMIT_DECLINE
AUDIT txn=1361 account=12 amount=333.06 DECLINED reason=LIMIT_DECLINE
AUDIT txn=1362 account=1 amount=30.10 DECLINED reason=LIMIT_DECLINE
AUDIT txn=1370 account=8 amount=453.53 DECLINED reason=LIMIT_DECLINE
AUDIT txn=1363 account=7 amount=28.09 APPROVED
AUDIT txn=1364 account=11 amount=30.14 DECLINED reason=CHECK_ERROR
AUDIT txn=1366 account=5 amount=365.60 APPROVED
AUDIT txn=1365 account=9 amount=318.98 DECLINED reason=LIMIT_DECLINE
AUDIT txn=1368 account=2 amount=184.85 APPROVED
AUDIT txn=1372 account=2 amount=168.04 APPROVED
AUDIT txn=1371 account=10 amount=320.11 DECLINED reason=SCORE_DECLINE
AUDIT txn=1369 account=19 amount=304.46 DECLINED reason=LIMIT_DECLINE
AUDIT txn=1373 account=19 amount=334.28 DECLINED reason=LIMIT_DECLINE
AUDIT txn=1375 account=3 amount=444.17 DECLINED reason=LIMIT_DECLINE
